text_id,level,reading_regime,sum_TF,Sacc_RT,PARAGRAPH_RT,n_words,TF_per_word,SaccT_per_word,P_RT_per_word,words_per_sec_based_TF,words_per_sec_based_SaccT,words_per_sec_based_P_RT
1_10_1,Adv,Hunting0,25345.8,5253.181818181818,30598.98181818182,98,258.630612244898,53.603896103896105,312.23450834879407,3.866518318616891,18.655360387643853,3.202720946151506
1_10_1,Ele,Hunting0,16086.035714285714,3794.0535714285716,19880.089285714286,73,220.35665362035223,51.97333659491194,272.3299902152642,4.53809759574076,19.240635016261347,3.6720157012804444
1_10_2,Adv,Hunting0,23086.64285714286,5204.75,28291.39285714286,89,259.40048154093097,58.48033707865169,317.88081861958267,3.8550429592869095,17.099764638070994,3.145833096638427
1_10_2,Ele,Hunting0,21611.072727272727,4762.418181818181,26373.49090909091,91,237.48431568431567,52.33426573426573,289.8185814185814,4.210804394043794,19.107939816670676,3.4504343893523934
1_10_3,Adv,Hunting0,31654.854545454546,6844.890909090909,38499.74545454545,109,290.4115095913261,62.79716430358632,353.2086738949124,3.4433896969415003,15.924285930581268,2.8311875497642016
1_10_3,Ele,Hunting0,15475.732142857143,3833.0,19308.73214285714,73,211.99633072407045,52.50684931506849,264.5031800391389,4.7170627745514,19.04513435950952,3.7806728820879525
1_10_4,Adv,Hunting0,39595.10909090909,8931.818181818182,48526.92727272727,165,239.97035812672178,54.13223140495868,294.1025895316804,4.167181346089118,18.473282442748094,3.400174073925592
1_10_4,Ele,Hunting0,28382.125,6348.428571428572,34730.55357142857,132,215.0160984848485,48.09415584415584,263.11025432900436,4.6508145531738725,20.79254708701816,3.8006880520496824
1_10_5,Adv,Hunting0,36615.87272727273,7458.872727272727,44074.74545454545,119,307.6964094728801,62.67960275019099,370.37601222307103,3.249956675520254,15.954153442635738,2.6999588715203227
1_10_5,Ele,Hunting0,21897.85714285714,4877.857142857143,26775.714285714286,88,248.8392857142857,55.43019480519481,304.2694805194805,4.018658055256549,18.04070874212915,3.286560315851251
1_10_6,Adv,Hunting0,31775.73214285714,7386.464285714285,39162.19642857143,128,248.24790736607142,57.706752232142854,305.9546595982143,4.028231337819012,17.328994637875265,3.268458147730843
1_10_6,Ele,Hunting0,22202.890909090907,4637.181818181818,26840.072727272727,90,246.69878787878787,51.52424242424242,298.2230303030303,4.053526199291002,19.408339704757985,3.353195086857914
1_10_7,Adv,Hunting0,26929.535714285714,6156.75,33086.28571428572,135,199.47804232804233,45.605555555555554,245.08359788359792,5.013083085884193,21.92715312461932,4.080240410355607
1_10_7,Ele,Hunting0,20795.381818181817,4701.072727272727,25496.454545454544,104,199.95559440559438,45.202622377622376,245.15821678321677,5.00111038639698,22.1226103133134,4.078998506031142
1_1_1,Adv,Hunting0,29356.803571428572,6480.035714285715,35836.83928571428,112,262.11431760204084,57.85746173469388,319.97177933673464,3.8151292502772236,17.283855357940045,3.1252756167212214
1_1_1,Ele,Hunting0,23506.30909090909,4927.8,28434.109090909093,104,226.0222027972028,47.38269230769231,273.4048951048951,4.424344102589092,21.104752627947562,3.6575789896385644
1_1_2,Adv,Hunting0,24555.64285714286,5687.910714285715,30243.553571428572,113,217.30657395701644,50.335493046776236,267.6420670037927,4.601793594140421,19.86669722437626,3.736333421703208
1_1_2,Ele,Hunting0,17283.81818181818,3947.8,21231.618181818183,85,203.33903743315506,46.44470588235294,249.78374331550805,4.917894825427884,21.530979279598764,4.003463102628241
1_1_3,Adv,Hunting0,21215.927272727273,4455.654545454546,25671.581818181818,86,246.69682875264272,51.80993657505286,298.5067653276956,4.053558390094577,19.301316814997083,3.35000782612822
1_1_3,Ele,Hunting0,13642.839285714286,3164.910714285714,16807.75,63,216.5530045351474,50.23667800453514,266.78968253968253,4.617807091370538,19.905774818743478,3.748270886942036
1_1_4,Adv,Hunting0,22645.127272727274,4918.254545454545,27563.381818181817,91,248.84755244755246,54.04675324675324,302.8943056943057,4.018524555152142,18.502499038831218,3.301481675952153
1_1_4,Ele,Hunting0,15820.392857142857,3705.285714285714,19525.678571428572,66,239.70292207792207,56.14069264069264,295.84361471861473,4.171830661600873,17.81239156417473,3.3801642159866403
1_1_5,Adv,Hunting0,15895.163636363637,3353.509090909091,19248.672727272726,74,214.7995085995086,45.317690417690415,260.11719901719897,4.655504132760794,22.066437869694163,3.8444209140276024
1_1_5,Ele,Hunting0,12211.339285714286,2886.75,15098.089285714286,54,226.1359126984127,53.458333333333336,279.594246031746,4.422119370900875,18.706157443491815,3.5766115154117184
1_1_6,Adv,Hunting0,31678.660714285714,7121.089285714285,38799.75,121,261.80711334120423,58.85197756788666,320.65909090909093,3.819605919938219,16.99178245703782,3.1185767949535754
1_1_6,Ele,Hunting0,17203.581818181818,3730.7454545454543,20934.327272727274,77,223.42314049586776,48.45123966942148,271.87438016528927,4.4758121194634946,20.639306792208234,3.6781693052211764
1_1_7,Adv,Hunting0,33053.490909090906,7283.309090909091,40336.8,134,246.667842605156,54.35305291723202,301.02089552238806,4.0540347271805155,18.39823057451408,3.3220285198627555
1_1_7,Ele,Hunting0,18714.589285714286,4514.875,23229.464285714286,86,217.61150332225915,52.49854651162791,270.11004983388705,4.59534530451319,19.048146404939228,3.702194718837683
1_2_1,Adv,Hunting0,32485.49090909091,7380.327272727272,39865.818181818184,130,249.8883916083916,56.77174825174825,306.66013986013985,4.001786531833512,17.614395025596306,3.2609389679926295
1_2_1,Ele,Hunting0,22745.85714285714,5322.0,28067.85714285714,100,227.45857142857142,53.22,280.6785714285714,4.396404996828308,18.789928598271327,3.5627942486321413
1_2_2,Adv,Hunting0,32122.745454545453,7339.581818181819,39462.32727272727,125,256.9819636363636,58.716654545454546,315.6986181818182,3.8913236783225256,17.030943055958105,3.167578007655633
1_2_2,Ele,Hunting0,30717.035714285714,7336.357142857143,38053.392857142855,126,243.7859977324263,58.2250566893424,302.0110544217687,4.101958313034763,17.174736391163382,3.311137077133164
1_2_3,Adv,Hunting0,32327.196428571428,7497.125,39824.32142857143,138,234.2550465838509,54.32699275362319,288.5820393374741,4.268851470152012,18.407056038147957,3.465219118611114
1_2_3,Ele,Hunting0,23630.854545454546,5152.054545454545,28782.909090909092,81,291.7389450056117,63.605611672278336,355.34455667789,3.427721999819958,15.72188323810801,2.814170025141182
1_2_4,Adv,Hunting0,30466.35714285714,7645.839285714285,38112.19642857143,143,213.05144855144854,53.46740759240759,266.5188561438561,4.693701952270538,18.702982714688428,3.7520797382540176
1_2_4,Ele,Hunting0,23184.945454545454,5030.509090909091,28215.454545454544,100,231.84945454545453,50.305090909090914,282.1545454545454,4.313143638662079,19.878703763942198,3.5441569739343364
1_2_5,Adv,Hunting0,26643.23214285714,6375.232142857143,33018.46428571428,115,231.68027950310557,55.43680124223603,287.1170807453416,4.3162931352842895,18.038558819986946,3.482899719529225
1_2_5,Ele,Hunting0,20432.945454545454,4695.327272727272,25128.272727272728,83,246.18006571741512,56.57020810514786,302.750273822563,4.062067320868615,17.67714904179397,3.3030523387274746
1_2_6,Adv,Hunting0,21222.327272727274,4504.2,25726.52727272727,67,316.75115332428766,67.22686567164179,383.9780189959294,3.1570524353425378,14.875005550375205,2.604315743424368
1_2_6,Ele,Hunting0,12629.517857142857,3209.4285714285716,15838.94642857143,58,217.75030788177338,55.33497536945813,273.08528325123154,4.592416009546796,18.071752871005074,3.6618597241654554
1_3_1,Adv,Hunting0,20606.29090909091,4145.527272727273,24751.81818181818,81,254.3986531986532,51.179349046015716,305.5780022446689,3.9308384200411877,19.539130892440483,3.2724868696514493
1_3_1,Ele,Hunting0,17150.178571428572,3759.5535714285716,20909.73214285714,86,199.42068106312294,43.71573920265781,243.1364202657807,5.014525046594684,22.875056403923338,4.1129173445379585
1_3_2,Adv,Hunting0,20541.48214285714,4525.482142857143,25066.964285714286,76,270.28265977443607,59.54581766917293,329.828477443609,3.6998303954628398,16.793790716853373,3.0318788958147818
1_3_2,Ele,Hunting0,18323.30909090909,4018.3636363636365,22341.672727272726,65,281.8970629370629,61.820979020979024,343.7180419580419,3.547394178502891,16.17573865435953,2.9093613890715435
1_3_3,Adv,Hunting0,27322.0,5863.854545454546,33185.854545454546,106,257.75471698113205,55.319382504288164,313.0740994854202,3.8796574189298,18.076846752989034,3.1941320014770804
1_3_3,Ele,Hunting0,18868.785714285714,4152.053571428572,23020.839285714286,95,198.6187969924812,43.705827067669176,242.32462406015037,5.0347701987030735,22.880244285314927,4.126695765560242
1_3_4,Adv,Hunting0,25718.375,6063.071428571428,31781.446428571428,113,227.5962389380531,53.655499367888744,281.25173830594184,4.3937457168269765,18.63741856437685,3.5555335800705827
1_3_4,Ele,Hunting0,18023.854545454546,3827.2727272727275,21851.127272727274,79,228.1500575373993,48.44649021864212,276.59654775604145,4.3830802007844145,20.641330166270784,3.6153741184145276
1_3_5,Adv,Hunting0,40056.33928571428,9129.285714285714,49185.625,160,250.35212053571428,57.05803571428571,307.41015625,3.994373995555368,17.526015178781,3.252982959960354
1_3_5,Ele,Hunting0,16900.21818181818,3434.2181818181816,20334.436363636363,69,244.93069828722003,49.77127799736495,294.701976284585,4.082787527218583,20.091909234336782,3.3932585475243964
1_4_1,Adv,Hunting0,34476.44642857143,8679.660714285714,43156.107142857145,155,222.4286866359447,55.99781105990783,278.42649769585256,4.4958229764523505,17.857840888283572,3.5916121787100153
1_4_1,Ele,Hunting0,28188.0,6229.818181818182,34417.818181818184,128,220.21875,48.67045454545455,268.88920454545456,4.54093940683979,20.54634601914546,3.719003898614882
1_4_2,Adv,Hunting0,38037.82142857143,9311.267857142857,47349.08928571428,158,240.74570524412295,58.93207504520795,299.6777802893309,4.15376049589741,16.968688091041766,3.3369174018658527
1_4_2,Ele,Hunting0,31385.054545454546,6798.763636363637,38183.818181818184,141,222.58903932946487,48.21818181818182,270.8072211476467,4.492584194677489,20.739064856711916,3.6926637176147916
1_4_3,Adv,Hunting0,30311.745454545453,6465.872727272727,36777.61818181818,106,285.95986277873067,60.998799313893656,346.9586620926243,3.4969942644495444,16.393765307643207,2.8821877337451784
1_4_3,Ele,Hunting0,20433.214285714286,4897.410714285715,25330.625,82,249.18554006968643,59.72452090592335,308.9100609756098,4.013073951724259,16.743541594501465,3.2371881862370153
1_4_4,Adv,Hunting0,42270.05454545454,9677.945454545454,51948.0,159,265.8493996569468,60.86758147512864,326.7169811320755,3.761528148231308,16.429106854009213,3.060753060753061
1_4_4,Ele,Hunting0,31071.51785714286,7609.946428571428,38681.46428571428,123,252.61396631823462,61.8694831591173,314.4834494773519,3.9586093143410506,16.163057277012932,3.1798175759707723
1_4_5,Adv,Hunting0,23620.196428571428,5446.017857142857,29066.214285714286,88,268.41132305194805,61.88656655844156,330.29788961038963,3.725625240506195,16.158595566223028,3.0275700555627916
1_4_5,Ele,Hunting0,22129.6,5172.909090909091,27302.50909090909,86,257.3209302325581,60.15010570824524,317.4710359408034,3.8861976718964644,16.62507468981758,3.149893649468114
1_5_1,Adv,Hunting0,18397.327272727274,3647.7272727272725,22045.054545454546,72,255.51843434343436,50.66287878787878,306.1813131313131,3.91361195746813,19.738317757009348,3.2660386415258666
1_5_1,Ele,Hunting0,13374.714285714286,2915.875,16290.589285714286,69,193.83643892339546,42.25905797101449,236.09549689440993,5.158988710039199,23.663565825009645,4.235574219559276
1_5_2,Adv,Hunting0,35575.43636363636,7855.345454545454,43430.781818181815,154,231.00932703659976,51.008736717827624,282.0180637544274,4.328829544798275,19.604484728407293,3.5458721568657006
1_5_2,Ele,Hunting0,27257.964285714286,6191.625,33449.58928571428,134,203.41764392324095,46.20615671641791,249.62380063965884,4.9159944079253375,21.64213756485575,4.0060282610773035
1_5_3,Adv,Hunting0,32853.357142857145,7684.375,40537.732142857145,115,285.6813664596273,66.82065217391305,352.5020186335404,3.5004033073375846,14.965433102887353,2.836863186986727
1_5_3,Ele,Hunting0,24561.545454545456,5388.945454545455,29950.49090909091,87,282.3166144200627,61.94190177638453,344.25851619644726,3.5421223864355587,16.144160436179114,2.9047937899940326
1_5_4,Adv,Hunting0,42165.69090909091,9706.927272727273,51872.61818181818,156,270.29289044289044,62.22389277389277,332.5167832167832,3.699690355752393,16.070997094858217,3.00736699761724
1_5_4,Ele,Hunting0,26484.714285714286,5862.089285714285,32346.803571428572,110,240.77012987012986,53.291720779220775,294.0618506493507,4.1533391228363525,18.764640836854245,3.4006451288794817
1_5_5,Adv,Hunting0,24758.10714285714,5652.928571428572,30411.035714285714,81,305.65564373897706,69.78924162257496,375.444885361552,3.2716556048740166,14.328856092290975,2.663506786187815
1_5_5,Ele,Hunting0,23345.545454545456,5217.290909090909,28562.836363636365,71,328.81049935979513,73.48297055057618,402.29346991037136,3.0412654156331165,13.608595195695434,2.48574753207601
1_6_1,Adv,Hunting0,20681.47272727273,4639.090909090909,25320.563636363637,86,240.48224101479917,53.94291754756871,294.42515856236787,4.158311215747779,18.538114834411132,3.3964488798540318
1_6_1,Ele,Hunting0,14272.32142857143,3697.160714285714,17969.48214285714,61,233.97248243559721,60.60919203747073,294.5816744730679,4.274006881451361,16.49914751184548,3.394644292754283
1_6_2,Adv,Hunting0,28273.48214285714,6647.464285714285,34920.94642857143,114,248.0130012531328,58.31109022556391,306.32409147869674,4.032046686856375,17.14939638637719,3.264516333575888
1_6_2,Ele,Hunting0,25871.763636363637,5830.854545454546,31702.618181818183,107,241.7921835174172,54.493967714528466,296.2861512319456,4.135782991214711,18.350654979622508,3.3751155625804348
1_6_3,Adv,Hunting0,29085.8,6485.436363636363,35571.236363636366,100,290.858,64.85436363636363,355.71236363636365,3.4381038169828577,15.419162935696484,2.811260170372589
1_6_3,Ele,Hunting0,22724.928571428572,5544.875,28269.803571428572,89,255.3362760834671,62.30196629213483,317.6382423756019,3.9164039490930347,16.05085777407065,3.1482355289496806
1_6_4,Adv,Hunting0,22995.25,5292.678571428572,28287.928571428572,105,219.00238095238095,50.406462585034014,269.40884353741495,4.56616040269186,19.83872600290158,3.7118306395206435
1_6_4,Ele,Hunting0,22317.18181818182,4778.854545454546,27096.036363636365,104,214.58828671328672,45.950524475524475,260.5388111888112,4.660086602658367,21.762537237907903,3.838199750114408
1_7_1,Adv,Hunting0,29062.85714285714,6594.428571428572,35657.28571428572,152,191.203007518797,43.3843984962406,234.5874060150376,5.230043255996854,23.049760620437166,4.262803434281112
1_7_1,Ele,Hunting0,25176.654545454545,5497.727272727273,30674.381818181817,134,187.8854816824966,41.02781546811398,228.91329715061056,5.322391017363849,24.373708143861098,4.368466194176841
1_7_2,Adv,Hunting0,26604.303571428572,5977.714285714285,32582.01785714286,134,198.539578891258,44.60980810234541,243.14938699360343,5.036779092534035,22.41659497180002,4.112698009912347
1_7_2,Ele,Hunting0,28579.672727272726,6207.127272727273,34786.8,130,219.84363636363636,47.74713286713287,267.59076923076924,4.548687496898622,20.943665932417865,3.7370496855128956
1_7_3,Adv,Hunting0,35709.181818181816,8768.309090909092,44477.490909090906,148,241.27825552825553,59.2453316953317,300.5235872235872,4.14459229991777,16.878967023806805,3.327525833291774
1_7_3,Ele,Hunting0,25535.35714285714,5878.821428571428,31414.178571428572,121,211.03600944510035,48.58530106257379,259.62131050767414,4.738527811577785,20.58235676490064,3.851763932801044
1_7_4,Adv,Hunting0,32185.545454545456,7035.872727272727,39221.41818181818,156,206.31759906759908,45.101748251748255,251.4193473193473,4.8468962634271175,22.172089525625818,3.977418646027356
1_7_4,Ele,Hunting0,24955.660714285714,5663.696428571428,30619.35714285714,134,186.23627398720683,42.266391257995735,228.50266524520254,5.369523232991083,23.65946015821318,4.376316569117109
1_8_1,Adv,Hunting0,26068.089285714286,6066.857142857143,32134.946428571428,128,203.65694754464286,47.39732142857143,251.05426897321428,4.910217952573378,21.098238673824998,3.983202532623307
1_8_1,Ele,Hunting0,23440.69090909091,5247.727272727273,28688.418181818182,120,195.3390909090909,43.73106060606061,239.0701515151515,5.119303030162002,22.867042009527932,4.182872657512091
1_8_2,Adv,Hunting0,38519.145454545454,8619.018181818183,47138.163636363635,133,289.61763499658235,64.80464798359536,354.4222829801777,3.45282841637665,15.430991929053297,2.8214930268815195
1_8_2,Ele,Hunting0,30928.875,7500.714285714285,38429.58928571428,111,278.6385135135135,67.57400257400258,346.21251608751606,3.5888793239327326,14.798590610418056,2.8883993314303478
1_8_3,Adv,Hunting0,33221.472727272725,7580.963636363636,40802.43636363636,148,224.46941031941031,51.222727272727276,275.6921375921376,4.454950002216529,19.522584080220074,3.6272343808346563
1_8_3,Ele,Hunting0,26347.089285714286,6458.410714285715,32805.5,117,225.18879731379732,55.20009157509158,280.3888888888889,4.440718241443044,18.11591197524822,3.5664751337428173
1_8_4,Adv,Hunting0,35413.38181818182,8063.672727272728,43477.05454545454,141,251.15873629916186,57.18916827852998,308.3479045776918,3.9815457536339625,17.485828699757835,3.243089981005655
1_8_4,Ele,Hunting0,29869.89285714286,7027.946428571428,36897.83928571428,138,216.44849896480332,50.927148033126294,267.3756469979296,4.620036658986533,19.635892419295416,3.7400564009022985
1_8_5,Adv,Hunting0,27086.339285714286,6172.75,33259.08928571428,99,273.5993867243867,62.351010101010104,335.9503968253968,3.654978952885449,16.03823255437204,2.976629911587005
1_8_5,Ele,Hunting0,22210.872727272726,4860.872727272727,27071.745454545453,82,270.86430155210644,59.278935698447896,330.1432372505543,3.6918855466364553,16.86939868635636,3.0289882910461494
1_9_1,Adv,Hunting0,18918.35714285714,4599.785714285715,23518.14285714286,88,214.98133116883116,52.27029220779221,267.2516233766234,4.651566694480419,19.131325993446897,3.7417920511216263
1_9_1,Ele,Hunting0,15412.618181818181,3408.981818181818,18821.6,70,220.18025974025974,48.69974025974026,268.88,4.541733219770341,20.533990421026807,3.719131210949122
1_9_2,Adv,Hunting0,30541.49090909091,6520.018181818182,37061.509090909094,111,275.14856674856674,58.738902538902536,333.88746928746934,3.634400178118351,17.0244924024194,2.995021053452663
1_9_2,Ele,Hunting0,25883.196428571428,6224.196428571428,32107.39285714286,96,269.6166294642857,64.83537946428571,334.45200892857144,3.7089700364066873,15.423677755304041,2.989965595373562
1_9_3,Adv,Hunting0,21308.090909090908,4495.818181818182,25803.909090909092,71,300.1139564660691,63.32138284250961,363.43533930857876,3.332067631160166,15.792453593238161,2.751521087361675
1_9_3,Ele,Hunting0,14110.232142857143,3717.035714285714,17827.26785714286,58,243.2798645320197,64.08682266009852,307.36668719211826,4.110492259290054,15.603831778394843,3.253443010155991
1_9_4,Adv,Hunting0,25596.875,5994.339285714285,31591.214285714286,89,287.6053370786517,67.35212680577848,354.9574638844302,3.4769869368819437,14.847341092637995,2.8172389701476677
1_9_4,Ele,Hunting0,26138.327272727274,5669.945454545455,31808.272727272728,91,287.23436563436564,62.30709290709291,349.54145854145855,3.4814775655115997,16.0495371127508,2.860890963185678
1_9_5,Adv,Hunting0,27329.053571428572,6199.964285714285,33529.017857142855,120,227.7421130952381,51.66636904761904,279.4084821428571,4.390931419793299,19.354950201326044,3.5789894148192536
1_9_5,Ele,Hunting0,19695.454545454544,4119.454545454545,23814.909090909092,75,262.60606060606057,54.9260606060606,317.53212121212124,3.8079852296330485,18.20629386061703,3.1492876883846637
1_9_6,Adv,Hunting0,26455.964285714286,6626.821428571428,33082.78571428572,121,218.6443329397875,54.76711924439197,273.4114521841795,4.573637864537702,18.259130912794866,3.657491271895828
1_9_6,Ele,Hunting0,27406.127272727274,6305.327272727272,33711.454545454544,123,222.8140428677014,51.26282335550628,274.0768662232077,4.488047463838544,19.50731416147385,3.648611478159568
2_10_1,Adv,Hunting0,27850.34,6015.98,33866.32,133,209.40105263157895,45.23293233082706,254.633984962406,4.775525182098316,22.10778626258731,3.9272055540726005
2_10_1,Ele,Hunting0,22460.469387755104,4737.65306122449,27198.122448979593,105,213.90923226433432,45.12050534499514,259.02973760932946,4.674880038671116,22.162872342716838,3.860560602922771
2_10_2,Adv,Hunting0,28225.9,6378.9,34604.8,129,218.80542635658915,49.448837209302326,268.2542635658915,4.570270567103263,20.222922447443917,3.727806547068614
2_10_2,Ele,Hunting0,26133.061224489797,5644.816326530612,31777.877551020407,113,231.26602853530792,49.95412678345674,281.2201553187647,4.324024615000156,20.018366136892798,3.5559328913195936
2_10_3,Adv,Hunting0,28066.938775510203,5676.244897959184,33743.183673469386,117,239.8883656026513,48.5149136577708,288.4032792604221,4.168605665755337,20.612218483044266,3.4673669542329333
2_10_3,Ele,Hunting0,20972.5,5259.2,26231.7,109,192.40825688073394,48.24954128440367,240.65779816513762,5.197282155203243,20.725585640401583,4.15527777460096
2_10_4,Adv,Hunting0,35007.0,7342.408163265306,42349.4081632653,152,230.30921052631578,48.30531686358754,278.6145273899033,4.341988745108122,20.701654909416362,3.589188293116402
2_10_4,Ele,Hunting0,20017.14,4908.12,24925.26,87,230.08206896551724,56.4151724137931,286.4972413793103,4.346275242117506,17.725727977311067,3.490435004489422
2_1_1,Adv,Hunting0,32136.061224489797,6528.326530612245,38664.38775510204,118,272.3395019024559,55.32480110688343,327.66430300933933,3.671887453029752,18.075076276696844,3.0519040091208756
2_1_1,Ele,Hunting0,25078.06,6411.7,31489.76,106,236.58547169811322,60.487735849056605,297.0732075471698,4.22680223270859,16.532276931235085,3.3661736386685708
2_1_2,Adv,Hunting0,27149.183673469386,5444.632653061224,32593.816326530614,129,210.45878816642934,42.20645467489321,252.6652428413226,4.7515240808533346,23.69305850734856,3.9578059441599347
2_1_2,Ele,Hunting0,18799.44,4639.56,23439.0,95,197.88884210526314,48.83747368421053,246.7263157894737,5.053342014442984,20.47607962824061,4.053073936601391
2_1_3,Adv,Hunting0,21627.16,5500.1,27127.26,106,204.0298113207547,51.887735849056604,255.91754716981131,4.9012445462094885,19.272376865875163,3.9075085356943533
2_1_3,Ele,Hunting0,17028.26530612245,3741.0204081632655,20769.285714285714,72,236.50368480725623,51.958616780045354,288.46230158730157,4.22826393091918,19.246085865473784,3.466657495615091
2_1_4,Adv,Hunting0,28575.82,7065.84,35641.66,165,173.18678787878787,42.82327272727273,216.01006060606062,5.774112518905844,23.351788322407526,4.629414005969418
2_1_4,Ele,Hunting0,18811.73469387755,3670.2448979591836,22481.979591836734,95,198.01825993555317,38.634156820622984,236.65241675617617,5.050039326299802,25.883831363085374,4.225606540204082
2_1_5,Adv,Hunting0,33104.78,7716.9,40821.68,141,234.78567375886524,54.72978723404255,289.5154609929078,4.259203655786265,18.27158574038798,3.454046967199782
2_1_5,Ele,Hunting0,31412.14285714286,6390.938775510204,37803.08163265306,122,257.47658079625296,52.384744061559054,309.861324857812,3.883848375287082,19.08952726436664,3.2272501270007683
2_1_6,Adv,Hunting0,38000.0,7645.632653061224,45645.63265306123,139,273.38129496402877,55.004551460872115,328.38584642490093,3.6578947368421053,18.18031369115622,3.0451982352068017
2_1_6,Ele,Hunting0,23326.36,5738.74,29065.1,102,228.68980392156863,56.262156862745094,284.9519607843137,4.372735394635082,17.773936439009262,3.5093634633976833
2_2_1,Adv,Hunting0,23995.7,5578.68,29574.38,111,216.17747747747748,50.25837837837838,266.4358558558559,4.62582879432565,19.897179978059324,3.7532485888123435
2_2_1,Ele,Hunting0,24874.897959183672,4833.734693877551,29708.632653061224,106,234.66884867154408,45.601270696958025,280.2701193685021,4.261324013225364,21.929213478402218,3.567986491935623
2_2_2,Adv,Hunting0,31817.16,7563.24,39380.4,153,207.95529411764707,49.432941176470585,257.38823529411764,4.808725857367533,20.22942548431625,3.885181460828229
2_2_2,Ele,Hunting0,30116.816326530614,6257.122448979592,36373.93877551021,141,213.594442032132,44.376754957302076,257.9711969894341,4.6817697618253815,22.53432007279867,3.8764017520954392
2_2_3,Adv,Hunting0,26312.74,6313.42,32626.16,102,257.9680392156863,61.89627450980392,319.8643137254902,3.8764492029336357,16.156061215632732,3.126325623364809
2_2_3,Ele,Hunting0,23985.244897959183,4959.306122448979,28944.551020408162,86,278.89819648789745,57.666350261034644,336.5645467489321,3.585537707280922,17.341135609820334,2.9711982728411748
2_2_4,Adv,Hunting0,18644.183673469386,3820.795918367347,22464.979591836734,56,332.9318513119533,68.22849854227405,401.1603498542274,3.0036176955115406,14.65663207259947,2.4927687902440443
2_2_4,Ele,Hunting0,12690.7,2983.16,15673.86,50,253.81400000000002,59.663199999999996,313.47720000000004,3.9398929925063233,16.760750345271457,3.1900246652707116
2_2_5,Adv,Hunting0,32400.571428571428,6839.897959183673,39240.4693877551,142,228.17303822937626,48.168295487208965,276.3413337165852,4.382638754166594,20.760543629067147,3.6187130841077746
2_2_5,Ele,Hunting0,21239.96,5202.72,26442.68,107,198.50429906542055,48.623551401869165,247.12785046728973,5.037674270573015,20.566165390411168,4.046488479987657
2_2_6,Adv,Hunting0,20115.408163265307,4151.857142857143,24267.26530612245,84,239.46914480077746,49.42687074829932,288.89601554907676,4.175903333316424,20.231909988645356,3.461453070231504
2_2_6,Ele,Hunting0,14476.48,3406.2,17882.68,69,209.8040579710145,49.36521739130435,259.16927536231884,4.766352041380226,20.25717808701779,3.858482061972814
2_3_1,Adv,Hunting0,29521.76,6774.12,36295.88,135,218.6797037037037,50.178666666666665,268.8583703703703,4.572898092796636,19.928787798267525,3.719430414691695
2_3_1,Ele,Hunting0,27984.714285714286,5958.244897959184,33942.95918367347,130,215.26703296703297,45.83265306122449,261.09968602825745,4.645393148300347,21.818505655000443,3.8299548161531507
2_3_2,Adv,Hunting0,30919.06,8102.82,39021.88,147,210.33374149659866,55.121224489795914,265.45496598639454,4.754348935575661,18.14183210289751,3.767117319821598
2_3_2,Ele,Hunting0,25053.122448979593,5239.224489795918,30292.34693877551,104,240.89540816326533,50.377158555729984,291.2725667189953,4.151179167858013,19.850266046540618,3.433210381823388
2_3_3,Adv,Hunting0,38128.897959183676,7894.3877551020405,46023.28571428572,153,249.20848339335737,51.59730558890222,300.80578898225957,4.012704488962252,19.380856976669037,3.3244041059960328
2_3_3,Ele,Hunting0,20102.48,4527.0,24629.48,94,213.85617021276596,48.159574468085104,262.01574468085107,4.676039971187635,20.76430307046609,3.816564539730437
2_3_4,Adv,Hunting0,32207.88,7278.8,39486.68,139,231.71136690647484,52.365467625899285,284.0768345323741,4.3157140426504315,19.096554377095124,3.520174398050178
2_3_4,Ele,Hunting0,22569.65306122449,5024.081632653061,27593.73469387755,93,242.6844415185429,54.02238314680711,296.70682466535004,4.120577296767467,18.510845722641967,3.3703302953273186
2_4_1,Adv,Hunting0,18693.836734693876,3844.673469387755,22538.51020408163,82,227.97361871577897,46.886261821801895,274.85988053758086,4.386472459546855,21.328209184188037,3.6382174002410386
2_4_1,Ele,Hunting0,12447.52,2763.92,15211.44,65,191.5003076923077,42.521846153846155,234.02215384615386,5.221923724565214,23.51732322209036,4.273099719684659
2_4_2,Adv,Hunting0,21944.530612244896,4316.836734693878,26261.367346938776,84,261.2444120505345,51.39091350826045,312.63532555879493,3.8278330707665527,19.458692825907104,3.198614866098801
2_4_2,Ele,Hunting0,14826.76,3482.88,18309.64,70,211.81085714285715,49.755428571428574,261.5662857142857,4.721193301840726,20.098309445056962,3.8231226829145744
2_4_3,Adv,Hunting0,28154.20408163265,5824.469387755102,33978.67346938775,101,278.754495857749,57.66801374014952,336.4225095978985,3.587386086537988,17.34063539115414,2.9724527089320736
2_4_3,Ele,Hunting0,17162.1,4056.66,21218.76,79,217.24177215189872,51.35012658227848,268.5918987341772,4.603166279184949,19.47414868389266,3.7231204839491094
2_4_4,Adv,Hunting0,23914.26530612245,4745.2040816326535,28659.469387755104,94,254.4070777247069,50.48089448545376,304.8879722101607,3.9307082528658928,19.80947465754897,3.279893243249017
2_4_4,Ele,Hunting0,20145.14,4479.92,24625.06,85,237.00164705882352,52.70494117647059,289.70658823529413,4.219379959632944,18.973553099162487,3.4517682393464217
2_4_5,Adv,Hunting0,27613.76,6377.24,33991.0,108,255.68296296296296,59.04851851851851,314.73148148148147,3.9110935997126073,16.93522589709655,3.177311641316819
2_4_5,Ele,Hunting0,22846.26530612245,4936.571428571428,27782.836734693876,93,245.65876673249943,53.08141321044547,298.7401799429449,4.070687210967362,18.838985993749276,3.347390365069023
2_4_6,Adv,Hunting0,14866.58,3490.5,18357.08,67,221.88925373134327,52.09701492537314,273.98626865671645,4.50675272994865,19.194957742443776,3.649817944901912
2_4_6,Ele,Hunting0,19947.469387755104,4165.122448979592,24112.591836734693,80,249.3433673469388,52.064030612244906,301.40739795918364,4.010533789770274,19.20711839326575,3.317768597489499
2_4_7,Adv,Hunting0,28657.551020408162,6101.9795918367345,34759.5306122449,115,249.1960958296362,53.06069210292812,302.2567879325643,4.012903960917805,18.84634293989572,3.308445136468225
2_4_7,Ele,Hunting0,18700.7,4498.52,23199.22,82,228.05731707317074,54.86000000000001,282.91731707317075,4.384862598726251,18.22821728034998,3.534601594363948
2_5_1,Adv,Hunting0,26949.96,6443.96,33393.92,129,208.91441860465116,49.95317829457365,258.8675968992248,4.786649033987434,20.018746236786075,3.8629786500057492
2_5_1,Ele,Hunting0,21983.367346938776,4688.836734693878,26672.20408163265,99,222.0542156256442,47.36198721913008,269.41620284477426,4.503404707640748,21.113978925193578,3.711729248059204
2_5_2,Adv,Hunting0,36407.5,8720.32,45127.82,159,228.97798742138366,54.844779874213835,283.8227672955975,4.367232026368193,18.23327584308833,3.5233255229257696
2_5_2,Ele,Hunting0,23901.918367346938,4625.367346938776,28527.285714285714,111,215.33259790402647,41.66997609854753,257.002574002574,4.64397870890732,23.998093918629735,3.8910116129419956
2_5_3,Adv,Hunting0,17513.367346938776,3488.408163265306,21001.775510204083,72,243.24121315192744,48.450113378684804,291.6913265306123,4.111145422446994,20.63978658179861,3.428281573861102
2_5_3,Ele,Hunting0,14634.06,3535.58,18169.64,72,203.25083333333333,49.10527777777778,252.3561111111111,4.920029028171267,20.364409799806538,3.962654185773631
2_5_4,Adv,Hunting0,25087.26,6440.62,31527.88,101,248.3887128712871,63.76851485148515,312.1572277227723,4.025947831688276,15.681720082849166,3.2035138423515948
2_5_4,Ele,Hunting0,22729.081632653062,4850.918367346939,27580.0,82,277.1839223494276,59.15754106520657,336.3414634146341,3.6077128555074185,16.904015650308168,2.973168963016679
2_5_5,Adv,Hunting0,38203.755102040814,8214.367346938776,46418.12244897959,147,259.88949049007357,55.88004997917535,315.7695404692489,3.8477892973444217,17.895474330689883,3.166866565134659
2_5_5,Ele,Hunting0,15707.52,3638.94,19346.46,78,201.37846153846155,46.653076923076924,248.03153846153845,4.965774355213299,21.43481343468153,4.031745342558794
2_6_1,Adv,Hunting0,24438.6,6168.86,30607.46,124,197.08548387096772,49.74887096774193,246.83435483870966,5.073940405751557,20.100958686045722,4.051299911851555
2_6_1,Ele,Hunting0,27627.73469387755,5681.142857142857,33308.87755102041,118,234.13334486336908,48.14527845036319,282.2786233137323,4.271070404702757,20.770468718567695,3.5425991109804027
2_6_2,Adv,Hunting0,23359.79591836735,4796.530612244898,28156.326530612245,86,271.62553393450406,55.77361177028951,327.39914570479357,3.681539012606694,17.929626005190826,3.054375715756056
2_6_2,Ele,Hunting0,16003.4,4363.46,20366.86,90,177.81555555555556,48.48288888888889,226.29844444444444,5.623804941449942,20.625833627442443,4.418943322632944
2_6_3,Adv,Hunting0,19246.7,4448.7,23695.4,79,243.62911392405064,56.3126582278481,299.94177215189876,4.104599749567458,17.75799671814238,3.333980435021143
2_6_3,Ele,Hunting0,16284.877551020409,3462.265306122449,19747.14285714286,66,246.74056895485467,52.458565244279534,299.1991341991342,4.052839807559035,19.062663939499323,3.342255660855096
2_6_4,Adv,Hunting0,37763.02040816326,8052.367346938776,45815.38775510204,142,265.93676343776946,56.70681230238574,322.6435757401552,3.7602924359647814,17.63456557331346,3.0993953550941353
2_6_4,Ele,Hunting0,19588.42,4829.14,24417.56,85,230.45199999999997,56.81341176470588,287.2654117647059,4.339298422231094,17.601477695821615,3.4811013057815767
2_7_1,Adv,Hunting0,21040.61224489796,4246.0,25286.61224489796,83,253.50135234816818,51.1566265060241,304.65797885419227,3.944752131446474,19.547809703250117,3.2823693105329594
2_7_1,Ele,Hunting0,16088.54,3686.74,19775.28,73,220.3909589041096,50.503287671232876,270.89424657534244,4.537391211384003,19.800691125492982,3.691477440521702
2_7_2,Adv,Hunting0,30026.51020408163,6088.693877551021,36115.204081632655,153,196.2517006802721,39.795384820594904,236.04708550086704,5.095497244271899,25.12854202838315,4.236442902390027
2_7_2,Ele,Hunting0,20112.58,4417.7,24530.28,97,207.34618556701034,45.54329896907216,252.88948453608245,4.822852165162301,21.957127011793467,3.954296485812637
2_7_3,Adv,Hunting0,22557.12,5490.46,28047.58,97,232.54762886597936,56.602680412371136,289.1503092783505,4.300194351051908,17.667007864550513,3.458408889465686
2_7_3,Ele,Hunting0,19721.73469387755,4209.816326530612,23931.551020408162,76,259.49650912996776,55.39232008592911,314.88882921589686,3.853616387182897,18.05304414851586,3.175723961024896
2_7_4,Adv,Hunting0,21687.7,5556.8,27244.5,122,177.76803278688524,45.54754098360656,223.3155737704918,5.625308354505088,21.9550820616182,4.477968030244637
2_7_4,Ele,Hunting0,21390.081632653062,4543.836734693878,25933.918367346938,106,201.7932229495572,42.866384289564884,244.65960723912207,4.955567810371773,23.32830297150659,4.087311392691944
2_7_5,Adv,Hunting0,36221.71428571428,7617.408163265306,43839.12244897959,154,235.20593692022263,49.46368937185264,284.6696262920753,4.2515933615195305,20.216850232951913,3.512844039686851
2_7_5,Ele,Hunting0,28074.1,7465.92,35540.02,131,214.306106870229,56.99175572519084,271.2978625954198,4.666222603752213,17.546397496892546,3.6859855453092036
2_7_6,Adv,Hunting0,25570.46,6562.04,32132.5,148,172.77337837837837,44.33810810810811,217.11148648648648,5.787928727132793,22.553961877708762,4.605928576985917
2_7_6,Ele,Hunting0,17614.755102040817,3697.5510204081634,21312.30612244898,93,189.40596883914858,39.75861312266842,229.164581961817,5.2796646596139825,25.15178275747875,4.363676059534446
2_8_1,Adv,Hunting0,17665.64,4063.52,21729.16,88,200.7459090909091,46.17636363636364,246.9222727272727,4.981421561856802,21.656101114304843,4.04985742661014
2_8_1,Ele,Hunting0,18480.591836734693,4008.387755102041,22488.979591836734,87,212.4205958245367,46.07342247243725,258.49401829697393,4.707641441821481,21.704487019566113,3.8685614722857453
2_8_2,Adv,Hunting0,24370.3,5855.5,30225.8,116,210.08879310344827,50.47844827586207,260.56724137931036,4.759892163822357,19.810434634104688,3.837780968576514
2_8_2,Ele,Hunting0,23087.95918367347,4765.510204081633,27853.469387755104,116,199.0341308937368,41.08198451794511,240.11611541168193,5.024263906444741,24.34156995417755,4.164651748948579
2_8_3,Adv,Hunting0,23990.30612244898,5237.775510204082,29228.081632653062,102,235.19907963185273,51.35074029611845,286.5498199279712,4.251717317794178,19.47391594032363,3.489794550390455
2_8_3,Ele,Hunting0,20109.64,4692.42,24802.06,100,201.0964,46.9242,248.0206,4.9727394423768905,21.310965344108155,4.031923154770208
2_8_4,Adv,Hunting0,31181.163265306124,7027.734693877551,38208.897959183676,116,268.8031315974666,60.583919774806475,329.38705137227305,3.720194753897074,16.5060300442271,3.0359420500407
2_8_4,Ele,Hunting0,18527.88,4206.52,22734.4,81,228.73925925925928,51.93234567901235,280.6716049382716,4.3717899727329845,19.255821914551696,3.5628826799915547
2_8_5,Adv,Hunting0,33320.64,8070.02,41390.66,146,228.2235616438356,55.274109589041096,283.4976712328767,4.381668539379796,18.091652808791054,3.527365835674038
2_8_5,Ele,Hunting0,25261.65306122449,5105.224489795918,30366.877551020407,99,255.16821273964132,51.567924139352705,306.736136878994,3.918983439447222,19.391899454740244,3.2601310369716736
2_8_6,Adv,Hunting0,19790.52,4793.4,24583.92,94,210.53744680851065,50.99361702127659,261.53106382978723,4.749748869660827,19.610297492385367,3.8236375647171
2_8_6,Ele,Hunting0,13643.081632653062,2885.183673469388,16528.26530612245,70,194.90116618075803,41.21690962099126,236.11807580174926,5.13080562623502,24.261886909898568,4.235169190687567
2_9_1,Adv,Hunting0,30914.04081632653,6033.0204081632655,36947.06122448979,101,306.0796120428369,59.73287532834917,365.8124873711861,3.2671238483536973,16.74119979162297,2.7336409623034834
2_9_1,Ele,Hunting0,26880.68,6465.78,33346.46,104,258.4680769230769,62.17096153846153,320.63903846153846,3.868949743830885,16.08467965195228,3.1187718276542697
2_9_2,Adv,Hunting0,25862.30612244898,5036.367346938776,30898.673469387755,88,293.8898423005566,57.231447124304275,351.12128942486083,3.4026354642679872,17.472911314439465,2.8480187049837022
2_9_2,Ele,Hunting0,20392.32,4891.08,25283.4,75,271.8976,65.2144,337.112,3.6778551925430754,15.33403665448122,2.966373193478725
2_9_3,Adv,Hunting0,32685.73469387755,6777.408163265306,39463.142857142855,140,233.4695335276968,48.4100583090379,281.8795918367347,4.2832141088823,20.656864191657156,3.5476140485516323
2_9_3,Ele,Hunting0,20193.5,4797.1,24990.6,104,194.16826923076923,46.12596153846154,240.29423076923075,5.150172085076881,21.679764857935,4.161564748345378
2_9_4,Adv,Hunting0,31437.26,8595.66,40032.92,152,206.8240789473684,56.5503947368421,263.3744736842105,4.835026971180058,17.683342524017934,3.7968751717336633
2_9_4,Ele,Hunting0,27104.79591836735,5684.469387755102,32789.26530612245,129,210.11469704160734,44.0656541686442,254.18035121025153,4.759305341700957,22.693410976559836,3.934214408150005
2_9_5,Adv,Hunting0,36114.02040816326,7518.34693877551,43632.36734693877,134,269.507614986293,56.10706670727993,325.61468169357295,3.7104702961764526,17.823066837857866,3.071114591021644
2_9_5,Ele,Hunting0,25446.38,6472.1,31918.48,118,215.64728813559324,54.84830508474577,270.495593220339,4.6372018338168335,18.23210395389441,3.6969178983460367
2_9_6,Adv,Hunting0,30870.8,7592.72,38463.52,125,246.9664,60.74176,307.70815999999996,4.049133809295515,16.463138374653617,3.249832568626065
2_9_6,Ele,Hunting0,17061.163265306124,3580.387755102041,20641.551020408162,58,294.1579873328642,61.73082336382829,355.8888106966925,3.3995337303841997,16.199362741465695,2.809866368213115
3_10_1,Adv,Hunting0,18666.744680851065,4090.2340425531916,22756.978723404256,71,262.91189691339525,57.608930176805515,320.5208270902008,3.8035555322527146,17.358419900021325,3.1199220627200632
3_10_1,Ele,Hunting0,19130.82978723404,5255.255319148936,24386.08510638298,71,269.44830686245126,74.01768055139347,343.4659874138448,3.7112870058243965,13.510285550026925,2.9114964411165767
3_10_2,Adv,Hunting0,20975.82978723404,5022.468085106383,25998.297872340427,90,233.06477541371157,55.80520094562648,288.86997635933807,4.2906526660878175,17.919476734334225,3.4617650910043207
3_10_2,Ele,Hunting0,18761.936170212764,4113.765957446809,22875.702127659573,80,234.52420212765955,51.422074468085114,285.9462765957447,4.263952252807008,19.446901167331273,3.4971604173526125
3_10_3,Adv,Hunting0,21022.127659574468,4867.297872340426,25889.425531914894,100,210.22127659574468,48.672978723404256,258.89425531914895,4.756892433504716,20.54528048679201,3.862580877923542
3_10_3,Ele,Hunting0,17427.82978723404,3822.2127659574467,21250.042553191488,82,212.53450960041513,46.6123508043591,259.14686040477426,4.705118250584783,21.453541448642873,3.8588158021210472
3_10_4,Adv,Hunting0,28991.76595744681,6800.255319148936,35792.02127659575,134,216.35646236900604,50.74817402349952,267.1046363925056,4.622001991761417,19.705142485263384,3.7438511495192377
3_10_4,Ele,Hunting0,26389.021276595744,6183.765957446809,32572.787234042553,137,192.62059325982295,45.136977791582545,237.7575710514055,5.191552902399773,22.154784146547065,4.205964906092476
3_10_5,Adv,Hunting0,25234.957446808512,5924.31914893617,31159.27659574468,152,166.0194568868981,38.97578387458007,204.99524076147816,6.023390382979369,25.656956720046836,4.878162030910504
3_10_5,Ele,Hunting0,21236.14893617021,5045.36170212766,26281.510638297874,133,159.6702927531595,37.93505039193729,197.60534314509678,6.262905783895186,26.360845436297083,5.060591905481647
3_10_6,Adv,Hunting0,14399.489361702128,3491.063829787234,17890.55319148936,85,169.4057571964956,41.07133917396746,210.47709637046307,5.902987103561592,24.347879083373964,4.751110772831496
3_10_6,Ele,Hunting0,14364.851063829787,3364.191489361702,17729.042553191488,84,171.01013171225935,40.049898682877405,211.06003039513675,5.84760674696511,24.968852179082578,4.737988515058236
3_1_1,Adv,Hunting0,40229.40425531915,8471.765957446809,48701.17021276596,163,246.8061610755776,51.97402427881478,298.7801853543924,4.051762709820593,19.24038043764896,3.3469421635637224
3_1_1,Ele,Hunting0,31174.574468085106,7355.446808510638,38530.02127659575,131,237.97385090141302,56.14844891992853,294.1222998213416,4.202142362331551,17.80993098181692,3.3999462149161386
3_1_2,Adv,Hunting0,22588.0,4831.085106382979,27419.08510638298,75,301.17333333333335,64.41446808510638,365.5878014184397,3.3203470869488223,15.524462589348238,2.7353210258113427
3_1_2,Ele,Hunting0,19147.063829787236,4788.063829787234,23935.127659574468,55,348.1284332688588,87.05570599613152,435.18413926499034,2.872503089190943,11.486897826598947,2.2978778631247048
3_1_3,Adv,Hunting0,27372.574468085106,6591.744680851064,33964.31914893617,121,226.2196237031827,54.47722876736417,280.69685247054684,4.420482996258874,18.356293494119015,3.5625622132864088
3_1_3,Ele,Hunting0,20626.936170212764,5137.936170212766,25764.872340425532,117,176.29859974540824,43.913984360792874,220.21258410620112,5.672194795897948,22.77178931850275,4.541066551935713
3_1_4,Adv,Hunting0,40971.255319148935,10454.340425531915,51425.59574468085,151,271.33281668310553,69.23404255319149,340.56685923629703,3.685510703144758,14.443761524277813,2.9362810058572535
3_1_4,Ele,Hunting0,29427.978723404256,6678.340425531915,36106.31914893617,121,243.2064357306137,55.19289607877615,298.3993318093898,4.111733297665054,18.118273746184872,3.3512139385043107
3_1_5,Adv,Hunting0,37521.51063829787,9272.0,46793.51063829787,148,253.52372052903965,62.648648648648646,316.1723691776883,3.9444040893422274,15.962036238136324,3.162831725621165
3_1_5,Ele,Hunting0,18444.659574468085,4056.7872340425533,22501.44680851064,79,233.47670347427956,51.35173713977915,284.8284406140587,4.283082573633145,19.473537911249338,3.510885352053012
3_2_1,Adv,Hunting0,28693.510638297874,6650.36170212766,35343.87234042553,120,239.1125886524823,55.41968085106383,294.53226950354605,4.182130291154868,18.044131338241083,3.3952137118474903
3_2_1,Ele,Hunting0,27521.17021276596,6529.659574468085,34050.82978723404,117,235.22367703218768,55.809056192034916,291.03273322422257,4.251272714622012,17.918238870750162,3.4360396128691213
3_2_2,Adv,Hunting0,20881.82978723404,5194.085106382979,26075.91489361702,70,298.3118541033434,74.20121580547112,372.5130699088146,3.3521966567697055,13.476868123315393,2.684469568396042
3_2_2,Ele,Hunting0,16173.382978723404,3416.2978723404253,19589.68085106383,66,245.0512572533849,51.762088974854926,296.8133462282398,4.080778899926199,19.31915847688801,3.3691207376875583
3_2_3,Adv,Hunting0,27578.297872340427,6597.085106382979,34175.382978723406,107,257.7411016106582,61.65500099423345,319.39610260489167,3.8798623647950126,16.219284467995212,3.130908586060764
3_2_3,Ele,Hunting0,23812.31914893617,5153.659574468085,28965.978723404256,104,228.96460720130932,49.554418985270054,278.51902618657937,4.367487238413158,20.17983502737158,3.590418987498907
3_2_4,Adv,Hunting0,27506.340425531915,6338.978723404255,33845.31914893617,109,252.35174702322857,58.15576810462619,310.5075151278548,3.96272271460816,17.195198904447995,3.2205339686810457
3_2_4,Ele,Hunting0,23912.340425531915,5192.574468085107,29104.91489361702,103,232.15864490807684,50.41334435034084,282.57198925841766,4.307399366480407,19.836017881508372,3.5389211882763094
3_2_5,Adv,Hunting0,30325.617021276597,7594.170212765957,37919.78723404255,159,190.72715107721132,47.762076809848786,238.48922788706008,5.243092000022451,20.937113015022724,4.1930615016019255
3_2_5,Ele,Hunting0,28111.957446808512,6817.234042553191,34929.1914893617,137,205.19676968473365,49.760832427395556,254.9576021121292,4.873371064936402,20.096126837489468,3.922220760298038
3_3_1,Adv,Hunting0,41056.8085106383,9317.255319148937,50374.063829787236,149,275.54905040696843,62.53191489361703,338.0809653005855,3.6291179320816513,15.991833957128271,2.957871346323526
3_3_1,Ele,Hunting0,35173.12765957447,8941.744680851063,44114.87234042553,142,247.69808210967938,62.97003296373988,310.66811507341924,4.037172962676414,15.880569739828966,3.218869112987901
3_3_2,Adv,Hunting0,34193.68085106383,7699.170212765957,41892.85106382979,145,235.81848862802642,53.09772560528246,288.9162142333089,4.240549610074774,18.833198382804447,3.4612110734376045
3_3_2,Ele,Hunting0,30057.255319148935,7232.021276595745,37289.27659574468,120,250.47712765957445,60.26684397163121,310.7439716312057,3.9923804993448675,16.592871537635514,3.2180833460763347
3_3_3,Adv,Hunting0,32681.702127659573,8082.106382978724,40763.8085106383,152,215.01119820828666,53.171752519596865,268.18295072788356,4.650920548944038,18.806978378819508,3.7287978124107792
3_3_3,Ele,Hunting0,24710.0,5544.255319148936,30254.255319148935,123,200.89430894308944,45.07524649714582,245.96955544023524,4.977741804937272,22.185125489293114,4.065543795492106
3_3_4,Adv,Hunting0,33169.53191489362,8082.106382978724,41251.63829787234,141,235.24490719782708,57.31990342538102,292.5648106232081,4.250889049679018,17.44594704877336,3.4180460659976366
3_3_4,Ele,Hunting0,24524.106382978724,5503.574468085107,30027.68085106383,128,191.59458111702128,42.996675531914896,234.59125664893617,5.219354295773243,23.257612074164562,4.2627334636622525
3_3_5,Adv,Hunting0,33154.53191489362,7451.68085106383,40606.21276595745,144,230.23980496453902,51.74778368794327,281.98758865248226,4.343297633326339,19.324499113437206,3.546255368112625
3_3_5,Ele,Hunting0,29384.23404255319,7172.191489361702,36556.425531914894,127,231.371921594907,56.473948735131515,287.84587033003857,4.322045618615859,17.707279593465305,3.4740814549585832
3_4_1,Adv,Hunting0,30947.510638297874,7150.723404255319,38098.234042553195,121,255.76455072973448,59.09688763847371,314.8614383682082,3.909845978056187,16.92136489687102,3.176000227854421
3_4_1,Ele,Hunting0,16171.31914893617,3635.0,19806.31914893617,82,197.21120913336793,44.329268292682926,241.54047742605087,5.070705688558151,22.558459422283356,4.140092835190144
3_4_2,Adv,Hunting0,38604.78723404255,8549.063829787234,47153.85106382979,155,249.06314344543583,55.15525051475635,304.2183939601922,4.015046088981357,18.13064015967905,3.287112218897759
3_4_2,Ele,Hunting0,27796.40425531915,6539.510638297872,34335.914893617024,116,239.62417461482025,56.375091709464414,295.9992663242847,4.173201646317333,17.738330345494003,3.3783867521632334
3_4_3,Adv,Hunting0,29668.191489361703,6387.914893617021,36056.10638297872,117,253.5742862338607,54.59756319330788,308.1718494271686,3.9436175286233195,18.315835753683817,3.244942722246711
3_4_3,Ele,Hunting0,17038.936170212764,3947.553191489362,20986.489361702126,80,212.98670212765956,49.34441489361702,262.33111702127655,4.695128803865989,20.26571805858733,3.811976296806963
3_4_4,Adv,Hunting0,40699.31914893617,9558.0,50257.31914893617,160,254.37074468085106,59.7375,314.10824468085104,3.9312696955566198,16.739903745553462,3.183615893355641
3_4_4,Ele,Hunting0,29401.936170212764,7398.808510638298,36800.744680851065,114,257.91172079134003,64.90182904068682,322.81354983202687,3.8772956767212468,15.407886261157634,3.0977634009487547
3_4_5,Adv,Hunting0,24230.574468085106,5715.829787234043,29946.40425531915,93,260.5438114847861,61.46053534660261,322.0043468313887,3.8381260882812906,16.270603475231162,3.1055481388381083
3_4_5,Ele,Hunting0,16363.297872340425,4380.191489361702,20743.489361702126,82,199.55241307732226,53.41696938245978,252.96938245978203,5.011214770991126,18.72064273882906,3.953047559654709
3_5_1,Adv,Hunting0,35284.97872340425,8614.787234042553,43899.765957446805,147,240.0338688666956,58.60399478940512,298.6378636561007,4.166078748475936,17.063683177119994,3.3485372141275414
3_5_1,Ele,Hunting0,25770.297872340427,5510.595744680851,31280.893617021276,110,234.2754352030948,50.0963249516441,284.37176015473887,4.268479958784813,19.96154410458768,3.5165235797529864
3_5_2,Adv,Hunting0,36963.0,8217.765957446809,45180.765957446805,164,225.3841463414634,50.108329008822004,275.4924753502854,4.436869301734166,19.956762074902585,3.629863206711951
3_5_2,Ele,Hunting0,32041.702127659573,6591.95744680851,38633.65957446808,156,205.39552645935623,42.256137479541735,247.65166393889797,4.868655209965736,23.665201309138798,4.0379296633626724
3_5_3,Adv,Hunting0,28604.106382978724,6218.31914893617,34822.425531914894,111,257.6946520989074,56.02089323365919,313.7155453325666,3.8805617107497583,17.85048295872525,3.187601044570202
3_5_3,Ele,Hunting0,25430.76595744681,6625.340425531915,32056.106382978724,103,246.90064036356125,64.32369345176616,311.22433381532744,4.050212257560368,15.546370961267344,3.2131163644593883
3_5_4,Adv,Hunting0,34906.40425531915,8448.936170212766,43355.34042553192,149,234.2711694987862,56.704269598743394,290.97543909752966,4.268557680996172,17.635356333417274,3.4367161816184018
3_5_4,Ele,Hunting0,19836.31914893617,4417.95744680851,24254.27659574468,90,220.4035460992908,49.088416075650116,269.49196217494085,4.537132082028774,20.371404904548168,3.710685810179561
3_6_1,Adv,Hunting0,28736.893617021276,7184.829787234043,35921.72340425532,133,216.06686930091186,54.02127659574468,270.0881458966565,4.628196832006302,18.51122489168964,3.7024949639316223
3_6_1,Ele,Hunting0,19600.744680851065,4286.574468085107,23887.31914893617,98,200.00759878419453,43.7405557967868,243.74815458098132,4.999810037612552,22.86207803681956,4.102595163106215
3_6_2,Adv,Hunting0,17183.91489361702,3943.2340425531916,21127.14893617021,61,281.70352284618065,64.64318102546216,346.34670387164283,3.5498313613423735,15.46953575205577,2.887280256521809
3_6_2,Ele,Hunting0,17079.510638297874,3990.723404255319,21070.23404255319,61,279.99197767701435,65.42169515172654,345.41367282874086,3.571530899908687,15.285449233328357,2.8950793748567354
3_6_3,Adv,Hunting0,22888.659574468085,5291.531914893617,28180.191489361703,77,297.25531914893617,68.72119369991711,365.9765128488533,3.364111373559516,14.551551656198985,2.7324157832308646
3_6_3,Ele,Hunting0,16712.297872340427,3660.255319148936,20372.55319148936,68,245.76908635794746,53.82728410513141,299.59637046307887,4.068859980801499,18.57793898809524,3.337824148050673
3_6_4,Adv,Hunting0,24864.17021276596,5290.255319148936,30154.425531914894,105,236.8016210739615,50.383383991894625,287.18500506585616,4.222944063747201,19.847813321964914,3.4820759522966176
3_6_4,Ele,Hunting0,18878.91489361702,4619.765957446809,23498.68085106383,80,235.98643617021276,57.74707446808511,293.73351063829784,4.23753168287485,17.316894564982107,3.4044464243352732
3_6_5,Adv,Hunting0,34279.255319148935,8405.27659574468,42684.53191489362,142,241.40320647287982,59.19208870242733,300.59529517530717,4.142447047870276,16.894149571697618,3.3267320415537442
3_6_5,Ele,Hunting0,22626.191489361703,5132.085106382979,27758.27659574468,110,205.6926499032882,46.65531914893617,252.34796905222436,4.861622427783279,21.433783290769792,3.9627820416222423
3_6_6,Adv,Hunting0,32024.978723404256,7602.978723404255,39627.95744680851,160,200.1561170212766,47.5186170212766,247.6747340425532,4.996100118657378,21.04438350030783,4.037553543221689
3_6_6,Ele,Hunting0,30607.14893617021,7693.702127659574,38300.85106382979,142,215.54330236739585,54.18100089901109,269.72430326640693,4.639438985190499,18.456654240550435,3.7074894174897506
3_6_7,Adv,Hunting0,19522.042553191488,4721.063829787234,24243.106382978724,71,274.95834581959843,66.49385675756668,341.4522025771651,3.636914518885363,15.038983280003606,2.9286675922789196
3_6_7,Ele,Hunting0,13312.489361702128,3025.0,16337.489361702128,68,195.77190237797248,44.48529411764706,240.25719649561952,5.107985302555432,22.479338842975206,4.162206229765244
3_7_1,Adv,Hunting0,36956.89361702128,8036.297872340426,44993.1914893617,131,282.11369173298687,61.345785285041416,343.4594770180282,3.5446702138316404,16.301038373761603,2.911551629560974
3_7_1,Ele,Hunting0,31985.510638297874,7022.95744680851,39008.46808510638,129,247.94969487052614,54.44153059541481,302.3912254659409,4.033076146845746,18.368330005847085,3.3069742630896295
3_7_2,Adv,Hunting0,31148.531914893618,6607.425531914893,37755.95744680851,140,222.48951367781154,47.195896656534956,269.6854103343465,4.494593850603253,21.18828268646816,3.7080240965213327
3_7_2,Ele,Hunting0,23941.063829787236,5496.425531914893,29437.489361702126,106,225.85909273384183,51.85307105580088,277.7121637896427,4.427539258640455,19.28526082715266,3.600850558196886
3_7_3,Adv,Hunting0,31874.255319148935,7061.808510638298,38936.063829787236,136,234.36952440550687,51.92506257822278,286.2945869837297,4.266766349151252,19.25852277006975,3.4929057183216345
3_7_3,Ele,Hunting0,28798.17021276596,6497.63829787234,35295.8085106383,116,248.26008804108585,56.014123257520176,304.274211298606,4.028033695994278,17.85264040289598,3.286509217235727
3_7_4,Adv,Hunting0,35129.59574468085,7864.340425531915,42993.936170212764,132,266.13330109606704,59.57833655705996,325.711637653127,3.757515485215533,16.784624375040583,3.070200399363592
3_7_4,Ele,Hunting0,28026.191489361703,5859.489361702128,33885.68085106383,131,213.9403930485626,44.728926425207085,258.6693194737697,4.6741991343963205,22.35689697744339,3.865939733534594
3_7_5,Adv,Hunting0,31280.978723404256,7305.170212765957,38586.14893617021,124,252.26595744680853,58.91266300617708,311.17862045298557,3.964070341163075,16.97427936494992,3.2135883838815493
3_7_5,Ele,Hunting0,25907.08510638298,5476.212765957447,31383.297872340427,107,242.12229071385963,51.179558560349975,293.3018492742096,4.130144304564676,19.539050904880682,3.409456852981156
3_7_6,Adv,Hunting0,23719.340425531915,5530.489361702128,29249.82978723404,111,213.6877515813686,49.824228483802955,263.51198006517154,4.6797254058767015,20.070556643442732,3.7948938782695225
3_7_6,Ele,Hunting0,20929.31914893617,4930.191489361702,25859.510638297874,91,229.9925181201777,54.1779284545242,284.1704465747019,4.347967525958698,18.45770092223771,3.519014774596284
3_7_7,Adv,Hunting0,29853.425531914894,7382.404255319149,37235.82978723404,148,201.71233467510064,49.881109833237495,251.5934445083381,4.957555033065809,20.047669415199454,3.9746663588719175
3_7_7,Ele,Hunting0,24661.82978723404,5700.191489361702,30362.021276595744,130,189.70638297872338,43.847626841243866,233.55400981996726,5.271303918709765,22.806251376400194,4.281664873880093
3_8_1,Adv,Hunting0,30486.282608695652,7528.630434782609,38014.913043478264,153,199.25674907644216,49.20673486786019,248.46348394430237,5.018650583405651,20.322421365396444,4.024736287704024
3_8_1,Ele,Hunting0,24568.957446808512,5281.787234042553,29850.744680851065,122,201.3848971049878,43.293337983955354,244.67823508894315,4.965615666197008,23.098242052174474,4.087000217393628
3_8_2,Adv,Hunting0,22131.72340425532,4944.063829787234,27075.787234042553,112,197.60467325227964,44.14342705167173,241.74810030395136,5.060609061220487,22.653429214488902,4.136537158896776
3_8_2,Ele,Hunting0,17680.702127659573,3817.468085106383,21498.17021276596,90,196.45224586288415,42.41631205673759,238.86855791962176,5.090295586124071,23.575835604527896,4.186402801228011
3_8_3,Adv,Hunting0,25527.212765957447,5779.553191489362,31306.76595744681,122,209.23944890129056,47.37338681548657,256.6128357167771,4.779213505153866,21.108898206811244,3.896921201181445
3_8_3,Ele,Hunting0,19788.787234042553,4788.659574468085,24577.44680851064,97,204.00811581487167,49.367624479052424,253.3757402939241,4.9017657753746215,20.256190378864957,3.946707758366951
3_8_4,Adv,Hunting0,24734.659574468085,5393.0,30127.659574468085,123,201.09479328835843,43.84552845528455,244.94032174364298,4.972779173680828,22.807342851844986,4.0826271186440675
3_8_4,Ele,Hunting0,18667.106382978724,4369.829787234043,23036.936170212764,98,190.4806773773339,44.59009986973513,235.07077724706903,5.24987633270037,22.42650280939907,4.254037918753972
3_8_5,Adv,Hunting0,26434.55319148936,6385.702127659574,32820.255319148935,88,300.3926499032882,72.56479690522244,372.9574468085106,3.328976259312441,13.780786864271246,2.6812710365679733
3_8_5,Ele,Hunting0,17612.63829787234,3965.6382978723404,21578.27659574468,56,314.51139817629183,70.81496960486322,385.326367781155,3.1795350050858064,14.12130804517531,2.595202622022345
3_8_6,Adv,Hunting0,27983.127659574468,7041.808510638298,35024.936170212764,123,227.50510292336966,57.250475696246326,284.75557861961596,4.395505802508654,17.46710377230221,3.511783701824597
3_8_6,Ele,Hunting0,18361.31914893617,4004.1063829787236,22365.425531914894,84,218.5871327254306,47.66793313069909,266.2550658561297,4.574834701071401,20.978463598539797,3.7557970842152826
3_9_1,Adv,Hunting0,18853.0,3822.595744680851,22675.59574468085,81,232.7530864197531,47.192540057788285,279.94562647754134,4.296398451174879,21.18978971624495,3.5721222459613067
3_9_1,Ele,Hunting0,14128.08510638298,3196.3617021276596,17324.44680851064,64,220.75132978723406,49.94315159574468,270.6944813829787,4.529984036625403,20.022765245059208,3.694201650846362
3_9_2,Adv,Hunting0,34244.425531914894,7661.021276595745,41905.44680851064,162,211.3853427895981,47.2902547938009,258.675597583399,4.730696966985774,21.1460057544686,3.865845906387023
3_9_2,Ele,Hunting0,27663.127659574468,6517.851063829788,34180.97872340425,121,228.62088974854933,53.86653771760155,282.48742746615085,4.374053486975135,18.56440087615354,3.539980554072005
3_9_3,Adv,Hunting0,29298.76595744681,6760.63829787234,36059.40425531915,149,196.6360131372269,45.37341139511638,242.00942453234327,5.08553842221225,22.03933910306845,4.132070484165609
3_9_3,Ele,Hunting0,24759.978723404256,6102.978723404255,30862.957446808512,122,202.95064527380538,50.02441576560865,252.97506103941404,4.927306334261106,19.990238460465765,3.9529588248392513
3_9_4,Adv,Hunting0,30104.659574468085,7344.0,37448.65957446808,124,242.77951269732327,59.225806451612904,302.00531914893617,4.118963700395571,16.884531590413943,3.3111999577293627
3_9_4,Ele,Hunting0,18244.31914893617,4139.851063829788,22384.17021276596,78,233.90152755046373,53.07501363884343,286.97654118930717,4.275303417093983,18.84125752288344,3.484605382222999
