text_id,level,mean_FD,median_FD,mean_nonzero_FD,n_subjects,n_rows
1_10_1,Adv,211.95362627337693,192.0,211.95362627337693,55,6577
1_10_1,Ele,201.52527964205817,187.0,201.52527964205817,56,4470
1_10_2,Adv,209.77640759370436,194.0,209.77640759370436,56,6163
1_10_2,Ele,204.0180226570546,186.0,204.0180226570546,55,5826
1_10_3,Adv,208.40519511611205,191.0,208.40519511611205,55,8354
1_10_3,Ele,201.63820381572825,187.0,201.63820381572825,56,4298
1_10_4,Adv,209.5180873580912,190.0,209.5180873580912,55,10394
1_10_4,Ele,205.9607360373202,191.0,205.9607360373202,56,7717
1_10_5,Adv,212.92799746246564,194.0,212.92799746246564,55,9458
1_10_5,Ele,206.1667787491594,191.0,206.1667787491594,56,5948
1_10_6,Adv,207.224991265867,192.0,207.224991265867,56,8587
1_10_6,Ele,209.857191957381,189.0,209.857191957381,55,5819
1_10_7,Adv,206.9228869374314,191.0,206.9228869374314,56,7288
1_10_7,Ele,204.38634739099356,187.0,204.38634739099356,55,5596
1_1_1,Adv,214.171573736321,196.0,214.171573736321,56,7676
1_1_1,Ele,210.63000977517106,191.0,210.63000977517106,55,6138
1_1_2,Adv,207.1269769543606,191.0,207.1269769543606,56,6639
1_1_2,Ele,204.34436801375753,187.0,204.34436801375753,55,4652
1_1_3,Adv,206.34412024756853,189.0,206.34412024756853,55,5655
1_1_3,Ele,206.82160259880888,190.0,206.82160259880888,56,3694
1_1_4,Adv,205.01761316872427,189.0,205.01761316872427,55,6075
1_1_4,Ele,202.13141683778235,188.0,202.13141683778235,56,4383
1_1_5,Adv,207.41020166073548,189.0,207.41020166073548,55,4215
1_1_5,Ele,201.6022995283019,187.0,201.6022995283019,56,3392
1_1_6,Adv,206.15979081929112,192.0,206.15979081929112,56,8605
1_1_6,Ele,205.24880694143167,186.0,205.24880694143167,55,4610
1_1_7,Adv,208.0025171624714,189.0,208.0025171624714,55,8740
1_1_7,Ele,200.76954022988505,187.0,200.76954022988505,56,5220
1_2_1,Adv,209.5346546264806,191.0,209.5346546264806,55,8527
1_2_1,Ele,205.18170103092783,189.0,205.18170103092783,56,6208
1_2_2,Adv,208.44159981123173,190.0,208.44159981123173,55,8476
1_2_2,Ele,205.61247908199857,187.0,205.61247908199857,56,8366
1_2_3,Adv,205.57835566659097,189.0,205.57835566659097,56,8806
1_2_3,Ele,211.84955175224124,192.0,211.84955175224124,55,6135
1_2_4,Adv,201.240386883699,189.0,201.240386883699,56,8478
1_2_4,Ele,202.76228335188424,187.0,202.76228335188424,55,6289
1_2_5,Adv,202.41771808438475,188.0,202.41771808438475,56,7371
1_2_5,Ele,203.55225502626337,186.0,203.55225502626337,55,5521
1_2_6,Adv,215.11758201253224,196.0,215.11758201253224,55,5426
1_2_6,Ele,200.6960839954597,188.0,200.6960839954597,56,3524
1_3_1,Adv,214.28360748723767,193.0,214.28360748723767,55,5289
1_3_1,Ele,205.7433590402742,190.0,205.7433590402742,56,4668
1_3_2,Adv,210.83632697947215,196.0,210.83632697947215,56,5456
1_3_2,Ele,213.46790934124127,195.0,213.46790934124127,55,4721
1_3_3,Adv,209.17455456570156,192.0,209.17455456570156,55,7184
1_3_3,Ele,205.13531353135315,189.0,205.13531353135315,56,5151
1_3_4,Adv,206.5140521938629,191.0,206.5140521938629,56,6974
1_3_4,Ele,202.80523731587562,189.0,202.80523731587562,55,4888
1_3_5,Adv,205.92628293399432,191.0,205.92628293399432,56,10893
1_3_5,Ele,211.8787326191019,195.0,211.8787326191019,55,4387
1_4_1,Adv,203.52951718321737,189.0,203.52951718321737,56,9486
1_4_1,Ele,204.53034300791558,188.0,204.53034300791558,55,7580
1_4_2,Adv,206.7072295002426,192.0,206.7072295002426,56,10305
1_4_2,Ele,207.24912954736462,190.0,207.24912954736462,55,8329
1_4_3,Adv,209.8887070376432,193.0,209.8887070376432,55,7943
1_4_3,Ele,204.33214285714286,191.0,204.33214285714286,56,5600
1_4_4,Adv,207.4094923722009,189.0,207.4094923722009,55,11209
1_4_4,Ele,202.25560850865978,189.0,202.25560850865978,56,8603
1_4_5,Adv,203.936324390996,190.0,203.936324390996,56,6486
1_4_5,Ele,206.7133152173913,187.5,206.7133152173913,55,5888
1_5_1,Adv,216.578125,196.0,216.578125,55,4672
1_5_1,Ele,200.0491452991453,186.0,200.0491452991453,56,3744
1_5_2,Adv,212.3330439500814,192.0,212.3330439500814,55,9215
1_5_2,Ele,206.19289477238956,192.0,206.19289477238956,56,7403
1_5_3,Adv,208.92436974789916,192.0,208.92436974789916,56,8806
1_5_3,Ele,213.477402022756,192.0,213.477402022756,55,6328
1_5_4,Adv,212.47027027027028,193.0,212.47027027027028,55,10915
1_5_4,Ele,206.2213570634038,191.0,206.2213570634038,56,7192
1_5_5,Adv,207.42878515858766,193.0,207.42878515858766,56,6684
1_5_5,Ele,211.25452451464298,190.0,211.25452451464298,55,6078
1_6_1,Adv,211.38840364244564,191.0,211.38840364244564,55,5381
1_6_1,Ele,210.21830615465544,189.0,210.21830615465544,56,3802
1_6_2,Adv,204.9598705501618,190.0,204.9598705501618,56,7725
1_6_2,Ele,206.04503330437302,187.0,206.04503330437302,55,6906
1_6_3,Adv,212.78518222931632,192.0,212.78518222931632,55,7518
1_6_3,Ele,208.9648604269294,188.0,208.9648604269294,56,6090
1_6_4,Adv,205.5441340782123,194.0,205.5441340782123,56,6265
1_6_4,Ele,203.05128205128204,187.0,203.05128205128204,55,6045
1_7_1,Adv,207.08996055477797,190.0,207.08996055477797,56,7859
1_7_1,Ele,204.8699511762095,187.0,204.8699511762095,55,6759
1_7_2,Adv,204.1157692834635,190.0,204.1157692834635,56,7299
1_7_2,Ele,205.2065274151436,188.0,205.2065274151436,55,7660
1_7_3,Adv,203.7772359410666,186.0,203.7772359410666,55,9638
1_7_3,Ele,204.45810694881328,189.0,204.45810694881328,56,6994
1_7_4,Adv,206.82381119289636,188.0,206.82381119289636,55,8559
1_7_4,Ele,203.36394062863795,188.0,203.36394062863795,56,6872
1_8_1,Adv,202.10618856430847,188.0,202.10618856430847,56,7223
1_8_1,Ele,201.72711625723673,183.0,201.72711625723673,55,6391
1_8_2,Adv,208.47795709506002,190.0,208.47795709506002,55,10162
1_8_2,Ele,207.2286432160804,191.0,207.2286432160804,56,8358
1_8_3,Adv,205.80997972516332,187.0,205.80997972516332,55,8878
1_8_3,Ele,202.80920962199312,188.0,202.80920962199312,56,7275
1_8_4,Adv,206.52486480754956,186.0,206.52486480754956,55,9431
1_8_4,Ele,202.33627676303374,188.0,202.33627676303374,56,8267
1_8_5,Adv,205.61678188965703,191.0,205.61678188965703,56,7377
1_8_5,Ele,205.55241460541814,189.0,205.55241460541814,55,5943
1_9_1,Adv,199.9675349188373,185.0,199.9675349188373,56,5298
1_9_1,Ele,206.95654296875,189.0,206.95654296875,55,4096
1_9_2,Adv,208.9800945508833,190.0,208.9800945508833,55,8038
1_9_2,Ele,200.95092194648552,186.0,200.95092194648552,56,7213
1_9_3,Adv,213.0809090909091,190.0,213.0809090909091,55,5500
1_9_3,Ele,195.82973977695167,183.0,195.82973977695167,56,4035
1_9_4,Adv,202.4611581920904,188.0,202.4611581920904,56,7080
1_9_4,Ele,202.50852232708831,186.0,202.50852232708831,55,7099
1_9_5,Adv,206.59111771058315,190.0,206.59111771058315,56,7408
1_9_5,Ele,208.87967605090628,190.0,208.87967605090628,55,5186
1_9_6,Adv,205.96885861253998,191.0,205.96885861253998,56,7193
1_9_6,Ele,208.22447851913248,189.0,208.22447851913248,55,7239
2_10_1,Adv,206.8811469321052,187.0,206.8811469321052,50,6731
2_10_1,Ele,205.67426649224444,192.0,205.67426649224444,49,5351
2_10_2,Adv,203.12248128957972,187.0,203.12248128957972,50,6948
2_10_2,Ele,210.43878389482333,194.0,210.43878389482333,49,6085
2_10_3,Adv,214.38503507404522,194.0,214.38503507404522,49,6415
2_10_3,Ele,202.59370170015455,185.0,202.59370170015455,50,5176
2_10_4,Adv,217.43478260869566,199.0,217.43478260869566,49,7889
2_10_4,Ele,202.56162720097146,186.0,202.56162720097146,50,4941
2_1_1,Adv,215.53065973172735,198.0,215.53065973172735,49,7306
2_1_1,Ele,199.98452950558215,185.0,199.98452950558215,50,6270
2_1_2,Adv,216.16997075073124,199.0,216.16997075073124,49,6154
2_1_2,Ele,200.97754971135342,184.0,200.97754971135342,50,4677
2_1_3,Adv,196.8969410050983,182.0,196.8969410050983,50,5492
2_1_3,Ele,209.80261503645966,193.0,209.80261503645966,49,3977
2_1_4,Adv,201.69268774703556,187.0,201.69268774703556,50,7084
2_1_4,Ele,211.0290750915751,196.0,211.0290750915751,49,4368
2_1_5,Adv,209.92251109701965,189.0,209.92251109701965,50,7885
2_1_5,Ele,211.4278846153846,195.0,211.4278846153846,49,7280
2_1_6,Adv,216.81415929203538,198.0,216.81415929203538,49,8588
2_1_6,Ele,197.24640622357518,182.0,197.24640622357518,50,5913
2_2_1,Adv,205.79502572898798,186.0,205.79502572898798,50,5830
2_2_1,Ele,214.06217070600633,197.0,214.06217070600633,49,5694
2_2_2,Adv,204.98105914186317,187.0,204.98105914186317,50,7761
2_2_2,Ele,212.42608320138189,195.0,212.42608320138189,49,6947
2_2_3,Adv,209.99792498004788,190.0,209.99792498004788,50,6265
2_2_3,Ele,210.05844504021448,193.0,210.05844504021448,49,5595
2_2_4,Adv,216.99881235154393,199.0,216.99881235154393,49,4210
2_2_4,Ele,208.45433639947439,190.0,208.45433639947439,50,3044
2_2_5,Adv,212.64773640503617,196.0,212.64773640503617,49,7466
2_2_5,Ele,199.6236842105263,183.0,199.6236842105263,50,5320
2_2_6,Adv,211.0158424320274,195.0,211.0158424320274,49,4671
2_2_6,Ele,199.34563481134674,183.0,199.34563481134674,50,3631
2_3_1,Adv,207.57811840810012,189.0,207.57811840810012,50,7111
2_3_1,Ele,207.5451793552293,192.0,207.5451793552293,49,6607
2_3_2,Adv,202.19108030342662,186.0,202.19108030342662,50,7646
2_3_2,Ele,208.10357687743686,192.0,208.10357687743686,49,5899
2_3_3,Adv,209.7581677332435,193.0,209.7581677332435,49,8907
2_3_3,Ele,201.06501300260052,185.0,201.06501300260052,50,4999
2_3_4,Adv,208.6272833268558,190.0,208.6272833268558,50,7719
2_3_4,Ele,210.56987814166033,196.0,210.56987814166033,49,5252
2_4_1,Adv,211.0594470046083,196.0,211.0594470046083,49,4340
2_4_1,Ele,196.08569628229364,184.0,196.08569628229364,50,3174
2_4_2,Adv,218.3757108042242,198.0,218.3757108042242,49,4924
2_4_2,Ele,200.30748446365848,183.0,200.30748446365848,50,3701
2_4_3,Adv,205.96536279486415,192.0,205.96536279486415,49,6698
2_4_3,Ele,196.3177762525738,184.0,196.3177762525738,50,4371
2_4_4,Adv,212.16711931921057,195.0,212.16711931921057,49,5523
2_4_4,Ele,203.1579265832997,186.0,203.1579265832997,50,4958
2_4_5,Adv,207.40393570677483,186.0,207.40393570677483,50,6657
2_4_5,Ele,207.38551315301964,190.0,207.38551315301964,49,5398
2_4_6,Adv,201.0083829096809,183.0,201.0083829096809,50,3698
2_4_6,Ele,208.4953071672355,194.0,208.4953071672355,49,4688
2_4_7,Adv,216.03384615384616,198.0,216.03384615384616,49,6500
2_4_7,Ele,202.4761801645734,187.0,202.4761801645734,50,4618
2_5_1,Adv,203.05877034358048,187.0,203.05877034358048,50,6636
2_5_1,Ele,206.63437559946289,190.0,206.63437559946289,49,5213
2_5_2,Adv,210.05942764828063,192.0,210.05942764828063,50,8666
2_5_2,Ele,213.955791012057,196.0,213.955791012057,49,5474
2_5_3,Adv,213.3652411735455,195.0,213.3652411735455,49,4022
2_5_3,Ele,193.21441774491683,180.0,193.21441774491683,50,3787
2_5_4,Adv,200.24952107279694,184.0,200.24952107279694,50,6264
2_5_4,Ele,210.176448386488,194.0,210.176448386488,49,5299
2_5_5,Adv,215.89020874178294,197.0,215.89020874178294,49,8671
2_5_5,Ele,198.62822458270105,183.0,198.62822458270105,50,3954
2_6_1,Adv,199.95581737849778,184.0,199.95581737849778,50,6111
2_6_1,Ele,210.37435897435898,194.0,210.37435897435898,49,6435
2_6_2,Adv,212.71696710648578,192.0,212.71696710648578,49,5381
2_6_2,Ele,195.92801175318314,181.0,195.92801175318314,50,4084
2_6_3,Adv,203.84134717220928,189.0,203.84134717220928,50,4721
2_6_3,Ele,206.99325551232167,192.0,206.99325551232167,49,3855
2_6_4,Adv,211.40043413686735,193.0,211.40043413686735,49,8753
2_6_4,Ele,199.23128559804718,183.0,199.23128559804718,50,4916
2_7_1,Adv,207.8608870967742,194.0,207.8608870967742,49,4960
2_7_1,Ele,204.3248666497333,188.0,204.3248666497333,50,3937
2_7_2,Adv,209.82586993725042,193.0,209.82586993725042,49,7012
2_7_2,Ele,206.66440608302509,188.0,206.66440608302509,50,4866
2_7_3,Adv,203.14409221902017,186.0,203.14409221902017,50,5552
2_7_3,Ele,209.30582629413038,192.0,209.30582629413038,49,4617
2_7_4,Adv,198.71449514385193,184.0,198.71449514385193,50,5457
2_7_4,Ele,208.04168320762207,192.0,208.04168320762207,49,5038
2_7_5,Adv,210.74139159344574,194.0,210.74139159344574,49,8422
2_7_5,Ele,202.17557251908397,186.0,202.17557251908397,50,6943
2_7_6,Adv,201.9464539567209,185.0,201.9464539567209,50,6331
2_7_6,Ele,202.51595495072735,189.0,202.51595495072735,49,4262
2_8_1,Adv,200.88287468728677,185.0,200.88287468728677,50,4397
2_8_1,Ele,210.34819976771198,192.0,210.34819976771198,49,4305
2_8_2,Adv,199.29914949296696,185.0,199.29914949296696,50,6114
2_8_2,Ele,204.24444845640008,190.0,204.24444845640008,49,5539
2_8_3,Adv,208.64838480653177,189.5,208.64838480653177,49,5634
2_8_3,Ele,200.33512651922695,183.0,200.33512651922695,50,5019
2_8_4,Adv,205.8855949332974,191.0,205.8855949332974,49,7421
2_8_4,Ele,199.3960396039604,186.0,199.3960396039604,50,4646
2_8_5,Adv,202.7049519406254,186.0,202.7049519406254,50,8219
2_8_5,Ele,208.52779649595686,191.0,208.52779649595686,49,5936
2_8_6,Adv,202.439852700491,185.0,202.439852700491,50,4888
2_8_6,Ele,202.6404971203395,186.0,202.6404971203395,49,3299
2_9_1,Adv,215.96635300826918,198.0,215.96635300826918,49,7014
2_9_1,Ele,204.19841993315103,187.0,204.19841993315103,50,6582
2_9_2,Adv,220.85273614499826,202.0,220.85273614499826,49,5738
2_9_2,Ele,203.02986857825567,188.0,203.02986857825567,50,5022
2_9_3,Adv,213.51833088921478,197.0,213.51833088921478,49,7501
2_9_3,Ele,198.98994875837604,184.0,198.98994875837604,50,5074
2_9_4,Adv,205.90293424155095,189.0,205.90293424155095,50,7634
2_9_4,Ele,211.45279414106034,195.0,211.45279414106034,49,6281
2_9_5,Adv,212.43541416566626,196.0,212.43541416566626,49,8330
2_9_5,Ele,200.14456504640555,184.0,200.14456504640555,50,6357
2_9_6,Adv,203.74076029567053,186.0,203.74076029567053,50,7576
2_9_6,Ele,211.27040687389436,196.0,211.27040687389436,49,3957
3_10_1,Adv,201.45510907003444,186.0,201.45510907003444,47,4355
3_10_1,Ele,191.634484228474,178.0,191.634484228474,47,4692
3_10_2,Adv,195.95786126018683,180.0,195.95786126018683,47,5031
3_10_2,Ele,202.90174873446847,189.0,202.90174873446847,47,4346
3_10_3,Adv,193.16520039100683,179.0,193.16520039100683,47,5115
3_10_3,Ele,199.34485276222927,185.0,199.34485276222927,47,4109
3_10_4,Adv,198.51587995337997,183.0,198.51587995337997,47,6864
3_10_4,Ele,198.25511508951408,184.0,198.25511508951408,47,6256
3_10_5,Adv,199.33495798319328,184.0,199.33495798319328,47,5950
3_10_5,Ele,190.44056477771417,178.0,190.44056477771417,47,5241
3_10_6,Adv,197.77206312098187,186.0,197.77206312098187,47,3422
3_10_6,Ele,192.18559635639056,180.0,192.18559635639056,47,3513
3_1_1,Adv,208.69558498896248,192.0,208.69558498896248,47,9060
3_1_1,Ele,196.9361559139785,183.0,196.9361559139785,47,7440
3_1_2,Adv,208.73692489186,190.0,208.73692489186,47,5086
3_1_2,Ele,198.13121972699253,184.0,198.13121972699253,47,4542
3_1_3,Adv,194.39573889392565,182.0,194.39573889392565,47,6618
3_1_3,Ele,198.17375306623057,183.0,198.17375306623057,47,4892
3_1_4,Adv,198.13242103097028,182.0,198.13242103097028,47,9719
3_1_4,Ele,201.62026239067055,186.0,201.62026239067055,47,6860
3_1_5,Adv,197.12843729040912,183.0,197.12843729040912,47,8946
3_1_5,Ele,200.71752720537162,186.0,200.71752720537162,47,4319
3_2_1,Adv,204.11608899651884,187.0,204.11608899651884,47,6607
3_2_1,Ele,196.93894640682095,183.0,196.93894640682095,47,6568
3_2_2,Adv,207.36234946122966,188.0,207.36234946122966,47,4733
3_2_2,Ele,206.67455138662316,191.0,206.67455138662316,47,3678
3_2_3,Adv,201.802895843064,186.0,201.802895843064,47,6423
3_2_3,Ele,201.11033243486074,186.0,201.11033243486074,47,5565
3_2_4,Adv,197.554706601467,181.0,197.554706601467,47,6544
3_2_4,Ele,199.16356547935496,183.0,199.16356547935496,47,5643
3_2_5,Adv,201.54185520361992,187.5,201.54185520361992,47,7072
3_2_5,Ele,194.38899514491686,180.0,194.38899514491686,47,6797
3_3_1,Adv,208.7257977285019,192.0,208.7257977285019,47,9245
3_3_1,Ele,194.46382778496647,181.0,194.46382778496647,47,8501
3_3_2,Adv,205.6960194547549,189.0,205.6960194547549,47,7813
3_3_2,Ele,198.43952802359883,183.0,198.43952802359883,47,7119
3_3_3,Adv,198.30105861089595,182.0,198.30105861089595,47,7746
3_3_3,Ele,205.73427812223207,189.0,205.73427812223207,47,5645
3_3_4,Adv,196.14594866633115,183.0,196.14594866633115,47,7948
3_3_4,Ele,201.68556430446193,187.0,201.68556430446193,47,5715
3_3_5,Adv,206.69359331476323,190.0,206.69359331476323,47,7539
3_3_5,Ele,195.0372828696512,181.0,195.0372828696512,47,7081
3_4_1,Adv,201.822256139864,186.0,201.822256139864,47,7207
3_4_1,Ele,200.32999472851873,186.0,200.32999472851873,47,3794
3_4_2,Adv,208.9147956246402,190.0,208.9147956246402,47,8685
3_4_2,Ele,196.30818933132983,183.0,196.30818933132983,47,6655
3_4_3,Adv,211.11355034065102,189.0,211.11355034065102,47,6605
3_4_3,Ele,197.68699086645273,181.0,197.68699086645273,47,4051
3_4_4,Adv,206.1280172413793,190.0,206.1280172413793,47,9280
3_4_4,Ele,195.07213438735178,180.0,195.07213438735178,47,7084
3_4_5,Adv,203.54548704200178,188.0,203.54548704200178,47,5595
3_4_5,Ele,191.4550659696291,177.0,191.4550659696291,47,4017
3_5_1,Adv,200.36172526277636,186.0,200.36172526277636,47,8277
3_5_1,Ele,206.7606691703653,190.0,206.7606691703653,47,5858
3_5_2,Adv,205.1802291248376,189.0,205.1802291248376,47,8467
3_5_2,Ele,205.73224043715848,189.0,205.73224043715848,47,7320
3_5_3,Adv,201.01569976076556,186.0,201.01569976076556,47,6688
3_5_3,Ele,192.16173633440513,180.0,192.16173633440513,47,6220
3_5_4,Adv,195.77577565632458,182.0,195.77577565632458,47,8380
3_5_4,Ele,198.8709470989761,185.0,198.8709470989761,47,4688
3_6_1,Adv,195.37595833936064,182.0,195.37595833936064,47,6913
3_6_1,Ele,201.49496937882765,185.0,201.49496937882765,47,4572
3_6_2,Adv,204.1567239635996,186.0,204.1567239635996,47,3956
3_6_2,Ele,194.27323330106486,181.0,194.27323330106486,47,4132
3_6_3,Adv,201.52997377294867,187.0,201.52997377294867,47,5338
3_6_3,Ele,203.7556420233463,187.0,203.7556420233463,47,3855
3_6_4,Adv,204.66129597197897,188.0,204.66129597197897,47,5710
3_6_4,Ele,196.91722148246782,181.5,196.91722148246782,47,4506
3_6_5,Adv,198.51219812715624,184.0,198.51219812715624,47,8116
3_6_5,Ele,199.78038699981212,185.0,199.78038699981212,47,5323
3_6_6,Adv,201.52282768777613,186.0,201.52282768777613,47,7469
3_6_6,Ele,193.82053354890866,179.0,193.82053354890866,47,7422
3_6_7,Adv,196.6851018220793,180.0,196.6851018220793,47,4665
3_6_7,Ele,198.37888395688014,181.0,198.37888395688014,47,3154
3_7_1,Adv,207.69747698194428,190.0,207.69747698194428,47,8363
3_7_1,Ele,202.16769768692845,184.0,202.16769768692845,47,7436
3_7_2,Adv,206.19450704225352,191.0,206.19450704225352,47,7100
3_7_2,Ele,196.95956590232802,184.0,196.95956590232802,47,5713
3_7_3,Adv,204.796992481203,189.0,204.796992481203,47,7315
3_7_3,Ele,202.47030665669408,185.0,202.47030665669408,47,6685
3_7_4,Adv,201.30346257010484,186.0,201.30346257010484,47,8202
3_7_4,Ele,207.1769424347279,190.0,207.1769424347279,47,6358
3_7_5,Adv,200.46441232615217,183.0,200.46441232615217,47,7334
3_7_5,Ele,204.19805467046788,188.0,204.19805467046788,47,5963
3_7_6,Adv,199.10859081978924,185.0,199.10859081978924,47,5599
3_7_6,Ele,197.56537457320746,182.0,197.56537457320746,47,4979
3_7_7,Adv,197.76053558844256,184.0,197.76053558844256,47,7095
3_7_7,Ele,200.98942257672968,186.0,200.98942257672968,47,5767
3_8_1,Adv,197.18349268841393,182.0,197.18349268841393,46,7112
3_8_1,Ele,204.30661712668083,188.0,204.30661712668083,47,5652
3_8_2,Adv,199.0796172248804,184.0,199.0796172248804,47,5225
3_8_2,Ele,201.9424058323208,187.0,201.9424058323208,47,4115
3_8_3,Adv,198.6389072847682,183.0,198.6389072847682,47,6040
3_8_3,Ele,193.40257849864838,180.0,193.40257849864838,47,4809
3_8_4,Adv,201.44325073644083,185.0,201.44325073644083,47,5771
3_8_4,Ele,189.24805867126832,178.0,189.24805867126832,47,4636
3_8_5,Adv,201.20226720647773,186.0,201.20226720647773,47,6175
3_8_5,Ele,203.83994090125586,187.0,203.83994090125586,47,4061
3_8_6,Adv,196.03622000298108,181.0,196.03622000298108,47,6709
3_8_6,Ele,202.62549894341396,187.0,202.62549894341396,47,4259
3_9_1,Adv,207.32124473561066,190.0,207.32124473561066,47,4274
3_9_1,Ele,198.15577439570276,184.0,198.15577439570276,47,3351
3_9_2,Adv,204.43134764384607,188.0,204.43134764384607,47,7873
3_9_2,Ele,198.31711409395973,184.0,198.31711409395973,47,6556
3_9_3,Adv,198.99450867052022,185.5,198.99450867052022,47,6920
3_9_3,Ele,191.18104156398883,180.0,191.18104156398883,47,6087
3_9_4,Adv,195.48480243161094,181.0,195.48480243161094,47,7238
3_9_4,Ele,202.37974982298797,188.0,202.37974982298797,47,4237
