text_id,align_idx,level,RegRateFirstPass,RegRateTotal,n_subjects,n_rows
1_10_1,0,Adv,0.20666666666666667,0.20749414519906323,55,2135
1_10_1,0,Ele,0.14725274725274726,0.15313852813852813,56,1848
1_10_1,1,Adv,0.23392857142857143,0.21626794258373205,55,1045
1_10_1,1,Ele,0.24236252545824846,0.20018796992481203,56,1064
1_10_1,2,Adv,0.29190751445086704,0.26297117516629714,55,2255
1_10_1,2,Ele,0.30084033613445377,0.26360544217687076,56,1176
1_10_2,3,Adv,0.18363636363636363,0.23995535714285715,56,896
1_10_2,3,Ele,0.1951219512195122,0.20861244019138755,55,1045
1_10_2,4,Adv,0.22989807474518686,0.2518472906403941,56,1624
1_10_2,4,Ele,0.27794117647058825,0.3062937062937063,55,1430
1_10_2,5,Adv,0.35283363802559414,0.25274725274725274,56,1456
1_10_2,5,Ele,0.31681681681681684,0.23636363636363636,55,1540
1_10_2,6,Adv,0.3715953307392996,0.2916666666666667,56,1008
1_10_2,6,Ele,0.3480083857442348,0.2676767676767677,55,990
1_10_3,7,Adv,0.2539870053160071,0.272192513368984,55,3740
1_10_3,7,Ele,0.23059866962305986,0.19162087912087913,56,2912
1_10_3,8,Adv,0.32027424094025464,0.3370288248337029,55,2255
1_10_3,8,Ele,0.345703125,0.25510204081632654,56,1176
1_10_4,9,Adv,0.26063829787234044,0.25935828877005346,55,1870
1_10_4,9,Ele,0.16140350877192983,0.14484126984126985,56,1008
1_10_4,10,Adv,0.30930537352555704,0.2668621700879765,55,1705
1_10_4,10,Ele,0.2591283863368669,0.20814732142857142,56,1792
1_10_4,11,Adv,0.28028933092224234,0.20606060606060606,55,1320
1_10_4,11,Ele,0.32041343669250644,0.22916666666666666,56,1008
1_10_4,12,Adv,0.2639175257731959,0.2131818181818182,55,2200
1_10_4,12,Ele,0.3685800604229607,0.23809523809523808,56,1512
1_10_4,13,Adv,0.31313131313131315,0.25279187817258886,55,1970
1_10_4,13,Ele,0.3344556677890011,0.236003861003861,56,2072
1_10_5,14,Adv,0.17307692307692307,0.2160427807486631,55,935
1_10_5,14,Ele,0.17193675889328064,0.16294642857142858,56,896
1_10_5,15,Adv,0.3185483870967742,0.3349282296650718,55,1045
1_10_5,15,Ele,0.22647527910685805,0.23133116883116883,56,1232
1_10_5,16,Adv,0.2641509433962264,0.31906158357771264,55,1705
1_10_5,16,Ele,0.2217453505007153,0.24107142857142858,56,1344
1_10_5,17,Adv,0.29554655870445345,0.31433566433566434,55,2860
1_10_5,17,Ele,0.3046153846153846,0.2706043956043956,56,1456
1_10_6,18,Adv,0.19391634980988592,0.23660714285714285,56,1568
1_10_6,18,Ele,0.2539130434782609,0.26454545454545453,55,1100
1_10_6,19,Adv,0.3357348703170029,0.3623271889400922,56,1736
1_10_6,19,Ele,0.2588383838383838,0.2694214876033058,55,1815
1_10_6,20,Adv,0.22985781990521326,0.24718045112781956,56,1064
1_10_6,20,Ele,0.3132832080200501,0.25757575757575757,55,990
1_10_6,21,Adv,0.27941176470588236,0.19047619047619047,56,840
1_10_6,22,Adv,0.1943127962085308,0.12218045112781954,56,1064
1_10_6,22,Ele,0.28159645232815966,0.18851674641148325,55,1045
1_10_6,23,Adv,0.291196388261851,0.23995535714285715,56,896
1_10_7,24,Adv,0.19549763033175355,0.15153061224489797,56,1960
1_10_7,24,Ele,0.1671388101983003,0.2106060606060606,55,660
1_10_7,25,Adv,0.29175946547884185,0.25,56,2072
1_10_7,25,Ele,0.23046875,0.23863636363636365,55,1760
1_10_7,26,Adv,0.2860125260960334,0.19642857142857142,56,1120
1_10_7,26,Ele,0.2689655172413793,0.19272727272727272,55,1100
1_10_7,27,Adv,0.24526198439241917,0.15282392026578073,56,2408
1_10_7,27,Ele,0.24910179640718563,0.15954545454545455,55,2200
1_1_1,28,Adv,0.24373259052924792,0.20854591836734693,56,1568
1_1_1,28,Ele,0.19405320813771518,0.1787878787878788,55,1320
1_1_1,29,Adv,0.2626427406199021,0.21571428571428572,56,1400
1_1_1,29,Ele,0.22007722007722008,0.17922077922077922,55,1155
1_1_1,30,Adv,0.21031746031746032,0.24142857142857144,56,1400
1_1_1,30,Ele,0.2180028129395218,0.18311688311688312,55,1540
1_1_1,31,Adv,0.29477196885428253,0.2694327731092437,56,1904
1_1_1,31,Ele,0.23452380952380952,0.22697947214076247,55,1705
1_1_2,32,Adv,0.15789473684210525,0.15833333333333333,56,840
1_1_2,33,Adv,0.23703703703703705,0.2077922077922078,56,616
1_1_2,33,Ele,0.19155844155844157,0.16198347107438016,55,605
1_1_2,34,Adv,0.23427331887201736,0.18937969924812031,56,2128
1_1_2,34,Ele,0.2651048088779285,0.22545454545454546,55,1925
1_1_2,35,Adv,0.17220543806646527,0.15051020408163265,56,784
1_1_2,35,Ele,0.20207253886010362,0.17333333333333334,55,825
1_1_2,36,Adv,0.2388758782201405,0.15126050420168066,56,952
1_1_2,36,Ele,0.16304347826086957,0.11196172248803828,55,1045
1_1_2,37,Adv,0.3506172839506173,0.21626984126984128,56,1008
1_1_2,37,Ele,0.3511450381679389,0.19272727272727272,55,275
1_1_3,38,Adv,0.21500457456541627,0.21152993348115298,55,2255
1_1_3,38,Ele,0.2028436018957346,0.17767857142857144,56,2240
1_1_3,39,Adv,0.3087431693989071,0.2844155844155844,55,1540
1_1_3,39,Ele,0.2534246575342466,0.20616883116883117,56,616
1_1_3,40,Adv,0.2371638141809291,0.19037433155080213,55,935
1_1_3,40,Ele,0.396875,0.2916666666666667,56,672
1_1_4,41,Adv,0.1592505854800937,0.23322884012539186,55,1595
1_1_4,41,Ele,0.20535714285714285,0.2175925925925926,56,1512
1_1_4,42,Adv,0.2692307692307692,0.25,55,1320
1_1_4,42,Ele,0.26881720430107525,0.22727272727272727,56,1232
1_1_4,43,Adv,0.27291666666666664,0.24784688995215312,55,1045
1_1_4,43,Ele,0.2463768115942029,0.23844537815126052,56,952
1_1_4,44,Adv,0.2889908256880734,0.21722488038277513,55,1045
1_1_5,45,Adv,0.15186915887850466,0.12954545454545455,55,880
1_1_5,45,Ele,0.10492505353319058,0.10825892857142858,56,896
1_1_5,46,Adv,0.26078028747433263,0.16996047430830039,55,1265
1_1_5,46,Ele,0.20159151193633953,0.15357142857142858,56,840
1_1_5,47,Adv,0.1643835616438356,0.10363636363636364,55,550
1_1_5,48,Adv,0.3778501628664495,0.3174825174825175,55,1430
1_1_5,48,Ele,0.35390199637023595,0.3392857142857143,56,1288
1_1_6,49,Adv,0.1614654002713704,0.18269230769230768,56,1456
1_1_6,50,Adv,0.2825112107623318,0.25595238095238093,56,1008
1_1_6,51,Adv,0.2893481717011129,0.30505952380952384,56,1344
1_1_6,51,Ele,0.16750629722921914,0.2048951048951049,55,1430
1_1_6,52,Adv,0.2440775305096913,0.26752021563342315,56,2968
1_1_6,52,Ele,0.23273855702094648,0.22210338680926917,55,2805
1_1_7,53,Adv,0.1623931623931624,0.2318181818181818,55,440
1_1_7,53,Ele,0.19607843137254902,0.21651785714285715,56,448
1_1_7,54,Adv,0.16451612903225807,0.16503496503496504,55,715
1_1_7,55,Adv,0.18862275449101795,0.23863636363636365,55,880
1_1_7,55,Ele,0.19788918205804748,0.15401785714285715,56,896
1_1_7,56,Adv,0.19480519480519481,0.21477272727272728,55,880
1_1_7,56,Ele,0.18613861386138614,0.1884920634920635,56,1008
1_1_7,57,Adv,0.2694736842105263,0.30818181818181817,55,1100
1_1_7,57,Ele,0.24550898203592814,0.26160714285714287,56,1120
1_1_7,58,Adv,0.25728987993138935,0.21048951048951048,55,1430
1_1_7,58,Ele,0.2559322033898305,0.18452380952380953,56,1344
1_1_7,59,Adv,0.307909604519774,0.3386363636363636,55,880
1_1_7,60,Adv,0.3039443155452436,0.2545454545454545,55,1045
1_2_1,61,Adv,0.1641991924629879,0.18893280632411066,55,1265
1_2_1,61,Ele,0.16005291005291006,0.14518633540372672,56,1288
1_2_1,62,Adv,0.20743034055727555,0.25142857142857145,55,1925
1_2_1,62,Ele,0.26323529411764707,0.24145962732919254,56,1288
1_2_1,63,Adv,0.22897196261682243,0.19318181818181818,55,1760
1_2_1,63,Ele,0.21764705882352942,0.20112781954887218,56,1064
1_2_1,64,Adv,0.212882096069869,0.15863636363636363,55,2200
1_2_1,64,Ele,0.20942982456140352,0.15153061224489797,56,1960
1_2_2,65,Adv,0.22413793103448276,0.23356643356643356,55,715
1_2_2,65,Ele,0.22053231939163498,0.22142857142857142,56,560
1_2_2,66,Adv,0.19230769230769232,0.17433155080213902,55,935
1_2_2,66,Ele,0.23978201634877383,0.18877551020408162,56,784
1_2_2,67,Adv,0.14447592067988668,0.18441558441558442,55,770
1_2_2,67,Ele,0.23460410557184752,0.22831632653061223,56,784
1_2_2,68,Adv,0.21505376344086022,0.2012121212121212,55,1650
1_2_2,68,Ele,0.21348314606741572,0.19642857142857142,56,1848
1_2_2,69,Adv,0.27090909090909093,0.3009090909090909,55,1100
1_2_2,69,Ele,0.2248427672955975,0.21350931677018634,56,1288
1_2_2,70,Adv,0.300982800982801,0.27624633431085044,55,1705
1_2_2,70,Ele,0.22283205268935236,0.20703125,56,1792
1_2_3,71,Adv,0.17369727047146402,0.1488095238095238,56,1512
1_2_3,72,Adv,0.26802621995630005,0.251984126984127,56,3024
1_2_3,72,Ele,0.25721352019785654,0.29173553719008266,55,2420
1_2_3,73,Adv,0.2589771490750816,0.27132936507936506,56,2016
1_2_3,73,Ele,0.2608695652173913,0.33218673218673217,55,2035
1_2_3,74,Adv,0.20707070707070707,0.13010204081632654,56,1176
1_2_4,75,Adv,0.19700460829493088,0.24942396313364054,56,1736
1_2_4,75,Ele,0.22986822840409957,0.30606060606060603,55,1320
1_2_4,76,Adv,0.2611190817790531,0.21556122448979592,56,1568
1_2_4,76,Ele,0.24237560192616373,0.20324675324675326,55,1540
1_2_4,77,Adv,0.2828282828282828,0.19464285714285715,56,1120
1_2_4,77,Ele,0.21052631578947367,0.21616161616161617,55,495
1_2_4,78,Adv,0.3106796116504854,0.28348214285714285,56,448
1_2_4,78,Ele,0.39473684210526316,0.3292929292929293,55,495
1_2_4,79,Adv,0.2701612903225806,0.18571428571428572,56,560
1_2_4,79,Ele,0.4112903225806452,0.24242424242424243,55,330
1_2_4,80,Adv,0.2647058823529412,0.20153061224489796,56,392
1_2_4,80,Ele,0.27007299270072993,0.25757575757575757,55,330
1_2_4,81,Adv,0.26597131681877445,0.1804029304029304,56,2184
1_2_4,81,Ele,0.3144963144963145,0.25353535353535356,55,990
1_2_5,82,Adv,0.13815789473684212,0.2261904761904762,56,1008
1_2_5,82,Ele,0.16308243727598568,0.2191919191919192,55,990
1_2_5,83,Adv,0.2766798418972332,0.32321428571428573,56,1120
1_2_5,83,Ele,0.3386454183266932,0.3567099567099567,55,1155
1_2_5,84,Adv,0.25161290322580643,0.23735119047619047,56,1344
1_2_5,84,Ele,0.2814814814814815,0.24497607655502393,55,1045
1_2_5,85,Adv,0.2306525037936267,0.18,56,1400
1_2_5,85,Ele,0.2929824561403509,0.2290909090909091,55,1375
1_2_5,86,Adv,0.21800947867298578,0.14668367346938777,56,1568
1_2_6,87,Adv,0.2235294117647059,0.25707070707070706,55,1980
1_2_6,87,Ele,0.23809523809523808,0.22678571428571428,56,1120
1_2_6,88,Adv,0.326984126984127,0.3048951048951049,55,715
1_2_6,88,Ele,0.3002832861189802,0.24725274725274726,56,728
1_2_6,89,Adv,0.35129310344827586,0.33131313131313134,55,990
1_2_6,89,Ele,0.31098696461824954,0.21,56,1400
1_3_1,90,Adv,0.2120838471023428,0.19296187683284458,55,1705
1_3_1,90,Ele,0.18637532133676094,0.16317733990147784,56,1624
1_3_1,91,Adv,0.288135593220339,0.3409090909090909,55,880
1_3_1,91,Ele,0.2639821029082774,0.3010204081632653,56,784
1_3_1,92,Adv,0.2727272727272727,0.24064171122994651,55,935
1_3_1,92,Ele,0.25833333333333336,0.1813186813186813,56,1456
1_3_1,93,Adv,0.3545706371191136,0.22032085561497325,55,935
1_3_1,93,Ele,0.31382978723404253,0.18277310924369747,56,952
1_3_2,94,Adv,0.1718146718146718,0.18067226890756302,56,952
1_3_2,94,Ele,0.15762273901808785,0.15974025974025974,55,770
1_3_2,95,Adv,0.34172661870503596,0.3125,56,1120
1_3_2,95,Ele,0.24924012158054712,0.28,55,1375
1_3_2,96,Adv,0.23454833597464342,0.2077922077922078,56,1232
1_3_2,96,Ele,0.23550724637681159,0.2690909090909091,55,550
1_3_2,97,Adv,0.3064182194616977,0.3382352941176471,56,952
1_3_2,97,Ele,0.4013452914798206,0.3931818181818182,55,880
1_3_3,98,Adv,0.1896551724137931,0.2235294117647059,55,935
1_3_3,98,Ele,0.21686746987951808,0.22142857142857142,56,1120
1_3_3,99,Adv,0.35064935064935066,0.3575757575757576,55,165
1_3_3,99,Ele,0.3176470588235294,0.24404761904761904,56,168
1_3_3,100,Adv,0.24820143884892087,0.24793388429752067,55,605
1_3_3,100,Ele,0.15126050420168066,0.11813186813186813,56,728
1_3_3,101,Adv,0.24362606232294617,0.2053475935828877,55,935
1_3_3,101,Ele,0.29,0.23660714285714285,56,224
1_3_3,102,Adv,0.2915766738660907,0.27058823529411763,55,935
1_3_3,102,Ele,0.18775510204081633,0.16428571428571428,56,560
1_3_3,103,Adv,0.5238095238095238,0.38636363636363635,55,220
1_3_3,103,Ele,0.36666666666666664,0.20238095238095238,56,336
1_3_3,104,Adv,0.178752107925801,0.17622377622377622,55,1430
1_3_3,104,Ele,0.23423423423423423,0.1765873015873016,56,1512
1_3_3,105,Adv,0.45977011494252873,0.3256198347107438,55,605
1_3_3,105,Ele,0.3905109489051095,0.23660714285714285,56,672
1_3_4,106,Adv,0.2225859247135843,0.2096273291925466,56,1288
1_3_4,106,Ele,0.09433962264150944,0.14545454545454545,55,385
1_3_4,107,Adv,0.30656934306569344,0.24675324675324675,56,616
1_3_4,107,Ele,0.23867069486404835,0.18961038961038962,55,770
1_3_4,108,Adv,0.2528216704288939,0.2509920634920635,56,1008
1_3_4,108,Ele,0.2875318066157761,0.33535353535353535,55,990
1_3_4,109,Adv,0.20449897750511248,0.15695488721804512,56,1064
1_3_4,110,Adv,0.22178606476938176,0.17857142857142858,56,2352
1_3_4,110,Ele,0.2902542372881356,0.24,55,2200
1_3_5,111,Adv,0.1783783783783784,0.23839285714285716,56,1120
1_3_5,112,Adv,0.1804812834224599,0.1690051020408163,56,1568
1_3_5,112,Ele,0.13496932515337423,0.1340909090909091,55,880
1_3_5,113,Adv,0.22302158273381295,0.23214285714285715,56,784
1_3_5,114,Adv,0.271889400921659,0.23633381924198252,56,5488
1_3_5,114,Ele,0.3096446700507614,0.24734133790737564,55,2915
1_4_1,115,Adv,0.22282608695652173,0.1728896103896104,56,1232
1_4_1,115,Ele,0.20279720279720279,0.141991341991342,55,1155
1_4_1,116,Adv,0.23134328358208955,0.1672077922077922,56,1232
1_4_1,116,Ele,0.23076923076923078,0.16536796536796536,55,1155
1_4_1,117,Adv,0.252212389380531,0.21314589665653497,56,2632
1_4_1,117,Ele,0.23994811932555124,0.26170798898071623,55,1815
1_4_1,119,Adv,0.29466192170818506,0.23995535714285715,56,3584
1_4_1,119,Ele,0.3418727915194346,0.27169811320754716,55,2915
1_4_2,120,Adv,0.21071428571428572,0.19917582417582416,56,2184
1_4_2,120,Ele,0.17849462365591398,0.15532467532467534,55,1925
1_4_2,121,Adv,0.2591743119266055,0.2369047619047619,56,840
1_4_2,121,Ele,0.17875647668393782,0.23636363636363636,55,825
1_4_2,122,Adv,0.21016166281755197,0.1737012987012987,56,1848
1_4_2,122,Ele,0.27903871829105475,0.21114369501466276,55,1705
1_4_2,123,Adv,0.22409638554216868,0.16567460317460317,56,1008
1_4_2,123,Ele,0.4482758620689655,0.2935064935064935,55,385
1_4_2,124,Adv,0.26353790613718414,0.2077922077922078,56,616
1_4_2,124,Ele,0.16727272727272727,0.17851239669421487,55,605
1_4_2,125,Adv,0.2672413793103448,0.23351648351648352,56,728
1_4_2,125,Ele,0.19936708860759494,0.22237762237762237,55,715
1_4_2,126,Adv,0.21443736730360935,0.16917293233082706,56,1064
1_4_2,126,Ele,0.21173469387755103,0.2222222222222222,55,990
1_4_2,127,Adv,0.45495495495495497,0.3,56,560
1_4_2,127,Ele,0.5367965367965368,0.32727272727272727,55,605
1_4_3,128,Adv,0.17190388170055454,0.1923444976076555,55,1045
1_4_3,128,Ele,0.18563922942206654,0.21898496240601503,56,1064
1_4_3,129,Adv,0.27205882352941174,0.34297520661157027,55,1210
1_4_3,129,Ele,0.2621359223300971,0.25535714285714284,56,1120
1_4_3,130,Adv,0.30128205128205127,0.29818181818181816,55,825
1_4_3,130,Ele,0.22456140350877193,0.23214285714285715,56,616
1_4_3,131,Adv,0.255859375,0.26926406926406926,55,1155
1_4_3,131,Ele,0.23877068557919623,0.22123015873015872,56,1008
1_4_3,132,Adv,0.26022304832713755,0.24012539184952977,55,1595
1_4_3,132,Ele,0.35103244837758113,0.2729591836734694,56,784
1_4_4,133,Adv,0.2534562211981567,0.275,55,1320
1_4_4,133,Ele,0.22807017543859648,0.23809523809523808,56,1176
1_4_4,134,Adv,0.29620253164556964,0.2823529411764706,55,935
1_4_4,134,Ele,0.24352331606217617,0.2342436974789916,56,952
1_4_4,135,Adv,0.3055555555555556,0.393006993006993,55,715
1_4_4,135,Ele,0.3805031446540881,0.43005952380952384,56,672
1_4_4,136,Adv,0.2704225352112676,0.2896103896103896,55,770
1_4_4,136,Ele,0.36213991769547327,0.288961038961039,56,616
1_4_4,137,Adv,0.25705329153605017,0.2681818181818182,55,660
1_4_4,137,Ele,0.26244343891402716,0.2003968253968254,56,504
1_4_4,138,Adv,0.32068543451652387,0.3,55,1870
1_4_4,138,Ele,0.3075980392156863,0.28733766233766234,56,1848
1_4_4,139,Adv,0.37545126353790614,0.2792207792207792,55,770
1_4_4,139,Ele,0.35260115606936415,0.3163265306122449,56,392
1_4_4,140,Adv,0.4353448275862069,0.35206611570247937,55,605
1_4_4,140,Ele,0.30409356725146197,0.25274725274725274,56,728
1_4_4,141,Adv,0.25862068965517243,0.23272727272727273,55,1100
1_4_5,142,Adv,0.15010141987829614,0.2111344537815126,56,952
1_4_5,142,Ele,0.1717171717171717,0.23535353535353534,55,990
1_4_5,143,Adv,0.25925925925925924,0.26857142857142857,56,1400
1_4_5,143,Ele,0.3235867446393762,0.2909090909090909,55,1265
1_4_5,144,Adv,0.24880382775119617,0.24725274725274726,56,1456
1_4_5,144,Ele,0.2854785478547855,0.29393939393939394,55,1320
1_4_5,145,Adv,0.37592592592592594,0.3223214285714286,56,1120
1_4_5,145,Ele,0.3600713012477718,0.2917748917748918,55,1155
1_5_1,146,Adv,0.2286096256684492,0.2519480519480519,55,1540
1_5_1,146,Ele,0.18967587034813926,0.16564039408866996,56,1624
1_5_1,147,Adv,0.259047619047619,0.22529644268774704,55,1265
1_5_1,147,Ele,0.2823061630218688,0.2021103896103896,56,1232
1_5_1,148,Adv,0.2821969696969697,0.21558441558441557,55,1155
1_5_1,148,Ele,0.2678983833718245,0.1775793650793651,56,1008
1_5_2,149,Adv,0.1903114186851211,0.18564593301435406,55,1045
1_5_2,149,Ele,0.14954954954954955,0.15575396825396826,56,1008
1_5_2,150,Adv,0.21676300578034682,0.2012121212121212,55,825
1_5_2,150,Ele,0.2206703910614525,0.1875,56,672
1_5_2,151,Adv,0.21176470588235294,0.175,55,880
1_5_2,151,Ele,0.16058394160583941,0.1092436974789916,56,952
1_5_2,152,Adv,0.27377049180327867,0.22803030303030303,55,1320
1_5_2,152,Ele,0.2695035460992908,0.2096273291925466,56,1288
1_5_2,153,Adv,0.23628691983122363,0.21468531468531468,55,2860
1_5_2,153,Ele,0.24419684308263695,0.1850303951367781,56,2632
1_5_2,154,Adv,0.26936026936026936,0.17532467532467533,55,1540
1_5_2,154,Ele,0.2905027932960894,0.19642857142857142,56,952
1_5_3,155,Adv,0.2229038854805726,0.2668918918918919,56,2072
1_5_3,155,Ele,0.22136222910216719,0.25691699604743085,55,1265
1_5_3,156,Adv,0.2662192393736018,0.31026785714285715,56,896
1_5_3,156,Ele,0.24269662921348314,0.19786096256684493,55,935
1_5_3,157,Adv,0.24374319912948858,0.23271889400921658,56,1736
1_5_3,157,Ele,0.2888086642599278,0.32386363636363635,55,1760
1_5_3,158,Adv,0.29711751662971175,0.22868663594470046,56,1736
1_5_3,158,Ele,0.34068627450980393,0.23272727272727273,55,825
1_5_4,159,Adv,0.2571428571428571,0.40454545454545454,55,220
1_5_4,159,Ele,0.2222222222222222,0.29464285714285715,56,224
1_5_4,160,Adv,0.22379032258064516,0.2794258373205742,55,1045
1_5_4,160,Ele,0.21791044776119403,0.17857142857142858,56,728
1_5_4,161,Adv,0.21993127147766323,0.2034090909090909,55,880
1_5_4,162,Adv,0.3114754098360656,0.403030303030303,55,330
1_5_4,163,Adv,0.2967515364354697,0.2927643784786642,55,2695
1_5_4,163,Ele,0.2857142857142857,0.26377551020408163,56,1960
1_5_4,164,Adv,0.3150105708245243,0.3130434782608696,55,1265
1_5_4,164,Ele,0.24748490945674045,0.25405844155844154,56,1232
1_5_4,165,Adv,0.2544987146529563,0.23735224586288417,55,2115
1_5_4,165,Ele,0.30562060889929743,0.279265873015873,56,2016
1_5_5,166,Adv,0.17622377622377622,0.2751322751322751,56,1512
1_5_5,166,Ele,0.19092331768388107,0.30822510822510824,55,1155
1_5_5,167,Adv,0.29742033383915023,0.34051724137931033,56,1624
1_5_5,167,Ele,0.3032069970845481,0.3771043771043771,55,1485
1_5_5,168,Adv,0.2911392405063291,0.26785714285714285,56,1400
1_5_5,168,Ele,0.25970149253731345,0.2719367588932806,55,1265
1_6_1,169,Adv,0.15384615384615385,0.14696969696969697,55,1320
1_6_1,169,Ele,0.15261627906976744,0.15104166666666666,56,1344
1_6_1,170,Adv,0.2635761589403974,0.2346590909090909,55,1760
1_6_1,170,Ele,0.2196620583717358,0.19285714285714287,56,1400
1_6_1,171,Adv,0.2952503209242619,0.24606060606060606,55,1650
1_6_1,171,Ele,0.3031161473087819,0.22916666666666666,56,672
1_6_2,172,Adv,0.18773466833541927,0.20997536945812809,56,1624
1_6_2,172,Ele,0.171875,0.233201581027668,55,1265
1_6_2,173,Adv,0.23752711496746204,0.2857142857142857,56,2072
1_6_2,173,Ele,0.2615803814713896,0.2787878787878788,55,1815
1_6_2,174,Adv,0.3081395348837209,0.30612244897959184,56,392
1_6_2,174,Ele,0.26693227091633465,0.20727272727272728,55,550
1_6_2,175,Adv,0.2272,0.195852534562212,56,1736
1_6_2,175,Ele,0.19457735247208932,0.17008797653958943,55,1705
1_6_2,176,Adv,0.36254980079681276,0.2892857142857143,56,560
1_6_2,176,Ele,0.3543307086614173,0.2672727272727273,55,550
1_6_3,177,Adv,0.174390243902439,0.19559228650137742,55,1815
1_6_3,177,Ele,0.17135549872122763,0.18571428571428572,56,1680
1_6_3,178,Adv,0.28820960698689957,0.2446969696969697,55,1320
1_6_3,178,Ele,0.20041753653444677,0.16875,56,1120
1_6_3,179,Adv,0.26848249027237353,0.3245454545454545,55,1100
1_6_3,179,Ele,0.2819548872180451,0.31493506493506496,56,1232
1_6_3,180,Adv,0.3572496263079223,0.42292490118577075,55,1265
1_6_3,180,Ele,0.34968017057569295,0.3445378151260504,56,952
1_6_4,181,Adv,0.12873563218390804,0.12946428571428573,56,896
1_6_4,181,Ele,0.16842105263157894,0.13517786561264822,55,1265
1_6_4,182,Adv,0.2270168855534709,0.1870748299319728,56,1176
1_6_4,182,Ele,0.20842105263157895,0.2,55,1155
1_6_4,183,Adv,0.23354564755838642,0.19642857142857142,56,1064
1_6_4,183,Ele,0.18382352941176472,0.15935828877005348,55,935
1_6_4,184,Adv,0.2129783693843594,0.15806878306878308,56,1512
1_6_4,184,Ele,0.2309278350515464,0.22583732057416267,55,1045
1_6_4,185,Adv,0.23274478330658105,0.2220496894409938,56,1288
1_6_4,185,Ele,0.2874354561101549,0.22727272727272727,55,1320
1_7_1,186,Adv,0.13602015113350127,0.10773809523809524,56,1680
1_7_1,186,Ele,0.1638655462184874,0.13986013986013987,55,1430
1_7_1,187,Adv,0.23006535947712417,0.18571428571428572,56,1680
1_7_1,187,Ele,0.2925170068027211,0.20505050505050504,55,990
1_7_1,188,Adv,0.2129319955406912,0.1361003861003861,56,2072
1_7_1,188,Ele,0.23273657289002558,0.14375,55,1760
1_7_1,189,Adv,0.17647058823529413,0.1118421052631579,56,1064
1_7_1,189,Ele,0.19572953736654805,0.15289256198347106,55,1210
1_7_1,190,Adv,0.2572178477690289,0.21904761904761905,56,840
1_7_1,190,Ele,0.30952380952380953,0.22272727272727272,55,880
1_7_1,191,Adv,0.21212121212121213,0.15816326530612246,56,392
1_7_1,191,Ele,0.30935251798561153,0.16883116883116883,55,385
1_7_1,192,Adv,0.14832535885167464,0.10714285714285714,56,560
1_7_1,192,Ele,0.1565217391304348,0.14,55,550
1_7_1,193,Adv,0.5241935483870968,0.4330357142857143,56,224
1_7_1,193,Ele,0.4298245614035088,0.36363636363636365,55,165
1_7_2,194,Adv,0.2245810055865922,0.19744897959183674,56,1960
1_7_2,194,Ele,0.18729463307776562,0.17320574162679425,55,2090
1_7_2,195,Adv,0.21663442940038685,0.13664596273291926,56,1288
1_7_2,195,Ele,0.2564102564102564,0.20727272727272728,55,1100
1_7_2,196,Adv,0.23120567375886525,0.19444444444444445,56,1512
1_7_2,196,Ele,0.2897350993377483,0.2610909090909091,55,1375
1_7_2,197,Adv,0.26371951219512196,0.1971153846153846,56,1456
1_7_2,197,Ele,0.29780033840947545,0.25745454545454544,55,1375
1_7_2,198,Adv,0.27807486631016043,0.22903726708074534,56,1288
1_7_2,198,Ele,0.32684824902723736,0.24380165289256198,55,1210
1_7_3,199,Adv,0.2424812030075188,0.22424242424242424,55,990
1_7_3,199,Ele,0.12366737739872068,0.0976890756302521,56,952
1_7_3,200,Adv,0.16602316602316602,0.12396694214876033,55,605
1_7_3,200,Ele,0.2564102564102564,0.15848214285714285,56,448
1_7_3,201,Adv,0.30739299610894943,0.27636363636363637,55,550
1_7_3,201,Ele,0.29508196721311475,0.24285714285714285,56,560
1_7_3,202,Adv,0.2516069788797062,0.22084257206208427,55,2255
1_7_3,202,Ele,0.2816020025031289,0.208011583011583,56,2072
1_7_3,203,Adv,0.2807570977917981,0.1972027972027972,55,715
1_7_3,203,Ele,0.23043478260869565,0.14464285714285716,56,560
1_7_3,204,Adv,0.27786032689450224,0.22991202346041056,55,1705
1_7_3,204,Ele,0.28061224489795916,0.21928571428571428,56,1400
1_7_3,205,Adv,0.32558139534883723,0.3893939393939394,55,1320
1_7_3,205,Ele,0.37026239067055394,0.35714285714285715,56,784
1_7_4,206,Adv,0.15384615384615385,0.1393939393939394,55,1320
1_7_4,206,Ele,0.1299638989169675,0.11394557823129252,56,1176
1_7_4,207,Adv,0.33014354066985646,0.29318181818181815,55,440
1_7_4,208,Adv,0.31070496083550914,0.2505050505050505,55,990
1_7_4,208,Ele,0.26834381551362685,0.2400793650793651,56,1008
1_7_4,209,Adv,0.3541147132169576,0.22545454545454546,55,1100
1_7_4,209,Ele,0.2606837606837607,0.18214285714285713,56,1120
1_7_4,210,Adv,0.26744186046511625,0.19008264462809918,55,605
1_7_4,210,Ele,0.20444444444444446,0.13690476190476192,56,504
1_7_4,211,Adv,0.36,0.26704545454545453,55,880
1_7_4,211,Ele,0.2691358024691358,0.23549107142857142,56,896
1_7_4,212,Adv,0.267515923566879,0.16647727272727272,55,1760
1_7_4,212,Ele,0.24835526315789475,0.13669950738916256,56,1624
1_7_4,213,Adv,0.2811918063314711,0.19797979797979798,55,1485
1_7_4,213,Ele,0.19917864476386038,0.13520408163265307,56,1176
1_8_1,214,Adv,0.21209465381244522,0.176984126984127,56,2520
1_8_1,214,Ele,0.15712682379349047,0.12057416267942583,55,2090
1_8_1,215,Adv,0.2608695652173913,0.21428571428571427,56,1064
1_8_1,215,Ele,0.2769607843137255,0.19425837320574163,55,1045
1_8_1,216,Adv,0.25092707045735474,0.22488839285714285,56,1792
1_8_1,216,Ele,0.25109170305676853,0.2055944055944056,55,2145
1_8_1,217,Adv,0.29295774647887324,0.19977678571428573,56,1792
1_8_1,217,Ele,0.32263513513513514,0.26136363636363635,55,1320
1_8_2,218,Adv,0.14747474747474748,0.15757575757575756,55,990
1_8_2,218,Ele,0.1384928716904277,0.1259920634920635,56,1008
1_8_2,219,Adv,0.27346938775510204,0.3138755980861244,55,1045
1_8_2,219,Ele,0.21212121212121213,0.2552521008403361,56,952
1_8_2,220,Adv,0.2462686567164179,0.2545454545454545,55,2255
1_8_2,220,Ele,0.2061742006615215,0.20483193277310924,56,1904
1_8_2,221,Adv,0.25925925925925924,0.2818181818181818,55,770
1_8_2,222,Adv,0.28600823045267487,0.4076555023923445,55,1045
1_8_2,222,Ele,0.28958333333333336,0.44246031746031744,56,1008
1_8_2,223,Adv,0.37209302325581395,0.3867768595041322,55,1210
1_8_2,223,Ele,0.3860232945091514,0.45610119047619047,56,1344
1_8_3,224,Adv,0.18771929824561404,0.18727272727272729,55,1100
1_8_3,224,Ele,0.16544117647058823,0.18839285714285714,56,1120
1_8_3,225,Adv,0.2136181575433912,0.193048128342246,55,1870
1_8_3,225,Ele,0.2133676092544987,0.19905462184873948,56,1904
1_8_3,226,Adv,0.3932038834951456,0.30505050505050507,55,495
1_8_3,226,Ele,0.4319526627218935,0.29017857142857145,56,448
1_8_3,227,Adv,0.2775061124694376,0.22975206611570248,55,1815
1_8_3,227,Ele,0.26239067055393583,0.211051930758988,56,1502
1_8_3,228,Adv,0.3173575129533679,0.2122850122850123,55,2035
1_8_3,228,Ele,0.2820143884892086,0.23399014778325122,56,1624
1_8_3,229,Adv,0.36363636363636365,0.30787878787878786,55,825
1_8_4,230,Adv,0.21699819168173598,0.2186046511627907,55,2365
1_8_4,230,Ele,0.2029109589041096,0.18027210884353742,56,2352
1_8_4,231,Adv,0.30952380952380953,0.38981818181818184,55,1375
1_8_4,231,Ele,0.2185929648241206,0.20416666666666666,56,1680
1_8_4,232,Adv,0.24889543446244478,0.2387878787878788,55,1650
1_8_4,232,Ele,0.25787965616045844,0.2505952380952381,56,1680
1_8_4,233,Adv,0.24767225325884543,0.19281183932346724,55,2365
1_8_4,233,Ele,0.23877068557919623,0.1974206349206349,56,2016
1_8_5,234,Adv,0.22869955156950672,0.29928571428571427,56,1400
1_8_5,234,Ele,0.22934232715008432,0.32727272727272727,55,1210
1_8_5,235,Adv,0.25957049486461253,0.30265567765567764,56,2184
1_8_5,235,Ele,0.2840512223515716,0.3245179063360882,55,1815
1_8_5,236,Adv,0.2680901542111507,0.19489795918367347,56,1960
1_8_5,236,Ele,0.26770538243626063,0.2,55,1485
1_9_1,237,Adv,0.16639741518578352,0.15178571428571427,56,1232
1_9_1,237,Ele,0.13242784380305603,0.11363636363636363,55,1100
1_9_1,238,Adv,0.18938053097345134,0.16198979591836735,56,2352
1_9_1,238,Ele,0.21368547418967587,0.19454545454545455,55,1650
1_9_1,239,Adv,0.24016282225237448,0.20163690476190477,56,1344
1_9_1,239,Ele,0.28595317725752506,0.26636363636363636,55,1100
1_9_2,240,Adv,0.23636363636363636,0.25781818181818184,55,2750
1_9_2,240,Ele,0.2365079365079365,0.2679932260795936,56,2362
1_9_2,241,Adv,0.33229813664596275,0.3594405594405594,55,715
1_9_2,241,Ele,0.356234096692112,0.4181360201511335,56,794
1_9_2,242,Adv,0.23529411764705882,0.1799043062200957,55,1045
1_9_2,242,Ele,0.31490384615384615,0.2222222222222222,56,1008
1_9_2,243,Adv,0.4277016742770167,0.42382445141065833,55,1595
1_9_2,243,Ele,0.40398550724637683,0.4383116883116883,56,1232
1_9_3,244,Adv,0.09701492537313433,0.13246753246753246,55,770
1_9_3,244,Ele,0.1972972972972973,0.20153061224489796,56,784
1_9_3,245,Adv,0.24709302325581395,0.24025974025974026,55,770
1_9_3,245,Ele,0.18206521739130435,0.16709183673469388,56,784
1_9_3,246,Adv,0.2606790799561884,0.2887700534759358,55,1870
1_9_3,246,Ele,0.23175182481751824,0.29336734693877553,56,1176
1_9_3,247,Adv,0.4671814671814672,0.4161616161616162,55,495
1_9_3,247,Ele,0.4849624060150376,0.3869047619047619,56,504
1_9_4,248,Adv,0.138328530259366,0.15922619047619047,56,672
1_9_4,248,Ele,0.1544943820224719,0.15757575757575756,55,660
1_9_4,249,Adv,0.25326370757180156,0.29395604395604397,56,728
1_9_4,249,Ele,0.22570532915360503,0.21678321678321677,55,715
1_9_4,250,Adv,0.22372881355932203,0.37012987012987014,56,1232
1_9_4,250,Ele,0.25859247135842883,0.40632411067193674,55,1265
1_9_4,251,Adv,0.36147757255936674,0.38130252100840334,56,952
1_9_4,251,Ele,0.3626062322946176,0.41414141414141414,55,990
1_9_4,252,Adv,0.337431693989071,0.3757142857142857,56,1400
1_9_4,252,Ele,0.41225165562913907,0.432,55,1375
1_9_5,253,Adv,0.2247557003257329,0.18777056277056278,56,1848
1_9_5,254,Adv,0.26252646436132676,0.2596428571428571,56,2800
1_9_5,254,Ele,0.2375316990701606,0.287012987012987,55,2310
1_9_5,255,Adv,0.26,0.18681318681318682,56,728
1_9_5,255,Ele,0.24509803921568626,0.23484848484848486,55,660
1_9_5,256,Adv,0.2195540308747856,0.16294642857142858,56,1344
1_9_5,256,Ele,0.32162661737523107,0.22251082251082252,55,1155
1_9_6,257,Adv,0.14685314685314685,0.14158163265306123,56,784
1_9_6,257,Ele,0.164079822616408,0.18181818181818182,55,770
1_9_6,258,Adv,0.24761904761904763,0.21316964285714285,56,896
1_9_6,258,Ele,0.22262118491921004,0.2049586776859504,55,1210
1_9_6,259,Adv,0.25833333333333336,0.20932539682539683,56,1008
1_9_6,259,Ele,0.2702702702702703,0.21913875598086124,55,1045
1_9_6,260,Adv,0.3378016085790885,0.29464285714285715,56,896
1_9_6,260,Ele,0.29347826086956524,0.22613636363636364,55,880
1_9_6,261,Adv,0.3669064748201439,0.25357142857142856,56,280
1_9_6,261,Ele,0.3125,0.27636363636363637,55,275
1_9_6,262,Adv,0.2735294117647059,0.2156084656084656,56,1512
1_9_6,262,Ele,0.2633333333333333,0.21893939393939393,55,1320
1_9_6,263,Adv,0.6060606060606061,0.35119047619047616,56,168
1_9_6,263,Ele,0.2159090909090909,0.15757575757575756,55,165
1_9_6,264,Adv,0.2518796992481203,0.19886363636363635,56,1232
1_9_6,264,Ele,0.26272912423625255,0.19363636363636363,55,1100
2_10_1,265,Adv,0.15040650406504066,0.11076923076923077,50,650
2_10_1,266,Adv,0.1839323467230444,0.14148148148148149,50,2700
2_10_1,266,Ele,0.19710144927536233,0.15306122448979592,49,2450
2_10_1,267,Adv,0.24385964912280703,0.21142857142857144,50,1400
2_10_1,267,Ele,0.24634655532359082,0.18722271517302574,49,1127
2_10_1,268,Adv,0.2631578947368421,0.24578947368421053,50,1900
2_10_1,268,Ele,0.27520435967302453,0.26785714285714285,49,1568
2_10_2,269,Adv,0.14736842105263157,0.17131857555341676,50,1039
2_10_2,269,Ele,0.13493975903614458,0.15306122448979592,49,784
2_10_2,270,Adv,0.18933333333333333,0.15333333333333332,50,900
2_10_2,270,Ele,0.2112676056338028,0.1261595547309833,49,539
2_10_2,271,Adv,0.14576271186440679,0.1523076923076923,50,650
2_10_2,271,Ele,0.28523489932885904,0.1760204081632653,49,784
2_10_2,272,Adv,0.2062780269058296,0.2308695652173913,50,2300
2_10_2,272,Ele,0.25918367346938775,0.2847866419294991,49,2156
2_10_2,273,Adv,0.2168284789644013,0.16375,50,1600
2_10_2,273,Ele,0.21402877697841727,0.17582417582417584,49,1274
2_10_3,274,Adv,0.1416184971098266,0.15743440233236153,49,686
2_10_3,274,Ele,0.08670520231213873,0.11714285714285715,50,700
2_10_3,275,Adv,0.28019323671497587,0.2766439909297052,49,441
2_10_3,275,Ele,0.24757281553398058,0.21777777777777776,50,450
2_10_3,276,Adv,0.1890359168241966,0.20500927643784786,49,1078
2_10_3,276,Ele,0.1831275720164609,0.178,50,1000
2_10_3,277,Adv,0.24924471299093656,0.22696351267779838,49,1617
2_10_3,277,Ele,0.229706390328152,0.20580645161290323,50,1550
2_10_3,278,Adv,0.32407407407407407,0.22448979591836735,49,490
2_10_3,278,Ele,0.3786407766990291,0.31,50,200
2_10_3,279,Adv,0.2408026755852843,0.211118930330753,49,1421
2_10_3,279,Ele,0.23277467411545624,0.15354838709677418,50,1550
2_10_4,280,Adv,0.24857468643101482,0.2770408163265306,49,1960
2_10_4,280,Ele,0.21984216459977451,0.2427027027027027,50,1850
2_10_4,281,Adv,0.22905027932960895,0.20168067226890757,49,833
2_10_4,281,Ele,0.2974683544303797,0.23714285714285716,50,350
2_10_4,282,Adv,0.3316831683168317,0.20408163265306123,49,441
2_10_4,282,Ele,0.20481927710843373,0.18571428571428572,50,350
2_10_4,283,Adv,0.20772946859903382,0.13411078717201166,49,1029
2_10_4,283,Ele,0.23595505617977527,0.18727272727272729,50,550
2_10_4,284,Adv,0.20588235294117646,0.12192569335426479,49,1911
2_10_4,285,Adv,0.21402877697841727,0.1554160125588697,49,1274
2_10_4,285,Ele,0.26806083650190116,0.188,50,1250
2_1_1,286,Adv,0.18050314465408804,0.22716627634660422,49,2989
2_1_1,286,Ele,0.1701492537313433,0.19157894736842104,50,2850
2_1_1,287,Adv,0.22369668246445498,0.23160892263882296,49,2107
2_1_1,287,Ele,0.21657754010695188,0.26914285714285713,50,1750
2_1_1,288,Adv,0.31978319783197834,0.2784256559766764,49,686
2_1_1,288,Ele,0.38271604938271603,0.30714285714285716,50,700
2_1_2,289,Adv,0.13674033149171272,0.13201530612244897,49,1568
2_1_2,289,Ele,0.1348148148148148,0.13,50,1600
2_1_2,290,Adv,0.2682926829268293,0.30247813411078717,49,1372
2_1_2,290,Ele,0.23877917414721722,0.28814814814814815,50,1350
2_1_2,291,Adv,0.28444444444444444,0.20918367346938777,49,588
2_1_2,291,Ele,0.27807486631016043,0.19333333333333333,50,600
2_1_2,292,Adv,0.2158894645941278,0.13673469387755102,49,1470
2_1_2,292,Ele,0.3225806451612903,0.256,50,250
2_1_2,293,Adv,0.2733050847457627,0.2290249433106576,49,1323
2_1_2,293,Ele,0.2635135135135135,0.2063157894736842,50,950
2_1_3,294,Adv,0.1455223880597015,0.19454545454545455,50,550
2_1_3,294,Ele,0.18152866242038215,0.23469387755102042,49,588
2_1_3,295,Adv,0.1790193842645382,0.219,50,2000
2_1_3,295,Ele,0.22459893048128343,0.24725274725274726,49,1274
2_1_3,296,Adv,0.2524271844660194,0.20363636363636364,50,1100
2_1_3,297,Adv,0.21375186846038863,0.19818181818181818,50,1650
2_1_3,297,Ele,0.2327823691460055,0.2262905162064826,49,1666
2_1_4,298,Adv,0.15384615384615385,0.1391304347826087,50,1150
2_1_4,298,Ele,0.09803921568627451,0.14540816326530612,49,392
2_1_4,299,Adv,0.1628440366972477,0.13047619047619047,50,1050
2_1_4,299,Ele,0.16335540838852097,0.1520408163265306,49,980
2_1_4,300,Adv,0.28187919463087246,0.1975,50,400
2_1_4,300,Ele,0.3765432098765432,0.2627551020408163,49,392
2_1_4,301,Adv,0.30303030303030304,0.24222222222222223,50,450
2_1_4,302,Adv,0.19642857142857142,0.13666666666666666,50,300
2_1_4,303,Adv,0.3052959501557632,0.18444444444444444,50,900
2_1_4,304,Adv,0.20421052631578948,0.2,50,1050
2_1_4,304,Ele,0.24361493123772102,0.18738404452690166,49,1078
2_1_4,305,Adv,0.2579710144927536,0.16542372881355932,50,2950
2_1_4,305,Ele,0.22208281053952322,0.14892443463872035,49,1813
2_1_5,306,Adv,0.14547677261613692,0.11675675675675676,50,1850
2_1_5,306,Ele,0.19694868238557559,0.16787360105332455,49,1519
2_1_5,307,Adv,0.29180327868852457,0.28815879534565364,50,1461
2_1_5,307,Ele,0.249597423510467,0.25510204081632654,49,1274
2_1_5,308,Adv,0.17796610169491525,0.16,50,750
2_1_5,308,Ele,0.30711610486891383,0.3081632653061224,49,490
2_1_5,309,Adv,0.27184466019417475,0.25636363636363635,50,1100
2_1_5,309,Ele,0.21674876847290642,0.2494331065759637,49,882
2_1_5,310,Adv,0.32211538461538464,0.31272727272727274,50,1100
2_1_5,310,Ele,0.25740318906605925,0.3323615160349854,49,1029
2_1_5,311,Adv,0.27586206896551724,0.27125,50,800
2_1_5,311,Ele,0.3074712643678161,0.3125,49,784
2_1_6,312,Adv,0.18181818181818182,0.2522448979591837,49,1225
2_1_6,312,Ele,0.18811881188118812,0.29,50,1200
2_1_6,313,Adv,0.23406593406593407,0.24429771908763506,49,1666
2_1_6,313,Ele,0.18867924528301888,0.2571428571428571,50,700
2_1_6,314,Adv,0.1905940594059406,0.1383219954648526,49,882
2_1_6,314,Ele,0.20833333333333334,0.14,50,300
2_1_6,315,Adv,0.20809248554913296,0.2096938775510204,49,1960
2_1_6,315,Ele,0.2129105322763307,0.199,50,2000
2_1_6,316,Adv,0.2788844621513944,0.2523191094619666,49,1078
2_1_6,316,Ele,0.228310502283105,0.2222222222222222,50,900
2_2_1,317,Adv,0.14473684210526316,0.26,50,200
2_2_1,317,Ele,0.08333333333333333,0.19727891156462585,49,147
2_2_1,318,Adv,0.2178477690288714,0.18941176470588236,50,850
2_2_1,318,Ele,0.21390374331550802,0.17346938775510204,49,784
2_2_1,319,Adv,0.20930232558139536,0.26,50,150
2_2_1,319,Ele,0.25210084033613445,0.29591836734693877,49,196
2_2_1,320,Adv,0.24754901960784315,0.219,50,1000
2_2_1,320,Ele,0.26878612716763006,0.3048469387755102,49,784
2_2_1,321,Adv,0.1927710843373494,0.128,50,250
2_2_1,321,Ele,0.24157303370786518,0.20634920634920634,49,441
2_2_1,322,Adv,0.2596685082872928,0.2088888888888889,50,450
2_2_1,322,Ele,0.21739130434782608,0.15051020408163265,49,392
2_2_1,323,Adv,0.20168067226890757,0.14857142857142858,50,350
2_2_1,323,Ele,0.20261437908496732,0.14285714285714285,49,343
2_2_1,324,Adv,0.218562874251497,0.15789473684210525,50,950
2_2_1,324,Ele,0.1891891891891892,0.14795918367346939,49,784
2_2_1,325,Adv,0.2570093457943925,0.18518518518518517,50,1350
2_2_1,325,Ele,0.23604465709728867,0.23885109599395313,49,1323
2_2_2,326,Adv,0.15137614678899083,0.12666666666666668,50,1350
2_2_2,326,Ele,0.1362397820163488,0.11370262390670553,49,686
2_2_2,327,Adv,0.28125,0.1781818181818182,50,550
2_2_2,327,Ele,0.24290220820189273,0.19183673469387755,49,735
2_2_2,328,Adv,0.18352059925093633,0.17,50,600
2_2_2,328,Ele,0.24579124579124578,0.1978021978021978,49,637
2_2_2,329,Adv,0.22929936305732485,0.22736842105263158,50,950
2_2_2,329,Ele,0.17274939172749393,0.19441460794844254,49,931
2_2_2,330,Adv,0.3456221198156682,0.2727272727272727,50,550
2_2_2,330,Ele,0.328719723183391,0.25745682888540034,49,637
2_2_2,331,Adv,0.2613065326633166,0.20727272727272728,50,550
2_2_2,331,Ele,0.27232142857142855,0.22040816326530613,49,490
2_2_2,332,Adv,0.25,0.19166666666666668,50,600
2_2_2,332,Ele,0.22695035460992907,0.2560296846011132,49,539
2_2_2,333,Adv,0.2966002344665885,0.2248,50,2500
2_2_2,333,Ele,0.24461206896551724,0.16858917480035493,49,2254
2_2_3,334,Adv,0.18699186991869918,0.205,50,200
2_2_3,335,Adv,0.22108843537414966,0.21851851851851853,50,1350
2_2_3,335,Ele,0.1930116472545757,0.29458740017746227,49,1127
2_2_3,336,Adv,0.24603174603174602,0.32,50,250
2_2_3,336,Ele,0.2054794520547945,0.2571428571428571,49,245
2_2_3,337,Adv,0.27037037037037037,0.19875,50,800
2_2_3,337,Ele,0.27049180327868855,0.26770708283313327,49,833
2_2_3,338,Adv,0.2441860465116279,0.3142857142857143,50,1050
2_2_3,338,Ele,0.24943820224719102,0.23283858998144713,49,1078
2_2_3,339,Adv,0.2654424040066778,0.2524137931034483,50,1450
2_2_3,339,Ele,0.2895927601809955,0.27175080558539205,49,931
2_2_4,340,Adv,0.125,0.21836734693877552,49,490
2_2_4,340,Ele,0.14180929095354522,0.23285714285714285,50,700
2_2_4,341,Adv,0.32211538461538464,0.39941690962099125,49,343
2_2_4,341,Ele,0.3390804597701149,0.3075,50,400
2_2_4,342,Adv,0.32040816326530613,0.3333333333333333,49,1911
2_2_4,342,Ele,0.2897897897897898,0.25285714285714284,50,1400
2_2_5,343,Adv,0.0898876404494382,0.10204081632653061,49,686
2_2_5,343,Ele,0.12202380952380952,0.13076923076923078,50,650
2_2_5,344,Adv,0.25517241379310346,0.2193877551020408,49,588
2_2_5,344,Ele,0.24675324675324675,0.25,50,600
2_2_5,345,Adv,0.3008595988538682,0.22108843537414966,49,882
2_2_5,345,Ele,0.27492447129909364,0.216,50,1000
2_2_5,346,Adv,0.1836734693877551,0.1469387755102041,49,980
2_2_5,347,Adv,0.18627450980392157,0.17857142857142858,49,196
2_2_5,347,Ele,0.2108843537414966,0.16666666666666666,50,450
2_2_5,348,Adv,0.288,0.22448979591836735,49,294
2_2_5,348,Ele,0.17647058823529413,0.125,50,600
2_2_5,349,Adv,0.16666666666666666,0.26326530612244897,49,490
2_2_5,349,Ele,0.25742574257425743,0.33,50,500
2_2_5,350,Adv,0.2589641434262948,0.25170068027210885,49,588
2_2_5,351,Adv,0.2544642857142857,0.22108843537414966,49,588
2_2_5,352,Adv,0.21875,0.17006802721088435,49,147
2_2_5,353,Adv,0.22063037249283668,0.19319727891156463,49,735
2_2_5,353,Ele,0.22666666666666666,0.19333333333333333,50,750
2_2_5,354,Adv,0.32763532763532766,0.24872448979591838,49,784
2_2_5,354,Ele,0.3709677419354839,0.2975,50,800
2_2_6,355,Adv,0.14985590778097982,0.19309262166405022,49,637
2_2_6,355,Ele,0.14728682170542637,0.2325,50,400
2_2_6,356,Adv,0.2147887323943662,0.2687074829931973,49,588
2_2_6,356,Ele,0.2621951219512195,0.285,50,400
2_2_6,357,Adv,0.2508361204013378,0.22135007849293564,49,637
2_2_6,357,Ele,0.26022304832713755,0.23076923076923078,50,650
2_2_6,358,Adv,0.19078947368421054,0.14868804664723032,49,343
2_2_6,358,Ele,0.33620689655172414,0.21,50,300
2_2_6,359,Adv,0.27055702917771884,0.24149659863945577,49,882
2_2_6,359,Ele,0.24907063197026022,0.2630769230769231,50,650
2_2_6,360,Adv,0.22118380062305296,0.23390894819466249,49,637
2_2_6,360,Ele,0.24125874125874125,0.21076923076923076,50,650
2_2_6,361,Adv,0.2617801047120419,0.22704081632653061,49,392
2_2_6,361,Ele,0.37579617834394907,0.2175,50,400
2_3_1,362,Adv,0.10303030303030303,0.12,50,650
2_3_1,362,Ele,0.10027855153203342,0.08791208791208792,49,637
2_3_1,363,Adv,0.23863636363636365,0.1951219512195122,50,2050
2_3_1,363,Ele,0.19707207207207209,0.19795918367346937,49,1960
2_3_1,364,Adv,0.19965870307167236,0.22296296296296297,50,1350
2_3_1,364,Ele,0.21826625386996903,0.25477287689269257,49,1519
2_3_1,365,Adv,0.29936305732484075,0.18888888888888888,50,450
2_3_1,366,Adv,0.23155737704918034,0.18083333333333335,50,1200
2_3_1,366,Ele,0.2713472485768501,0.22023809523809523,49,1176
2_3_1,367,Adv,0.2826666666666667,0.19904761904761906,50,1050
2_3_1,367,Ele,0.20588235294117646,0.16419294990723562,49,1078
2_3_2,368,Adv,0.16875,0.14580645161290323,50,1550
2_3_2,368,Ele,0.15714285714285714,0.1217906517445688,49,1519
2_3_2,369,Adv,0.2777777777777778,0.14,50,450
2_3_2,370,Adv,0.21910112359550563,0.17130434782608694,50,1150
2_3_2,370,Ele,0.27586206896551724,0.22263450834879406,49,539
2_3_2,371,Adv,0.23076923076923078,0.24421052631578946,50,950
2_3_2,371,Ele,0.358695652173913,0.3360544217687075,49,735
2_3_2,372,Adv,0.2741020793950851,0.24166666666666667,50,1200
2_3_2,372,Ele,0.35443037974683544,0.3554421768707483,49,588
2_3_2,373,Adv,0.25678733031674206,0.2047898338220919,50,2046
2_3_2,373,Ele,0.26439482961222094,0.2664723032069971,49,1715
2_3_3,374,Adv,0.1853932584269663,0.20535714285714285,49,1568
2_3_3,374,Ele,0.1858108108108108,0.19111111111111112,50,1350
2_3_3,375,Adv,0.3172302737520129,0.4,49,1715
2_3_3,375,Ele,0.2564491654021244,0.33066666666666666,50,1500
2_3_3,376,Adv,0.2727272727272727,0.3578231292517007,49,1470
2_3_3,377,Adv,0.37155963302752293,0.24149659863945577,49,588
2_3_3,378,Adv,0.2416555407209613,0.187847866419295,49,2156
2_3_3,378,Ele,0.22103658536585366,0.16378378378378378,50,1850
2_3_4,379,Adv,0.16179775280898875,0.1831578947368421,50,950
2_3_4,379,Ele,0.09502262443438914,0.14852607709750568,49,882
2_3_4,380,Adv,0.2611190817790531,0.26176470588235295,50,1700
2_3_4,380,Ele,0.2601626016260163,0.3115646258503401,49,735
2_3_4,381,Adv,0.1910569105691057,0.17304347826086958,50,1150
2_3_4,381,Ele,0.32748538011695905,0.31887755102040816,49,784
2_3_4,382,Adv,0.24193548387096775,0.2088888888888889,50,900
2_3_4,382,Ele,0.1509433962264151,0.15070643642072212,49,637
2_3_4,383,Adv,0.25853658536585367,0.188,50,500
2_3_4,383,Ele,0.11935483870967742,0.09183673469387756,49,588
2_3_4,384,Adv,0.21342925659472423,0.13043478260869565,50,1150
2_3_4,384,Ele,0.19437939110070257,0.12781954887218044,49,931
2_3_4,385,Adv,0.28125,0.19333333333333333,50,600
2_4_1,386,Adv,0.19182652210175147,0.2058718224131758,49,2793
2_4_1,386,Ele,0.1703835860838537,0.19019607843137254,50,2550
2_4_1,387,Adv,0.2581699346405229,0.24,49,1225
2_4_1,387,Ele,0.28618421052631576,0.24,50,700
2_4_2,388,Adv,0.1619047619047619,0.1772594752186589,49,1715
2_4_2,388,Ele,0.17806451612903226,0.18666666666666668,50,1650
2_4_2,389,Adv,0.21195652173913043,0.21882086167800455,49,1764
2_4_2,389,Ele,0.18181818181818182,0.19583333333333333,50,1200
2_4_2,390,Adv,0.3770491803278688,0.29300291545189505,49,686
2_4_2,390,Ele,0.3650190114068441,0.25076923076923074,50,650
2_4_3,391,Adv,0.1881785283474065,0.2964554242749731,49,1862
2_4_3,391,Ele,0.15465465465465467,0.25161290322580643,50,1550
2_4_3,392,Adv,0.2867756315007429,0.39302172481895986,49,1519
2_4_3,392,Ele,0.2693498452012384,0.30625,50,800
2_4_3,393,Adv,0.281786941580756,0.25745682888540034,49,637
2_4_3,393,Ele,0.2703862660944206,0.22,50,650
2_4_3,394,Adv,0.31773399014778325,0.2513426423200859,49,931
2_4_3,394,Ele,0.34540389972144847,0.25894736842105265,50,950
2_4_4,395,Adv,0.18952879581151832,0.23469387755102042,49,1960
2_4_4,395,Ele,0.2163965681601525,0.21636363636363637,50,2200
2_4_4,396,Adv,0.22201834862385322,0.27040816326530615,49,1176
2_4_4,396,Ele,0.24735729386892177,0.29818181818181816,50,1100
2_4_4,397,Adv,0.22617124394184168,0.18639455782312925,49,1470
2_4_4,397,Ele,0.32625994694960214,0.2336842105263158,50,950
2_4_5,398,Adv,0.13585434173669467,0.16857142857142857,50,1400
2_4_5,398,Ele,0.1523809523809524,0.130298273155416,49,1274
2_4_5,399,Adv,0.22875816993464052,0.23666666666666666,50,1200
2_4_5,399,Ele,0.19559902200489,0.16198979591836735,49,784
2_4_5,400,Adv,0.21983914209115282,0.2411764705882353,50,850
2_4_5,400,Ele,0.2222222222222222,0.2536443148688047,49,343
2_4_5,401,Adv,0.19076305220883535,0.17666666666666667,50,1200
2_4_5,401,Ele,0.13983739837398373,0.1726844583987441,49,1274
2_4_5,402,Adv,0.37425149700598803,0.3293333333333333,50,750
2_4_5,402,Ele,0.3087885985748218,0.3231292517006803,49,882
2_4_6,403,Adv,0.14402173913043478,0.15846153846153846,50,650
2_4_6,403,Ele,0.1506172839506173,0.1712018140589569,49,882
2_4_6,404,Adv,0.1980440097799511,0.18555555555555556,50,900
2_4_6,404,Ele,0.21867881548974943,0.2153061224489796,49,980
2_4_6,405,Adv,0.2694300518134715,0.26222222222222225,50,450
2_4_6,405,Ele,0.22900763358778625,0.23979591836734693,49,588
2_4_6,406,Adv,0.2792207792207792,0.2511111111111111,50,1350
2_4_6,406,Ele,0.23841961852861035,0.2585034013605442,49,1470
2_4_7,407,Adv,0.22377622377622378,0.34183673469387754,49,1372
2_4_7,407,Ele,0.16954022988505746,0.2664285714285714,50,1400
2_4_7,408,Adv,0.2772511848341232,0.21282798833819241,49,1029
2_4_7,408,Ele,0.2857142857142857,0.24222222222222223,50,900
2_4_7,409,Adv,0.18232044198895028,0.14405762304921968,49,833
2_4_7,409,Ele,0.29770992366412213,0.17,50,400
2_4_7,410,Adv,0.20359281437125748,0.10884353741496598,49,882
2_4_7,411,Adv,0.296875,0.2086899275839368,49,1519
2_4_7,411,Ele,0.18823529411764706,0.17714285714285713,50,1400
2_5_1,412,Adv,0.13582089552238805,0.1111111111111111,50,1350
2_5_1,412,Ele,0.1079734219269103,0.0858843537414966,49,1176
2_5_1,413,Adv,0.2401656314699793,0.16857142857142857,50,1050
2_5_1,414,Adv,0.2052980132450331,0.18571428571428572,50,350
2_5_1,415,Adv,0.1837037037037037,0.19111111111111112,50,1800
2_5_1,415,Ele,0.1872093023255814,0.18587975730832873,49,1813
2_5_1,416,Adv,0.2722371967654987,0.23473684210526316,50,1900
2_5_1,416,Ele,0.3104972375690608,0.2996777658431794,49,1862
2_5_2,417,Adv,0.1284722222222222,0.1206896551724138,50,1450
2_5_2,417,Ele,0.12548262548262548,0.0977891156462585,49,1176
2_5_2,418,Adv,0.14743589743589744,0.11125,50,800
2_5_2,418,Ele,0.21505376344086022,0.1292517006802721,49,441
2_5_2,419,Adv,0.18587360594795538,0.14857142857142858,50,700
2_5_2,420,Adv,0.22750424448217318,0.22375,50,1600
2_5_2,420,Ele,0.2448377581120944,0.2653061224489796,49,1568
2_5_2,421,Adv,0.3202846975088968,0.38,50,1300
2_5_2,422,Adv,0.2862903225806452,0.24714285714285714,50,700
2_5_2,422,Ele,0.26855123674911663,0.18658892128279883,49,686
2_5_2,423,Adv,0.16981132075471697,0.16,50,550
2_5_2,423,Ele,0.20422535211267606,0.1967930029154519,49,686
2_5_2,424,Adv,0.27320954907161804,0.21058823529411766,50,850
2_5_2,424,Ele,0.25526932084309134,0.2675736961451247,49,882
2_5_3,425,Adv,0.16452991452991453,0.1927437641723356,49,882
2_5_3,425,Ele,0.15124153498871332,0.22555555555555556,50,900
2_5_3,426,Adv,0.22063037249283668,0.1404561824729892,49,833
2_5_3,426,Ele,0.18128654970760233,0.15058823529411763,50,850
2_5_3,427,Adv,0.22682926829268293,0.2289023717595146,49,1813
2_5_3,427,Ele,0.2539912917271408,0.2556756756756757,50,1850
2_5_4,428,Adv,0.12322274881516587,0.12866666666666668,50,1500
2_5_4,428,Ele,0.1527027027027027,0.17452498240675582,49,1421
2_5_4,429,Adv,0.27300613496932513,0.276,50,750
2_5_4,430,Adv,0.32263242375601925,0.38142857142857145,50,1400
2_5_4,430,Ele,0.24630541871921183,0.38448979591836735,49,1225
2_5_4,431,Adv,0.41798941798941797,0.37555555555555553,50,450
2_5_4,431,Ele,0.26037735849056604,0.2571428571428571,49,490
2_5_4,432,Adv,0.31909547738693467,0.28210526315789475,50,950
2_5_4,432,Ele,0.2894736842105263,0.2834467120181406,49,882
2_5_5,433,Adv,0.2128463476070529,0.2598639455782313,49,1470
2_5_5,433,Ele,0.12483745123537061,0.1393548387096774,50,1550
2_5_5,434,Adv,0.182,0.16970998925886144,49,931
2_5_5,435,Adv,0.2037037037037037,0.1695447409733124,49,1274
2_5_5,436,Adv,0.3805668016194332,0.4387755102040816,49,490
2_5_5,437,Adv,0.25874125874125875,0.29199372056514916,49,637
2_5_5,438,Adv,0.17335473515248795,0.17128279883381925,49,1372
2_5_5,438,Ele,0.19557195571955718,0.16615384615384615,50,1300
2_5_5,439,Adv,0.2466281310211946,0.19533527696793002,49,1029
2_5_5,439,Ele,0.20696324951644102,0.1819047619047619,50,1050
2_6_1,440,Adv,0.18410596026490067,0.16333333333333333,50,1800
2_6_1,440,Ele,0.19944979367262725,0.20531849103277675,49,1617
2_6_1,441,Adv,0.21104536489151873,0.1723076923076923,50,1300
2_6_1,441,Ele,0.2379110251450677,0.22715173025732033,49,1127
2_6_1,442,Adv,0.2815884476534296,0.2325925925925926,50,1350
2_6_1,442,Ele,0.28028933092224234,0.2857142857142857,49,1225
2_6_1,443,Adv,0.18241469816272965,0.16457142857142856,50,1750
2_6_1,443,Ele,0.23536895674300254,0.2211803640375069,49,1813
2_6_2,444,Adv,0.12121212121212122,0.13702623906705538,49,686
2_6_2,444,Ele,0.08352668213457076,0.06352941176470588,50,850
2_6_2,445,Adv,0.17784711388455537,0.2422360248447205,49,1127
2_6_2,445,Ele,0.1688073394495413,0.1584,50,1250
2_6_2,446,Adv,0.22300469483568075,0.1865979381443299,49,970
2_6_2,446,Ele,0.21764705882352942,0.18421052631578946,50,950
2_6_2,447,Adv,0.45454545454545453,0.43537414965986393,49,441
2_6_2,447,Ele,0.3532608695652174,0.29555555555555557,50,450
2_6_2,448,Adv,0.24885844748858446,0.2108843537414966,49,1029
2_6_2,448,Ele,0.2961876832844575,0.227,50,1000
2_6_3,449,Adv,0.14660831509846828,0.16117647058823528,50,850
2_6_3,449,Ele,0.1388888888888889,0.1326530612244898,49,784
2_6_3,450,Adv,0.17687074829931973,0.18,50,750
2_6_3,450,Ele,0.3323076923076923,0.34285714285714286,49,735
2_6_3,451,Adv,0.35177865612648224,0.3046153846153846,50,650
2_6_3,452,Adv,0.21933085501858737,0.31076923076923074,50,650
2_6_3,452,Ele,0.2852233676975945,0.29984301412872844,49,637
2_6_3,453,Adv,0.354639175257732,0.3161904761904762,50,1050
2_6_3,453,Ele,0.30124777183600715,0.2857142857142857,49,1078
2_6_4,454,Adv,0.21308724832214765,0.3664965986394558,49,1176
2_6_4,454,Ele,0.2013888888888889,0.27578947368421053,50,950
2_6_4,455,Adv,0.23123732251521298,0.27113702623906705,49,1029
2_6_4,455,Ele,0.20347394540942929,0.23714285714285716,50,1050
2_6_4,456,Adv,0.22041763341067286,0.23696145124716553,49,1764
2_6_4,457,Adv,0.22456140350877193,0.20957613814756673,49,1274
2_6_4,457,Ele,0.2691511387163561,0.26260869565217393,50,1150
2_6_4,458,Adv,0.26277372262773724,0.24960753532182103,49,637
2_6_4,458,Ele,0.2851851851851852,0.2323076923076923,50,650
2_6_4,459,Adv,0.2913907284768212,0.2560296846011132,49,1078
2_6_4,459,Ele,0.36,0.24444444444444444,50,450
2_7_1,460,Adv,0.189873417721519,0.29551020408163264,49,1225
2_7_1,460,Ele,0.1188118811881188,0.1757142857142857,50,700
2_7_1,461,Adv,0.2494331065759637,0.2811791383219955,49,882
2_7_1,461,Ele,0.2511961722488038,0.3088888888888889,50,900
2_7_1,462,Adv,0.23176470588235293,0.19744897959183674,49,1960
2_7_1,462,Ele,0.2471626733921816,0.1951219512195122,50,2050
2_7_2,463,Adv,0.16957605985037408,0.18095238095238095,49,735
2_7_2,464,Adv,0.2658536585365854,0.2540816326530612,49,980
2_7_2,464,Ele,0.11728395061728394,0.184,50,1000
2_7_2,465,Adv,0.4318181818181818,0.25170068027210885,49,147
2_7_2,465,Ele,0.44339622641509435,0.42,50,250
2_7_2,466,Adv,0.2222222222222222,0.20748299319727892,49,588
2_7_2,467,Adv,0.21460176991150443,0.17448979591836736,49,980
2_7_2,467,Ele,0.26878612716763006,0.205,50,800
2_7_2,468,Adv,0.15605095541401273,0.11836734693877551,49,735
2_7_2,468,Ele,0.15714285714285714,0.15384615384615385,50,650
2_7_2,469,Adv,0.1875,0.11164465786314526,49,833
2_7_2,469,Ele,0.2744360902255639,0.16714285714285715,50,700
2_7_2,470,Adv,0.2522255192878338,0.17091836734693877,49,784
2_7_2,471,Adv,0.23790849673202613,0.16793002915451896,49,1715
2_7_2,471,Ele,0.21385542168674698,0.19310344827586207,50,1450
2_7_3,472,Adv,0.17287784679089027,0.21644444444444444,50,2250
2_7_3,472,Ele,0.15418502202643172,0.2547501759324419,49,1421
2_7_3,473,Adv,0.20202020202020202,0.1980952380952381,50,1050
2_7_3,473,Ele,0.29141104294478526,0.3022959183673469,49,784
2_7_3,474,Adv,0.25728155339805825,0.22,50,450
2_7_3,474,Ele,0.24431818181818182,0.20861678004535147,49,441
2_7_3,475,Adv,0.27835051546391754,0.23727272727272727,50,1100
2_7_3,475,Ele,0.21518987341772153,0.21150278293135436,49,1078
2_7_4,476,Adv,0.1511111111111111,0.12666666666666668,50,450
2_7_4,476,Ele,0.14222222222222222,0.1292517006802721,49,441
2_7_4,477,Adv,0.25862068965517243,0.19066666666666668,50,750
2_7_4,477,Ele,0.2543352601156069,0.18639455782312925,49,735
2_7_4,478,Adv,0.2631578947368421,0.18444444444444444,50,450
2_7_4,478,Ele,0.13793103448275862,0.15419501133786848,49,441
2_7_4,479,Adv,0.27522935779816515,0.1742857142857143,50,350
2_7_4,479,Ele,0.29523809523809524,0.2099125364431487,49,343
2_7_4,480,Adv,0.2716417910447761,0.24,50,850
2_7_4,480,Ele,0.24390243902439024,0.20408163265306123,49,784
2_7_4,481,Adv,0.13227513227513227,0.134,50,500
2_7_4,481,Ele,0.14507772020725387,0.1655328798185941,49,441
2_7_4,482,Adv,0.37,0.29333333333333333,50,600
2_7_4,482,Ele,0.30869565217391304,0.29591836734693877,49,588
2_7_4,483,Adv,0.25252525252525254,0.18,50,500
2_7_4,483,Ele,0.27717391304347827,0.25918367346938775,49,490
2_7_4,484,Adv,0.22580645161290322,0.15818181818181817,50,1650
2_7_4,484,Ele,0.25267665952890794,0.19871106337271752,49,931
2_7_5,485,Adv,0.09027777777777778,0.11164465786314526,49,833
2_7_5,485,Ele,0.13850415512465375,0.14375,50,800
2_7_5,486,Adv,0.2562111801242236,0.24366110080395795,49,1617
2_7_5,486,Ele,0.30612244897959184,0.25407407407407406,50,1350
2_7_5,487,Adv,0.45864661654135336,0.4897959183673469,49,294
2_7_5,488,Adv,0.31790123456790126,0.30612244897959184,49,784
2_7_5,488,Ele,0.312280701754386,0.2693333333333333,50,750
2_7_5,489,Adv,0.24260355029585798,0.26141885325558795,49,1029
2_7_5,489,Ele,0.20967741935483872,0.22,50,1300
2_7_5,490,Adv,0.36942675159235666,0.2925170068027211,49,735
2_7_5,490,Ele,0.34838709677419355,0.31625,50,800
2_7_5,491,Adv,0.22039473684210525,0.17055393586005832,49,686
2_7_5,491,Ele,0.3,0.27,50,700
2_7_5,492,Adv,0.2691292875989446,0.18259935553168635,49,931
2_7_5,492,Ele,0.2829581993569132,0.19411764705882353,50,850
2_7_5,493,Adv,0.24749163879598662,0.16012558869701726,49,637
2_7_6,494,Adv,0.1588447653429603,0.20222222222222222,50,450
2_7_6,494,Ele,0.14356435643564355,0.17687074829931973,49,294
2_7_6,495,Adv,0.12719298245614036,0.108,50,1000
2_7_6,495,Ele,0.12967581047381546,0.12811791383219956,49,882
2_7_6,496,Adv,0.2367758186397985,0.18,50,900
2_7_6,496,Ele,0.23770491803278687,0.20168067226890757,49,833
2_7_6,497,Adv,0.16363636363636364,0.144,50,250
2_7_6,498,Adv,0.2864864864864865,0.168,50,500
2_7_6,499,Adv,0.38823529411764707,0.28,50,400
2_7_6,500,Adv,0.22879177377892032,0.1726315789473684,50,950
2_7_6,500,Ele,0.2532467532467532,0.18923933209647495,49,1078
2_7_6,501,Adv,0.23958333333333334,0.17555555555555555,50,450
2_7_6,502,Adv,0.1639871382636656,0.10235294117647059,50,850
2_7_6,502,Ele,0.23958333333333334,0.17068645640074212,49,539
2_7_6,503,Adv,0.22641509433962265,0.13111111111111112,50,900
2_7_6,503,Ele,0.25316455696202533,0.16034985422740525,49,343
2_7_6,504,Adv,0.19428571428571428,0.09272727272727273,50,550
2_7_6,504,Ele,0.2647058823529412,0.15051020408163265,49,392
2_7_6,505,Adv,0.3023255813953488,0.205,50,200
2_7_6,505,Ele,0.35514018691588783,0.24489795918367346,49,196
2_8_1,506,Adv,0.19616519174041297,0.26814814814814814,50,1350
2_8_1,506,Ele,0.1873198847262248,0.27629513343799056,49,1274
2_8_1,507,Adv,0.16258351893095768,0.11636363636363636,50,1100
2_8_1,507,Ele,0.17672413793103448,0.10884353741496598,49,1029
2_8_1,508,Adv,0.21181262729124237,0.15272727272727274,50,1100
2_8_1,508,Ele,0.2110912343470483,0.14463176574977818,49,1127
2_8_1,509,Adv,0.19069767441860466,0.14444444444444443,50,450
2_8_1,509,Ele,0.12,0.10657596371882086,49,441
2_8_1,510,Adv,0.30246913580246915,0.2525,50,400
2_8_1,510,Ele,0.37888198757763975,0.2627551020408163,49,392
2_8_2,511,Adv,0.21161290322580645,0.21548387096774194,50,1550
2_8_2,511,Ele,0.17444444444444446,0.17970521541950113,49,1764
2_8_2,512,Adv,0.25098039215686274,0.22666666666666666,50,600
2_8_2,512,Ele,0.22784810126582278,0.19776714513556617,49,627
2_8_2,513,Adv,0.24870466321243523,0.246,50,500
2_8_2,513,Ele,0.19183673469387755,0.15510204081632653,49,490
2_8_2,514,Adv,0.2610294117647059,0.20714285714285716,50,700
2_8_2,514,Ele,0.2591362126245847,0.23323615160349853,49,686
2_8_2,515,Adv,0.1909722222222222,0.18923076923076923,50,650
2_8_2,515,Ele,0.14795918367346939,0.14030612244897958,49,392
2_8_2,516,Adv,0.215311004784689,0.2,50,550
2_8_2,516,Ele,0.2107843137254902,0.15584415584415584,49,539
2_8_2,517,Adv,0.07971014492753623,0.0725,50,400
2_8_2,517,Ele,0.1437125748502994,0.09948979591836735,49,392
2_8_2,518,Adv,0.31875,0.17294117647058824,50,850
2_8_2,518,Ele,0.3006134969325153,0.18847539015606243,49,833
2_8_3,519,Adv,0.24028268551236748,0.3673469387755102,49,1127
2_8_3,519,Ele,0.17391304347826086,0.4036363636363636,50,1100
2_8_3,520,Adv,0.23488372093023255,0.23242630385487528,49,882
2_8_3,520,Ele,0.21980676328502416,0.20105263157894737,50,950
2_8_3,521,Adv,0.2715654952076677,0.195578231292517,49,588
2_8_3,521,Ele,0.22745098039215686,0.15333333333333332,50,600
2_8_3,522,Adv,0.1853546910755149,0.10938775510204081,49,1225
2_8_3,522,Ele,0.2109375,0.1128,50,1250
2_8_3,523,Adv,0.17941952506596306,0.1752701080432173,49,833
2_8_3,523,Ele,0.20618556701030927,0.144,50,750
2_8_3,524,Adv,0.5644171779141104,0.4139941690962099,49,343
2_8_3,524,Ele,0.3987341772151899,0.2914285714285714,50,350
2_8_4,525,Adv,0.18088737201365188,0.35064935064935066,49,539
2_8_4,525,Ele,0.14666666666666667,0.29,50,400
2_8_4,526,Adv,0.20205479452054795,0.3370865587614356,49,1421
2_8_4,526,Ele,0.1982142857142857,0.28620689655172415,50,1450
2_8_4,527,Adv,0.26262626262626265,0.20496894409937888,49,1127
2_8_4,528,Adv,0.23234624145785876,0.23233908948194662,49,1274
2_8_4,528,Ele,0.21896162528216703,0.225,50,1200
2_8_4,529,Adv,0.292817679558011,0.2660619803476946,49,1323
2_8_4,529,Ele,0.2814645308924485,0.237,50,1000
2_8_5,530,Adv,0.15012106537530268,0.1564705882352941,50,850
2_8_5,530,Ele,0.12582781456953643,0.17687074829931973,49,294
2_8_5,531,Adv,0.24358974358974358,0.17,50,200
2_8_5,532,Adv,0.17814726840855108,0.14545454545454545,50,1100
2_8_5,532,Ele,0.11673151750972763,0.11224489795918367,49,588
2_8_5,533,Adv,0.2903703703703704,0.3933333333333333,50,1500
2_8_5,533,Ele,0.30060120240480964,0.3914656771799629,49,1078
2_8_5,534,Adv,0.2572614107883817,0.24833333333333332,50,1200
2_8_5,534,Ele,0.2886178861788618,0.26619343389529726,49,1127
2_8_5,535,Adv,0.38190954773869346,0.33555555555555555,50,450
2_8_5,535,Ele,0.2676056338028169,0.272108843537415,49,441
2_8_5,536,Adv,0.24615384615384617,0.18833333333333332,50,600
2_8_5,536,Ele,0.2549800796812749,0.1921768707482993,49,588
2_8_5,537,Adv,0.22972972972972974,0.16,50,650
2_8_5,538,Adv,0.27177700348432055,0.164,50,750
2_8_5,538,Ele,0.30564784053156147,0.19319727891156463,49,735
2_8_6,539,Adv,0.11471321695760599,0.22125,50,800
2_8_6,539,Ele,0.09850746268656717,0.16169544740973313,49,637
2_8_6,540,Adv,0.2318271119842829,0.25363636363636366,50,1100
2_8_6,540,Ele,0.23076923076923078,0.21029281277728482,49,1127
2_8_6,541,Adv,0.14634146341463414,0.1216,50,1250
2_8_6,541,Ele,0.20977011494252873,0.14668367346938777,49,784
2_8_6,542,Adv,0.23763955342902712,0.17176470588235293,50,1700
2_8_6,542,Ele,0.24924924924924924,0.16439909297052155,49,882
2_9_1,543,Adv,0.19294117647058823,0.22517006802721087,49,1470
2_9_1,543,Ele,0.1825,0.20303030303030303,50,1650
2_9_1,544,Adv,0.18865435356200527,0.2730471498944405,49,1421
2_9_1,544,Ele,0.17585692995529062,0.2710344827586207,50,1450
2_9_1,545,Adv,0.2921027592768792,0.2813411078717201,49,2058
2_9_1,545,Ele,0.25720876585928487,0.27285714285714285,50,2100
2_9_2,546,Adv,0.15714285714285714,0.17006802721088435,49,441
2_9_2,546,Ele,0.11604095563139932,0.14909090909090908,50,550
2_9_2,547,Adv,0.22364217252396165,0.21428571428571427,49,588
2_9_2,547,Ele,0.23699421965317918,0.21,50,400
2_9_2,548,Adv,0.19704433497536947,0.1836734693877551,49,882
2_9_2,548,Ele,0.20657276995305165,0.2463157894736842,50,950
2_9_2,549,Adv,0.2379421221864952,0.30017006802721086,49,1176
2_9_2,549,Ele,0.30097087378640774,0.416,50,750
2_9_2,550,Adv,0.3262786596119929,0.276734693877551,49,1225
2_9_2,550,Ele,0.32091097308488614,0.33636363636363636,50,1100
2_9_3,551,Adv,0.14378238341968913,0.1477832512315271,49,1421
2_9_3,551,Ele,0.1894353369763206,0.188,50,1000
2_9_3,552,Adv,0.22871046228710462,0.1683673469387755,49,980
2_9_3,552,Ele,0.17148362235067438,0.13,50,1300
2_9_3,553,Adv,0.23082386363636365,0.17789115646258502,49,2940
2_9_3,553,Ele,0.2182741116751269,0.17555555555555555,50,2250
2_9_3,554,Adv,0.24609375,0.22646477946017116,49,1519
2_9_3,554,Ele,0.254071661237785,0.2123076923076923,50,650
2_9_4,555,Adv,0.1479944674965422,0.15225806451612903,50,1550
2_9_4,555,Ele,0.172859450726979,0.16819141449683322,49,1421
2_9_4,556,Adv,0.24752475247524752,0.204,50,500
2_9_4,557,Adv,0.210727969348659,0.18153846153846154,50,650
2_9_4,558,Adv,0.20503597122302158,0.20923076923076922,50,650
2_9_4,558,Ele,0.23423423423423423,0.1611170784103115,49,931
2_9_4,559,Adv,0.2885572139303483,0.243,50,1000
2_9_4,559,Ele,0.2091346153846154,0.16048237476808905,49,1078
2_9_4,560,Adv,0.18930041152263374,0.12153846153846154,50,1300
2_9_4,560,Ele,0.25510204081632654,0.16081632653061226,49,1225
2_9_4,561,Adv,0.2392857142857143,0.19076923076923077,50,1950
2_9_4,561,Ele,0.2437745740498034,0.22088835534213686,49,1666
2_9_5,562,Adv,0.1646090534979424,0.18442932728647016,49,1323
2_9_5,562,Ele,0.17627118644067796,0.1952,50,1250
2_9_5,563,Adv,0.2718631178707224,0.2612244897959184,49,1225
2_9_5,563,Ele,0.21442885771543085,0.25130434782608696,50,1150
2_9_5,564,Adv,0.18421052631578946,0.15937803692905733,49,1029
2_9_5,564,Ele,0.1975,0.2,50,900
2_9_5,565,Adv,0.22494432071269488,0.2545649838882922,49,931
2_9_5,565,Ele,0.2398190045248869,0.193,50,1000
2_9_5,566,Adv,0.3193717277486911,0.3760932944606414,49,343
2_9_5,566,Ele,0.2717391304347826,0.25,50,400
2_9_5,567,Adv,0.22332506203473945,0.22857142857142856,49,735
2_9_5,568,Adv,0.36363636363636365,0.23979591836734693,49,196
2_9_5,569,Adv,0.2845953002610966,0.26785714285714285,49,784
2_9_5,569,Ele,0.24319066147859922,0.20166666666666666,50,1200
2_9_6,570,Adv,0.22020725388601037,0.3097142857142857,50,1750
2_9_6,570,Ele,0.19242902208201892,0.260932944606414,49,1372
2_9_6,571,Adv,0.21941747572815534,0.21703703703703703,50,1350
2_9_6,572,Adv,0.2414486921529175,0.25217391304347825,50,1150
2_9_6,573,Adv,0.22448979591836735,0.2018181818181818,50,550
2_9_6,573,Ele,0.30857142857142855,0.3401360544217687,49,441
2_9_6,574,Adv,0.28596802841918295,0.24206896551724139,50,1450
2_9_6,574,Ele,0.3419811320754717,0.3177842565597668,49,1029
3_10_1,575,Adv,0.2011173184357542,0.3723404255319149,47,282
3_10_1,575,Ele,0.14814814814814814,0.3546099290780142,47,282
3_10_1,576,Adv,0.2511013215859031,0.28297872340425534,47,470
3_10_1,576,Ele,0.16585365853658537,0.2127659574468085,47,470
3_10_1,577,Adv,0.25075075075075076,0.3028368794326241,47,1410
3_10_1,577,Ele,0.2560296846011132,0.32428466617754953,47,1363
3_10_1,578,Adv,0.2888015717092338,0.2919148936170213,47,1175
3_10_1,578,Ele,0.3723196881091618,0.35842880523731585,47,1222
3_10_2,579,Adv,0.1066350710900474,0.11303191489361702,47,752
3_10_2,579,Ele,0.13541666666666666,0.11702127659574468,47,846
3_10_2,580,Adv,0.2939189189189189,0.275177304964539,47,705
3_10_2,580,Ele,0.2833333333333333,0.2680851063829787,47,705
3_10_2,581,Adv,0.2138728323699422,0.2214342001576044,47,1269
3_10_2,581,Ele,0.25333333333333335,0.2059961315280464,47,1034
3_10_2,582,Adv,0.324031007751938,0.31382978723404253,47,1504
3_10_2,582,Ele,0.3687707641196013,0.37957446808510636,47,1175
3_10_3,583,Adv,0.21549295774647886,0.20126509488211616,47,1739
3_10_3,583,Ele,0.1593625498007968,0.18553191489361703,47,1175
3_10_3,584,Adv,0.3087071240105541,0.25435203094777564,47,1034
3_10_3,584,Ele,0.2469733656174334,0.22508398656215006,47,893
3_10_3,585,Adv,0.3704819277108434,0.33404255319148934,47,940
3_10_3,585,Ele,0.3103448275862069,0.3479349186483104,47,799
3_10_3,586,Adv,0.27702702702702703,0.22411347517730495,47,705
3_10_3,586,Ele,0.24922118380062305,0.2099290780141844,47,705
3_10_3,587,Adv,0.4824561403508772,0.32978723404255317,47,282
3_10_3,587,Ele,0.38613861386138615,0.31560283687943264,47,282
3_10_4,588,Adv,0.18992248062015504,0.2127659574468085,47,1081
3_10_4,588,Ele,0.15789473684210525,0.20466058763931105,47,987
3_10_4,589,Adv,0.2608695652173913,0.26004728132387706,47,2115
3_10_4,589,Ele,0.2209775967413442,0.2247340425531915,47,2256
3_10_4,590,Adv,0.3002257336343115,0.24202127659574468,47,1128
3_10_4,590,Ele,0.2475442043222004,0.20212765957446807,47,1222
3_10_4,591,Adv,0.2159090909090909,0.16595744680851063,47,470
3_10_4,591,Ele,0.26373626373626374,0.20851063829787234,47,470
3_10_4,592,Adv,0.2603978300180832,0.2074468085106383,47,1504
3_10_4,592,Ele,0.29922779922779924,0.18617021276595744,47,1504
3_10_5,593,Adv,0.11019283746556474,0.09413281753707285,47,1551
3_10_5,593,Ele,0.1664355062413315,0.11889862327909888,47,1598
3_10_5,594,Adv,0.24025974025974026,0.1848404255319149,47,752
3_10_5,594,Ele,0.30357142857142855,0.20345744680851063,47,752
3_10_5,595,Adv,0.1889763779527559,0.15070921985815602,47,564
3_10_5,595,Ele,0.23628691983122363,0.15425531914893617,47,564
3_10_5,596,Adv,0.29431438127090304,0.21580547112462006,47,658
3_10_5,596,Ele,0.24398625429553264,0.18723404255319148,47,705
3_10_5,597,Adv,0.18518518518518517,0.13829787234042554,47,282
3_10_5,597,Ele,0.19230769230769232,0.14285714285714285,47,329
3_10_5,598,Adv,0.3146067415730337,0.22234042553191488,47,940
3_10_5,599,Adv,0.2164048865619546,0.13333333333333333,47,1410
3_10_5,599,Ele,0.22791519434628976,0.15442690459849004,47,1457
3_10_5,600,Adv,0.24725274725274726,0.16109422492401215,47,987
3_10_5,600,Ele,0.20108695652173914,0.135498320268757,47,893
3_10_6,601,Adv,0.13043478260869565,0.12491420727522307,47,1457
3_10_6,601,Ele,0.1497005988023952,0.14042553191489363,47,1410
3_10_6,602,Adv,0.25190839694656486,0.19574468085106383,47,940
3_10_6,602,Ele,0.22982885085574573,0.17933130699088146,47,987
3_10_6,603,Adv,0.2488479262672811,0.20400500625782228,47,1598
3_10_6,603,Ele,0.30434782608695654,0.19213410702772404,47,1551
3_1_1,604,Adv,0.23393739703459637,0.24316109422492402,47,1316
3_1_1,604,Ele,0.19528619528619529,0.1685761047463175,47,611
3_1_1,606,Adv,0.27680525164113784,0.4154002026342452,47,1974
3_1_1,606,Ele,0.27548209366391185,0.38233397807865893,47,1551
3_1_1,607,Adv,0.22916666666666666,0.22620380739081747,47,893
3_1_1,607,Ele,0.27639751552795033,0.2284434490481523,47,893
3_1_1,608,Adv,0.2390158172231986,0.16815374056280027,47,1457
3_1_1,608,Ele,0.3137254901960784,0.2148936170212766,47,1410
3_1_1,609,Adv,0.20123456790123456,0.14398812469074715,47,2021
3_1_1,609,Ele,0.2772727272727273,0.20094562647754138,47,1692
3_1_2,610,Adv,0.19393939393939394,0.26539753639417696,47,893
3_1_2,610,Ele,0.21686746987951808,0.3877068557919622,47,423
3_1_2,611,Adv,0.24171539961013644,0.2664199814986124,47,1081
3_1_2,611,Ele,0.2727272727272727,0.3504380475594493,47,799
3_1_2,612,Adv,0.30952380952380953,0.35654416505480335,47,1551
3_1_2,612,Ele,0.31918505942275044,0.44093910491562727,47,1363
3_1_3,613,Adv,0.17279411764705882,0.1342062193126023,47,611
3_1_3,613,Ele,0.0891891891891892,0.09386733416770963,47,799
3_1_3,614,Adv,0.2619392185238784,0.24804031354983203,47,1786
3_1_3,614,Ele,0.1942215088282504,0.17537072856221791,47,1551
3_1_3,615,Adv,0.23076923076923078,0.1534154535274356,47,893
3_1_3,615,Ele,0.24302788844621515,0.14095744680851063,47,752
3_1_3,616,Adv,0.2692307692307692,0.3739770867430442,47,1222
3_1_3,616,Ele,0.28761061946902655,0.3076923076923077,47,1222
3_1_3,617,Adv,0.3318777292576419,0.2861736334405145,47,622
3_1_3,617,Ele,0.21428571428571427,0.16693944353518822,47,611
3_1_3,618,Adv,0.3149171270718232,0.2074468085106383,47,564
3_1_3,618,Ele,0.26174496644295303,0.13652482269503546,47,564
3_1_4,619,Adv,0.23595505617977527,0.29212190914318575,47,1739
3_1_4,619,Ele,0.20179372197309417,0.2485729112610275,47,1927
3_1_4,620,Adv,0.2037037037037037,0.28911138923654567,47,799
3_1_4,621,Adv,0.2605177993527508,0.29464861379755,47,1551
3_1_4,621,Ele,0.24181818181818182,0.2917933130699088,47,1316
3_1_4,622,Adv,0.23717948717948717,0.1612541993281075,47,893
3_1_4,622,Ele,0.21912350597609562,0.14627659574468085,47,752
3_1_4,623,Adv,0.2537313432835821,0.2421129860601614,47,1363
3_1_4,623,Ele,0.22099447513812154,0.1959686450167973,47,893
3_1_4,624,Adv,0.3832752613240418,0.3497340425531915,47,752
3_1_4,624,Ele,0.32011331444759206,0.27784730913642053,47,799
3_1_5,625,Adv,0.20926517571884984,0.2553191489361702,47,1363
3_1_5,625,Ele,0.16812865497076024,0.21656534954407294,47,1316
3_1_5,626,Adv,0.3279445727482679,0.37487335359675783,47,987
3_1_5,627,Adv,0.29896907216494845,0.2889137737961926,47,893
3_1_5,628,Adv,0.3395061728395062,0.246558197747184,47,799
3_1_5,628,Ele,0.29017857142857145,0.29980657640232106,47,517
3_1_5,629,Adv,0.31919642857142855,0.21194762684124385,47,1222
3_1_5,629,Ele,0.3046594982078853,0.31260229132569556,47,611
3_1_5,630,Adv,0.28094302554027506,0.20803782505910165,47,1269
3_1_5,630,Ele,0.18581907090464547,0.16784869976359337,47,846
3_1_5,631,Adv,0.5,0.3144208037825059,47,423
3_1_5,631,Ele,0.32748538011695905,0.23167848699763594,47,423
3_2_1,632,Adv,0.23422459893048128,0.2564102564102564,47,1833
3_2_1,632,Ele,0.25333333333333335,0.24805396990140113,47,1927
3_2_1,633,Adv,0.25748502994011974,0.24680851063829787,47,1175
3_2_1,633,Ele,0.2773109243697479,0.30319148936170215,47,1128
3_2_1,634,Adv,0.24396782841823056,0.18321513002364065,47,846
3_2_1,634,Ele,0.23160762942779292,0.19148936170212766,47,893
3_2_1,635,Adv,0.2065439672801636,0.19611470860314523,47,1081
3_2_1,635,Ele,0.28901734104046245,0.24113475177304963,47,846
3_2_1,636,Adv,0.2969187675070028,0.251063829787234,47,705
3_2_1,636,Ele,0.36212624584717606,0.24397163120567375,47,705
3_2_2,637,Adv,0.20874751491053678,0.19893617021276597,47,940
3_2_2,637,Ele,0.2014218009478673,0.23404255319148937,47,705
3_2_2,638,Adv,0.35195530726256985,0.41843971631205673,47,564
3_2_2,638,Ele,0.24935064935064935,0.2978723404255319,47,705
3_2_2,639,Adv,0.2826923076923077,0.2479185938945421,47,1081
3_2_2,639,Ele,0.25892857142857145,0.1875,47,752
3_2_2,640,Adv,0.3023952095808383,0.2624113475177305,47,705
3_2_2,640,Ele,0.24034334763948498,0.19574468085106383,47,940
3_2_3,641,Adv,0.23923444976076555,0.32180851063829785,47,1504
3_2_3,641,Ele,0.1791044776119403,0.21033434650455926,47,1645
3_2_3,642,Adv,0.21258503401360543,0.182566918325326,47,1457
3_2_3,642,Ele,0.2678018575851393,0.21347517730496454,47,1410
3_2_3,643,Adv,0.3269230769230769,0.22778473091364204,47,799
3_2_3,643,Ele,0.28716216216216217,0.29623567921440264,47,611
3_2_3,644,Adv,0.3236994219653179,0.25937183383991896,47,987
3_2_3,644,Ele,0.25552825552825553,0.17325227963525835,47,987
3_2_3,645,Adv,0.5314685314685315,0.375886524822695,47,282
3_2_3,645,Ele,0.3732394366197183,0.37872340425531914,47,235
3_2_4,646,Adv,0.17391304347826086,0.19414893617021275,47,376
3_2_4,646,Ele,0.20408163265306123,0.23670212765957446,47,376
3_2_4,647,Adv,0.22753346080305928,0.18978723404255318,47,1175
3_2_4,647,Ele,0.19424460431654678,0.18617021276595744,47,940
3_2_4,648,Adv,0.2631578947368421,0.396854764107308,47,1081
3_2_4,648,Ele,0.285,0.3617021276595745,47,987
3_2_4,649,Adv,0.30952380952380953,0.31560283687943264,47,564
3_2_4,649,Ele,0.21875,0.25379939209726443,47,658
3_2_4,650,Adv,0.28286852589641437,0.331306990881459,47,658
3_2_4,650,Ele,0.32432432432432434,0.3177304964539007,47,705
3_2_4,651,Adv,0.27608695652173915,0.22537431048069345,47,1269
3_2_4,651,Ele,0.29842931937172773,0.20680851063829786,47,1175
3_2_5,652,Adv,0.14450867052023122,0.269825918762089,47,1034
3_2_5,652,Ele,0.18543046357615894,0.29593810444874274,47,1034
3_2_5,653,Adv,0.22174840085287847,0.21194762684124385,47,1222
3_2_5,653,Ele,0.24307036247334754,0.2937806873977087,47,1222
3_2_5,654,Adv,0.2505091649694501,0.24631751227495907,47,1222
3_2_5,654,Ele,0.24471299093655588,0.26276595744680853,47,940
3_2_5,655,Adv,0.23846153846153847,0.14113475177304965,47,1410
3_2_5,655,Ele,0.3064516129032258,0.2265331664580726,47,799
3_2_5,656,Adv,0.2033898305084746,0.19858156028368795,47,564
3_2_5,656,Ele,0.35071090047393366,0.23049645390070922,47,564
3_2_5,657,Adv,0.29850746268656714,0.1717325227963526,47,658
3_2_5,657,Ele,0.3136094674556213,0.15384615384615385,47,611
3_2_5,658,Adv,0.2468354430379747,0.11170212765957446,47,564
3_2_5,658,Ele,0.18404907975460122,0.10460992907801418,47,564
3_2_5,659,Adv,0.21428571428571427,0.11889862327909888,47,799
3_2_5,659,Ele,0.2766798418972332,0.15886524822695036,47,705
3_3_1,660,Adv,0.2086720867208672,0.23951367781155014,47,1645
3_3_1,660,Ele,0.1960431654676259,0.22796352583586627,47,1316
3_3_1,661,Adv,0.23282442748091603,0.30947775628626695,47,517
3_3_1,661,Ele,0.2770780856423174,0.3468085106382979,47,940
3_3_1,662,Adv,0.20967741935483872,0.27925531914893614,47,376
3_3_1,662,Ele,0.21052631578947367,0.27925531914893614,47,376
3_3_1,663,Adv,0.22911051212938005,0.20275344180225283,47,799
3_3_1,663,Ele,0.18610421836228289,0.16247582205029013,47,1034
3_3_1,664,Adv,0.24750830564784054,0.2872340425531915,47,1410
3_3_1,664,Ele,0.2027491408934708,0.28314238952536824,47,611
3_3_1,665,Adv,0.2788104089219331,0.3662613981762918,47,658
3_3_1,665,Ele,0.2828282828282828,0.34175531914893614,47,752
3_3_1,666,Adv,0.23883928571428573,0.20444033302497688,47,1081
3_3_1,666,Ele,0.25165562913907286,0.19148936170212766,47,1128
3_3_1,667,Adv,0.30131004366812225,0.26692456479690524,47,517
3_3_1,667,Ele,0.4131455399061033,0.3191489361702128,47,517
3_3_2,668,Adv,0.18414322250639387,0.14893617021276595,47,705
3_3_2,669,Adv,0.22924901185770752,0.17198581560283688,47,564
3_3_2,669,Ele,0.18823529411764706,0.18568665377176016,47,517
3_3_2,670,Adv,0.22868217054263565,0.20548712206047032,47,1786
3_3_2,670,Ele,0.26655629139072845,0.27590940288263555,47,1457
3_3_2,671,Adv,0.3185840707964602,0.30638297872340425,47,235
3_3_2,671,Ele,0.22018348623853212,0.22127659574468084,47,235
3_3_2,672,Adv,0.20608899297423888,0.2311411992263056,47,1034
3_3_2,672,Ele,0.2630208333333333,0.26305609284332687,47,1034
3_3_2,673,Adv,0.3361522198731501,0.3698074974670719,47,987
3_3_2,673,Ele,0.26763110307414106,0.32192414431082333,47,1081
3_3_2,674,Adv,0.2955665024630542,0.225531914893617,47,470
3_3_2,674,Ele,0.2801724137931034,0.2765957446808511,47,517
3_3_2,675,Adv,0.3149171270718232,0.195357833655706,47,1034
3_3_2,675,Ele,0.3343558282208589,0.26533166458072593,47,799
3_3_3,676,Adv,0.17849462365591398,0.21948488241881298,47,893
3_3_3,676,Ele,0.17176470588235293,0.16784869976359337,47,846
3_3_3,677,Adv,0.3048780487804878,0.30243161094224924,47,658
3_3_3,677,Ele,0.2706766917293233,0.2127659574468085,47,611
3_3_3,678,Adv,0.238716148445336,0.19148936170212766,47,2444
3_3_3,678,Ele,0.2589928057553957,0.20680851063829786,47,1175
3_3_3,679,Adv,0.3508771929824561,0.2553191489361702,47,235
3_3_3,680,Adv,0.17905405405405406,0.1536643026004728,47,846
3_3_3,680,Ele,0.22544642857142858,0.1524822695035461,47,1128
3_3_3,681,Adv,0.2887537993920973,0.22727272727272727,47,1034
3_3_3,681,Ele,0.28654970760233917,0.1894630192502533,47,987
3_3_3,682,Adv,0.25308641975308643,0.2293144208037825,47,423
3_3_3,682,Ele,0.2620320855614973,0.24113475177304963,47,423
3_3_3,683,Adv,0.3103448275862069,0.25040916530278234,47,611
3_3_3,683,Ele,0.30039525691699603,0.24386252045826515,47,611
3_3_4,684,Adv,0.19905956112852666,0.15989684074790458,47,1551
3_3_4,684,Ele,0.19426336375488917,0.156411730879816,47,1739
3_3_4,685,Adv,0.25430210325047803,0.3262411347517731,47,1410
3_3_4,685,Ele,0.21462264150943397,0.26170212765957446,47,940
3_3_4,686,Adv,0.6326530612244898,0.526595744680851,47,188
3_3_4,686,Ele,0.36,0.3191489361702128,47,188
3_3_4,687,Adv,0.24328859060402686,0.23555003107520198,47,1609
3_3_4,687,Ele,0.19626168224299065,0.13145896656534956,47,1316
3_3_4,688,Adv,0.2727272727272727,0.1799645390070922,47,1128
3_3_4,688,Ele,0.19134396355353075,0.10344827586206896,47,1363
3_3_4,689,Adv,0.3344947735191638,0.2127659574468085,47,752
3_3_4,689,Ele,0.325,0.16595744680851063,47,470
3_3_5,690,Adv,0.1388888888888889,0.24468085106382978,47,188
3_3_5,690,Ele,0.15447154471544716,0.22340425531914893,47,188
3_3_5,691,Adv,0.1702127659574468,0.21083172147001933,47,517
3_3_5,691,Ele,0.19523809523809524,0.2804642166344294,47,517
3_3_5,692,Adv,0.2602739726027397,0.40554480980012897,47,1551
3_3_5,692,Ele,0.34024179620034545,0.49897048730267674,47,1457
3_3_5,693,Adv,0.228515625,0.18439716312056736,47,1410
3_3_5,693,Ele,0.20531400966183574,0.13957446808510637,47,1175
3_3_5,694,Adv,0.16517857142857142,0.13747954173486088,47,611
3_3_5,695,Adv,0.25,0.15548281505728315,47,611
3_3_5,695,Ele,0.21559633027522937,0.10780141843971631,47,705
3_3_5,696,Adv,0.19289340101522842,0.10460992907801418,47,564
3_3_5,696,Ele,0.24539877300613497,0.14893617021276595,47,517
3_3_5,697,Adv,0.1919191919191919,0.12411347517730496,47,282
3_3_5,697,Ele,0.16521739130434782,0.11246200607902736,47,329
3_3_5,698,Adv,0.2872340425531915,0.21914893617021278,47,470
3_3_5,698,Ele,0.3422818791946309,0.22340425531914893,47,470
3_3_5,699,Adv,0.25984251968503935,0.20212765957446807,47,564
3_3_5,699,Ele,0.285,0.1702127659574468,47,611
3_4_1,700,Adv,0.23580786026200873,0.2576832151300236,47,423
3_4_1,700,Ele,0.10526315789473684,0.13069908814589665,47,329
3_4_1,701,Adv,0.24786324786324787,0.22528160200250313,47,799
3_4_1,701,Ele,0.08583690987124463,0.07801418439716312,47,423
3_4_1,702,Adv,0.31338028169014087,0.2144026186579378,47,611
3_4_1,702,Ele,0.23170731707317074,0.14361702127659576,47,564
3_4_1,703,Adv,0.29457364341085274,0.24502402196293754,47,1457
3_4_1,703,Ele,0.2017857142857143,0.1579378068739771,47,1222
3_4_1,704,Adv,0.28370786516853935,0.3020442219440968,47,2397
3_4_1,704,Ele,0.2902208201892745,0.2933130699088146,47,1316
3_4_2,705,Adv,0.2761904761904762,0.25886524822695034,47,1692
3_4_2,705,Ele,0.2723684210526316,0.2759699624530663,47,1598
3_4_2,706,Adv,0.28118393234672306,0.2531914893617021,47,940
3_4_2,706,Ele,0.32791327913279134,0.2609182530795073,47,893
3_4_2,707,Adv,0.290519877675841,0.2613981762917933,47,1316
3_4_2,707,Ele,0.3302238805970149,0.3046808510638298,47,1175
3_4_2,708,Adv,0.2549407114624506,0.2272340425531915,47,1175
3_4_2,709,Adv,0.2543424317617866,0.21877890841813136,47,2162
3_4_2,709,Ele,0.2786885245901639,0.22172452407614782,47,1786
3_4_3,710,Adv,0.20297555791710944,0.2143227815256876,47,1927
3_4_3,710,Ele,0.17684887459807075,0.17178881008668243,47,1269
3_4_3,711,Adv,0.22476190476190477,0.20444033302497688,47,1081
3_4_3,711,Ele,0.18899521531100477,0.1534154535274356,47,893
3_4_3,712,Adv,0.34054054054054056,0.28368794326241137,47,705
3_4_3,712,Ele,0.3416370106761566,0.28368794326241137,47,564
3_4_3,713,Adv,0.2607184241019699,0.2122060470324748,47,1786
3_4_3,713,Ele,0.28,0.19439071566731142,47,1034
3_4_4,714,Adv,0.22429906542056074,0.24184397163120566,47,1410
3_4_4,714,Ele,0.2182741116751269,0.25177304964539005,47,1410
3_4_4,715,Adv,0.2923617208077261,0.2835589941972921,47,2585
3_4_4,715,Ele,0.3400286944045911,0.3382433169667212,47,1833
3_4_4,717,Adv,0.26044226044226043,0.21063829787234042,47,940
3_4_4,718,Adv,0.2714723926380368,0.2925531914893617,47,1504
3_4_4,718,Ele,0.38181818181818183,0.3912529550827423,47,846
3_4_4,719,Adv,0.34146341463414637,0.3036750483558994,47,517
3_4_4,719,Ele,0.3783783783783784,0.3945841392649903,47,517
3_4_4,720,Adv,0.3015267175572519,0.24468085106382978,47,564
3_4_4,720,Ele,0.4200626959247649,0.3550531914893617,47,752
3_4_5,721,Adv,0.17291666666666666,0.29148936170212764,47,940
3_4_5,721,Ele,0.21237458193979933,0.2135258358662614,47,1316
3_4_5,722,Adv,0.2189239332096475,0.23404255319148937,47,1128
3_4_5,722,Ele,0.2356164383561644,0.17659574468085107,47,940
3_4_5,723,Adv,0.314410480349345,0.34929078014184395,47,564
3_4_5,723,Ele,0.3482587064676617,0.3049645390070922,47,564
3_4_5,724,Adv,0.27648578811369506,0.2213916043703278,47,1739
3_4_5,724,Ele,0.24455205811138014,0.17311411992263057,47,1034
3_5_1,725,Adv,0.2851511169513798,0.33191489361702126,47,1645
3_5_1,725,Ele,0.20982986767485823,0.23984526112185686,47,1034
3_5_1,726,Adv,0.21359223300970873,0.19693221177634834,47,2021
3_5_1,726,Ele,0.2487644151565074,0.235618597320725,47,1269
3_5_1,727,Adv,0.2764423076923077,0.1851063829787234,47,1410
3_5_1,727,Ele,0.23294117647058823,0.19042553191489361,47,940
3_5_1,728,Adv,0.2828125,0.2569558101472995,47,1833
3_5_1,728,Ele,0.3087248322147651,0.25583809029579657,47,1927
3_5_2,729,Adv,0.2497331910352188,0.20425531914893616,47,2350
3_5_2,729,Ele,0.2203913491246138,0.17304964539007092,47,2115
3_5_2,730,Adv,0.2995529061102832,0.34856070087609514,47,1598
3_5_2,730,Ele,0.31258644536652835,0.3203647416413374,47,1645
3_5_2,731,Adv,0.34679334916864607,0.3120567375886525,47,1128
3_5_2,731,Ele,0.3228200371057514,0.2774468085106383,47,1175
3_5_2,732,Adv,0.33203125,0.2202753441802253,47,799
3_5_2,732,Ele,0.24436090225563908,0.13892365456821026,47,799
3_5_2,733,Adv,0.29159212880143115,0.19039825422804146,47,1833
3_5_2,733,Ele,0.27611940298507465,0.1658322903629537,47,1598
3_5_3,734,Adv,0.2028985507246377,0.3058510638297872,47,752
3_5_3,734,Ele,0.18356164383561643,0.3120567375886525,47,705
3_5_3,735,Adv,0.3620689655172414,0.32978723404255317,47,282
3_5_3,735,Ele,0.35714285714285715,0.2735562310030395,47,329
3_5_3,736,Adv,0.18830242510699002,0.21612541993281076,47,1786
3_5_3,736,Ele,0.21897810218978103,0.19036954087346025,47,1786
3_5_3,737,Adv,0.2357142857142857,0.33917396745932415,47,1598
3_5_3,737,Ele,0.26038781163434904,0.4066193853427896,47,1269
3_5_3,738,Adv,0.38,0.28911138923654567,47,799
3_5_3,738,Ele,0.38095238095238093,0.3324468085106383,47,752
3_5_4,739,Adv,0.17685305591677503,0.21794134560092007,47,1739
3_5_4,739,Ele,0.15163934426229508,0.13191489361702127,47,940
3_5_4,740,Adv,0.27717391304347827,0.43059777102330293,47,1974
3_5_4,740,Ele,0.22637106184364061,0.32070576024909186,47,1927
3_5_4,741,Adv,0.27439024390243905,0.23404255319148937,47,893
3_5_4,742,Adv,0.22397476340694006,0.1773049645390071,47,846
3_5_4,743,Adv,0.32696390658174096,0.2024500322372663,47,1551
3_5_4,743,Ele,0.24048442906574394,0.19515774027879676,47,1363
3_6_1,744,Adv,0.23453908984830804,0.18141097424412095,47,1786
3_6_1,744,Ele,0.1837968561064087,0.13773796192609183,47,1786
3_6_1,745,Adv,0.2755102040816326,0.2198581560283688,47,846
3_6_1,745,Ele,0.19597989949748743,0.16170212765957448,47,470
3_6_1,746,Adv,0.2755905511811024,0.19148936170212766,47,329
3_6_1,747,Adv,0.26732673267326734,0.27949709864603484,47,1034
3_6_1,747,Ele,0.20446096654275092,0.23126734505087881,47,1081
3_6_1,748,Adv,0.49504950495049505,0.42127659574468085,47,235
3_6_1,748,Ele,0.3308270676691729,0.31560283687943264,47,282
3_6_1,749,Adv,0.2590529247910863,0.2188449848024316,47,987
3_6_1,749,Ele,0.23076923076923078,0.1884498480243161,47,987
3_6_1,750,Adv,0.3,0.19858156028368795,47,423
3_6_1,751,Adv,0.3389830508474576,0.22585924713584288,47,611
3_6_2,752,Adv,0.16733067729083664,0.22243713733075435,47,517
3_6_2,752,Ele,0.1757188498402556,0.2684124386252046,47,611
3_6_2,753,Adv,0.26968503937007876,0.41702127659574467,47,940
3_6_2,753,Ele,0.25877192982456143,0.3840425531914894,47,940
3_6_2,754,Adv,0.26785714285714285,0.2473404255319149,47,376
3_6_2,754,Ele,0.25824175824175827,0.25295508274231676,47,423
3_6_2,755,Adv,0.2871287128712871,0.30754352030947774,47,1034
3_6_2,755,Ele,0.2815126050420168,0.2721164613661814,47,893
3_6_3,756,Adv,0.2692307692307692,0.28936170212765955,47,1410
3_6_3,756,Ele,0.2288,0.2127659574468085,47,1222
3_6_3,757,Adv,0.22060957910014514,0.23266986959505834,47,1457
3_6_3,757,Ele,0.2071917808219178,0.1523404255319149,47,1175
3_6_3,758,Adv,0.326271186440678,0.4086294416243655,47,788
3_6_3,758,Ele,0.34953703703703703,0.43679599499374216,47,799
3_6_4,759,Adv,0.17480719794344474,0.14760638297872342,47,752
3_6_4,759,Ele,0.14508928571428573,0.17154255319148937,47,752
3_6_4,760,Adv,0.19346049046321526,0.17446808510638298,47,705
3_6_4,760,Ele,0.13636363636363635,0.1347517730496454,47,564
3_6_4,761,Adv,0.26898047722342733,0.2872340425531915,47,940
3_6_4,761,Ele,0.2911392405063291,0.2127659574468085,47,705
3_6_4,762,Adv,0.2757009345794392,0.2702127659574468,47,470
3_6_4,762,Ele,0.34334763948497854,0.32387706855791965,47,423
3_6_4,763,Adv,0.23182441700960219,0.20471535365152385,47,1739
3_6_4,763,Ele,0.28211009174311924,0.3059777102330294,47,987
3_6_4,764,Adv,0.25,0.2917933130699088,47,329
3_6_4,764,Ele,0.45569620253164556,0.3981762917933131,47,329
3_6_5,765,Adv,0.22391304347826088,0.2393617021276596,47,940
3_6_5,765,Ele,0.15294117647058825,0.1408308004052685,47,987
3_6_5,766,Adv,0.2623762376237624,0.3397163120567376,47,1410
3_6_5,766,Ele,0.19636963696369636,0.24696048632218845,47,1316
3_6_5,767,Adv,0.2562674094707521,0.23522458628841608,47,846
3_6_5,768,Adv,0.30739299610894943,0.23404255319148937,47,658
3_6_5,769,Adv,0.34441087613293053,0.2989921612541993,47,893
3_6_5,769,Ele,0.29372937293729373,0.2473404255319149,47,752
3_6_5,770,Adv,0.26285714285714284,0.16651248843663274,47,1081
3_6_5,770,Ele,0.23116883116883116,0.12488436632747456,47,1081
3_6_5,771,Adv,0.38275862068965516,0.18979833926453143,47,843
3_6_5,771,Ele,0.30919220055710306,0.17408123791102514,47,1034
3_6_6,772,Adv,0.2075098814229249,0.2294172062904718,47,1081
3_6_6,772,Ele,0.254,0.2608695652173913,47,1081
3_6_6,773,Adv,0.13765182186234817,0.11992263056092843,47,517
3_6_6,773,Ele,0.1640625,0.1644100580270793,47,517
3_6_6,774,Adv,0.23329907502569372,0.21663442940038685,47,2585
3_6_6,774,Ele,0.2701908957415565,0.28637147786083955,47,1739
3_6_6,776,Adv,0.2680965147453083,0.23404255319148937,47,940
3_6_6,776,Ele,0.2791970802919708,0.22805851063829788,47,1504
3_6_6,777,Adv,0.23824959481361427,0.17768832662449685,47,1739
3_6_6,777,Ele,0.2537688442211055,0.1651063829787234,47,1175
3_6_6,778,Adv,0.24444444444444444,0.1580547112462006,47,658
3_6_6,778,Ele,0.3443396226415094,0.21428571428571427,47,658
3_6_7,779,Adv,0.22392638036809817,0.36824877250409166,47,611
3_6_7,779,Ele,0.1437308868501529,0.14716312056737588,47,564
3_6_7,780,Adv,0.25338491295938104,0.23649754500818332,47,1222
3_6_7,780,Ele,0.16431095406360424,0.1551418439716312,47,1128
3_6_7,781,Adv,0.32,0.34184397163120567,47,705
3_6_7,781,Ele,0.2533783783783784,0.2,47,705
3_6_7,782,Adv,0.2,0.21580547112462006,47,329
3_6_7,782,Ele,0.27692307692307694,0.18541033434650456,47,329
3_6_7,783,Adv,0.4296875,0.3546099290780142,47,282
3_6_7,783,Ele,0.2248062015503876,0.18439716312056736,47,282
3_6_7,784,Adv,0.7422680412371134,0.4627659574468085,47,188
3_6_7,784,Ele,0.5576923076923077,0.4148936170212766,47,188
3_7_1,785,Adv,0.18361581920903955,0.30851063829787234,47,658
3_7_1,785,Ele,0.2932551319648094,0.40425531914893614,47,564
3_7_1,786,Adv,0.2875457875457875,0.4357076780758557,47,1081
3_7_1,786,Ele,0.3448979591836735,0.40638297872340423,47,940
3_7_1,787,Adv,0.20255474452554745,0.20567375886524822,47,1269
3_7_1,787,Ele,0.33271719038817005,0.2602291325695581,47,1222
3_7_1,788,Adv,0.24812030075187969,0.24222585924713586,47,1222
3_7_1,788,Ele,0.24789915966386555,0.21170212765957447,47,940
3_7_1,789,Adv,0.26485568760611206,0.2188449848024316,47,1316
3_7_1,789,Ele,0.28353658536585363,0.2028368794326241,47,1410
3_7_1,790,Adv,0.29523809523809524,0.36333878887070375,47,611
3_7_1,790,Ele,0.2857142857142857,0.2725430597771023,47,987
3_7_2,791,Adv,0.13214285714285715,0.1094224924012158,47,658
3_7_2,792,Adv,0.2225,0.17988394584139264,47,2068
3_7_2,792,Ele,0.16063348416289594,0.15212765957446808,47,940
3_7_2,793,Adv,0.2592137592137592,0.2691489361702128,47,1880
3_7_2,793,Ele,0.32830626450116007,0.32978723404255317,47,2068
3_7_2,794,Adv,0.28456375838926173,0.2137791286727457,47,1974
3_7_2,794,Ele,0.29314420803782504,0.22796352583586627,47,1974
3_7_3,795,Adv,0.22,0.27393617021276595,47,376
3_7_3,795,Ele,0.210727969348659,0.3723404255319149,47,376
3_7_3,796,Adv,0.2665615141955836,0.19560741249142072,47,1457
3_7_3,796,Ele,0.2956989247311828,0.19858156028368795,47,846
3_7_3,797,Adv,0.27807486631016043,0.2503128911138924,47,1598
3_7_3,797,Ele,0.2560386473429952,0.2785904255319149,47,1504
3_7_3,798,Adv,0.29324424647364516,0.22492401215805471,47,2961
3_7_3,798,Ele,0.27208201892744477,0.23000733675715335,47,2726
3_7_4,799,Adv,0.16666666666666666,0.15644555694618273,47,799
3_7_4,799,Ele,0.16445623342175067,0.11229314420803782,47,846
3_7_4,800,Adv,0.25877192982456143,0.18593894542090658,47,1081
3_7_4,800,Ele,0.20689655172413793,0.1497545008183306,47,1222
3_7_4,801,Adv,0.2920353982300885,0.3593869731800766,47,1305
3_7_4,801,Ele,0.22736418511066397,0.20074005550416282,47,1081
3_7_4,802,Adv,0.3299101412066752,0.38104448742746616,47,1551
3_7_4,802,Ele,0.3049932523616734,0.341016548463357,47,1692
3_7_4,803,Adv,0.3615819209039548,0.24268617021276595,47,1504
3_7_4,803,Ele,0.274468085106383,0.17477203647416414,47,1316
3_7_5,804,Adv,0.27983539094650206,0.3140495867768595,47,2057
3_7_5,804,Ele,0.236144578313253,0.31185410334346503,47,1645
3_7_5,805,Adv,0.24666666666666667,0.22340425531914893,47,282
3_7_5,806,Adv,0.2403846153846154,0.2148936170212766,47,470
3_7_5,806,Ele,0.23636363636363636,0.21914893617021278,47,470
3_7_5,807,Adv,0.2398753894080997,0.19406834300451323,47,1551
3_7_5,807,Ele,0.208,0.18961201501877348,47,1598
3_7_5,808,Adv,0.3151515151515151,0.2553191489361702,47,1175
3_7_5,808,Ele,0.2832618025751073,0.2674772036474164,47,987
3_7_5,809,Adv,0.3724137931034483,0.3282674772036474,47,329
3_7_5,809,Ele,0.39156626506024095,0.3586626139817629,47,329
3_7_6,810,Adv,0.1480637813211845,0.1366181410974244,47,893
3_7_6,810,Ele,0.18815331010452963,0.22872340425531915,47,564
3_7_6,811,Adv,0.3249370277078086,0.2848699763593381,47,846
3_7_6,811,Ele,0.32132963988919666,0.3098404255319149,47,752
3_7_6,812,Adv,0.2384937238493724,0.22897669706180346,47,987
3_7_6,812,Ele,0.2863849765258216,0.26832151300236406,47,846
3_7_6,813,Adv,0.20491803278688525,0.14042553191489363,47,235
3_7_6,814,Adv,0.28717948717948716,0.2553191489361702,47,329
3_7_6,814,Ele,0.3592814371257485,0.270516717325228,47,329
3_7_6,815,Adv,0.1863468634686347,0.1320921985815603,47,1128
3_7_6,815,Ele,0.2236842105263158,0.16121112929623568,47,1222
3_7_6,816,Adv,0.23369565217391305,0.18523153942428036,47,799
3_7_6,816,Ele,0.35918367346938773,0.2730496453900709,47,564
3_7_7,817,Adv,0.20630372492836677,0.22127659574468084,47,1410
3_7_7,817,Ele,0.16765578635014836,0.15774027879677183,47,1363
3_7_7,818,Adv,0.26294820717131473,0.18330605564648117,47,611
3_7_7,818,Ele,0.192,0.18330605564648117,47,611
3_7_7,819,Adv,0.21458333333333332,0.17988394584139264,47,1034
3_7_7,819,Ele,0.2018348623853211,0.22340425531914893,47,470
3_7_7,820,Adv,0.17993079584775087,0.14437689969604864,47,658
3_7_7,820,Ele,0.27722772277227725,0.2006079027355623,47,658
3_7_7,821,Adv,0.3826530612244898,0.23210831721470018,47,517
3_7_7,821,Ele,0.3539325842696629,0.1895551257253385,47,517
3_7_7,822,Adv,0.2108843537414966,0.15757978723404256,47,1504
3_7_7,822,Ele,0.192090395480226,0.16261398176291794,47,1316
3_7_7,823,Adv,0.3197424892703863,0.23731587561374795,47,1222
3_7_7,823,Ele,0.2986425339366516,0.2502127659574468,47,1175
3_8_1,824,Adv,0.24056603773584906,0.2360248447204969,46,1288
3_8_1,824,Ele,0.19087837837837837,0.23567921440261866,47,1222
3_8_1,825,Adv,0.21311475409836064,0.1386806596701649,46,1334
3_8_1,825,Ele,0.18801652892561985,0.1327659574468085,47,1175
3_8_1,826,Adv,0.12209302325581395,0.08454106280193237,46,414
3_8_1,826,Ele,0.17679558011049723,0.1182033096926714,47,423
3_8_1,827,Adv,0.19337016574585636,0.11775362318840579,46,552
3_8_1,827,Ele,0.20930232558139536,0.13733075435203096,47,517
3_8_1,828,Adv,0.2727272727272727,0.16304347826086957,46,460
3_8_1,828,Ele,0.21428571428571427,0.13829787234042554,47,470
3_8_1,829,Adv,0.29411764705882354,0.23217391304347826,46,1150
3_8_1,829,Ele,0.25416666666666665,0.15602836879432624,47,705
3_8_1,830,Adv,0.3089983022071307,0.2372670807453416,46,1610
3_8_1,830,Ele,0.22123893805309736,0.22243713733075435,47,1034
3_8_1,831,Adv,0.46078431372549017,0.3695652173913043,46,230
3_8_1,831,Ele,0.6973684210526315,0.4574468085106383,47,188
3_8_2,832,Adv,0.16934306569343066,0.13297872340425532,47,1692
3_8_2,832,Ele,0.15300546448087432,0.11505122143420016,47,1269
3_8_2,833,Adv,0.31552587646076796,0.28125,47,1504
3_8_2,833,Ele,0.24479166666666666,0.3191489361702128,47,940
3_8_2,834,Adv,0.2111913357400722,0.15602836879432624,47,1410
3_8_2,834,Ele,0.22972972972972974,0.16801173881144535,47,1363
3_8_2,835,Adv,0.38223938223938225,0.22948328267477203,47,658
3_8_2,835,Ele,0.2673611111111111,0.21428571428571427,47,658
3_8_3,836,Adv,0.1704312114989733,0.18408880666049954,47,1081
3_8_3,836,Ele,0.19172113289760348,0.21554116558741906,47,1081
3_8_3,837,Adv,0.1977124183006536,0.21413864104323954,47,1457
3_8_3,837,Ele,0.21484375,0.18576104746317512,47,1222
3_8_3,838,Adv,0.26573426573426573,0.22340425531914893,47,376
3_8_3,838,Ele,0.16022099447513813,0.15691489361702127,47,376
3_8_3,839,Adv,0.2583732057416268,0.22796352583586627,47,987
3_8_3,839,Ele,0.25,0.2907801418439716,47,282
3_8_3,840,Adv,0.2127659574468085,0.1972176759410802,47,1222
3_8_3,840,Ele,0.2422680412371134,0.1946808510638298,47,940
3_8_3,841,Adv,0.2528301886792453,0.20621931260229132,47,611
3_8_3,841,Ele,0.3237410071942446,0.24468085106382978,47,658
3_8_4,842,Adv,0.12533333333333332,0.12640801001251564,47,799
3_8_4,842,Ele,0.1657754010695187,0.1574468085106383,47,705
3_8_4,843,Adv,0.2746478873239437,0.23404255319148937,47,329
3_8_4,843,Ele,0.32926829268292684,0.2978723404255319,47,235
3_8_4,844,Adv,0.28978622327790976,0.35425531914893615,47,940
3_8_4,844,Ele,0.3052959501557632,0.30354609929078014,47,705
3_8_4,845,Adv,0.2552204176334107,0.24148936170212765,47,940
3_8_4,845,Ele,0.2643312101910828,0.23286052009456265,47,846
3_8_4,846,Adv,0.1761904761904762,0.1702127659574468,47,517
3_8_4,846,Ele,0.1939655172413793,0.18657937806873978,47,611
3_8_4,847,Adv,0.29292929292929293,0.1895551257253385,47,517
3_8_4,848,Adv,0.2,0.13141426783479349,47,799
3_8_4,848,Ele,0.2564102564102564,0.17477203647416414,47,658
3_8_4,849,Adv,0.29707112970711297,0.12127659574468085,47,940
3_8_4,849,Ele,0.2569444444444444,0.13829787234042554,47,846
3_8_5,850,Adv,0.21356421356421357,0.3801418439716312,47,1410
3_8_5,850,Ele,0.17090069284064666,0.4228723404255319,47,752
3_8_5,851,Adv,0.3273381294964029,0.2618657937806874,47,611
3_8_5,851,Ele,0.2692307692307692,0.375886524822695,47,423
3_8_5,852,Adv,0.23734177215189872,0.25987841945288753,47,658
3_8_5,852,Ele,0.24067796610169492,0.220949263502455,47,611
3_8_5,853,Adv,0.31492537313432833,0.3081674673987646,47,1457
3_8_5,853,Ele,0.2818181818181818,0.3321513002364066,47,846
3_8_6,854,Adv,0.2396694214876033,0.22179239200515796,47,1551
3_8_6,854,Ele,0.18313253012048192,0.1901595744680851,47,752
3_8_6,855,Adv,0.23773584905660378,0.1773049645390071,47,705
3_8_6,855,Ele,0.2205128205128205,0.1895551257253385,47,517
3_8_6,856,Adv,0.20359281437125748,0.1702127659574468,47,423
3_8_6,857,Adv,0.3,0.20828667413213886,47,893
3_8_6,857,Ele,0.2195845697329377,0.2065081351689612,47,799
3_8_6,858,Adv,0.23221757322175732,0.18203309692671396,47,1269
3_8_6,858,Ele,0.208984375,0.18382978723404256,47,1175
3_8_6,859,Adv,0.4109195402298851,0.35638297872340424,47,940
3_8_6,859,Ele,0.36728395061728397,0.27375886524822696,47,705
3_9_1,860,Adv,0.17509727626459143,0.18568665377176016,47,517
3_9_1,860,Ele,0.20765027322404372,0.26443768996960487,47,329
3_9_1,861,Adv,0.16186252771618626,0.18829787234042553,47,940
3_9_1,861,Ele,0.32781456953642385,0.25673758865248225,47,705
3_9_1,862,Adv,0.1766848816029144,0.14526779163609685,47,1363
3_9_1,862,Ele,0.2222222222222222,0.1572617946345976,47,1081
3_9_1,863,Adv,0.2159468438538206,0.22036474164133737,47,658
3_9_1,863,Ele,0.18461538461538463,0.19148936170212766,47,564
3_9_1,864,Adv,0.495,0.39361702127659576,47,376
3_9_1,864,Ele,0.48514851485148514,0.375,47,376
3_9_2,865,Adv,0.19448094612352168,0.19277885235332043,47,1551
3_9_2,865,Ele,0.22645290581162325,0.22872340425531915,47,940
3_9_2,866,Adv,0.22611464968152867,0.16356382978723405,47,752
3_9_2,866,Ele,0.22666666666666666,0.28085106382978725,47,470
3_9_2,867,Adv,0.23197492163009403,0.17521902377972465,47,799
3_9_2,867,Ele,0.2894736842105263,0.23860182370820668,47,658
3_9_2,868,Adv,0.24022346368715083,0.20525657071339173,47,799
3_9_2,868,Ele,0.3463414634146341,0.37659574468085105,47,470
3_9_2,869,Adv,0.22922636103151864,0.1948488241881299,47,893
3_9_2,869,Ele,0.32323232323232326,0.2859042553191489,47,752
3_9_2,870,Adv,0.3450479233226837,0.375886524822695,47,705
3_9_2,870,Ele,0.347953216374269,0.2631578947368421,47,893
3_9_2,871,Adv,0.28793774319066145,0.2078559738134206,47,611
3_9_2,872,Adv,0.22267206477732793,0.14893617021276595,47,658
3_9_2,872,Ele,0.20816326530612245,0.1337386018237082,47,658
3_9_2,873,Adv,0.25,0.13584288052373159,47,611
3_9_2,873,Ele,0.2661290322580645,0.19639934533551553,47,611
3_9_2,874,Adv,0.5164835164835165,0.2765957446808511,47,235
3_9_2,874,Ele,0.33636363636363636,0.2170212765957447,47,235
3_9_3,875,Adv,0.15644820295983086,0.14574468085106382,47,940
3_9_3,875,Ele,0.2901023890784983,0.31382978723404253,47,564
3_9_3,876,Adv,0.26301369863013696,0.2473404255319149,47,752
3_9_3,876,Ele,0.2664835164835165,0.220536756126021,47,857
3_9_3,877,Adv,0.22580645161290322,0.19858156028368795,47,564
3_9_3,877,Ele,0.25728155339805825,0.22147001934235977,47,1034
3_9_3,878,Adv,0.2565789473684211,0.17553191489361702,47,752
3_9_3,879,Adv,0.22395833333333334,0.13069908814589665,47,987
3_9_3,879,Ele,0.27129337539432175,0.19036954087346025,47,893
3_9_3,880,Adv,0.2703962703962704,0.21134492223238793,47,1093
3_9_3,880,Ele,0.2857142857142857,0.2127659574468085,47,987
3_9_3,881,Adv,0.22965116279069767,0.1769316909294513,47,893
3_9_3,881,Ele,0.3476190476190476,0.24549918166939444,47,611
3_9_3,882,Adv,0.2922705314009662,0.22340425531914893,47,1034
3_9_3,882,Ele,0.3553459119496855,0.28410513141426785,47,799
3_9_4,883,Adv,0.272,0.46365248226950356,47,1128
3_9_4,883,Ele,0.2460456942003515,0.31599684791174154,47,1269
3_9_4,884,Adv,0.2955665024630542,0.2746615087040619,47,517
3_9_4,884,Ele,0.405,0.26692456479690524,47,517
3_9_4,885,Adv,0.2557603686635945,0.2176759410801964,47,1222
3_9_4,886,Adv,0.22957198443579765,0.15143929912390489,47,799
3_9_4,887,Adv,0.3132372214941022,0.2779833487511563,47,2162
3_9_4,887,Ele,0.2646276595744681,0.24574468085106382,47,1880
