batch,article_id,Adv_flesch_reading_ease,Adv_flesch_kincaid_grade_score,Adv_dale_chall_score,Adv_gunning_fog_index,Adv_coleman_liau_index,Adv_smog_index,Adv_ARI,Adv_CAREC,Adv_CARES,Adv_CML2RI,Adv_cpidr_density,Adv_avg_integration_cost,Adv_max_integration_cost,Adv_avg_embedding_depth,Adv_max_embedding_depth,Adv_mean_entropy_pythia,Adv_word_length,Adv_wordFreq_frequency,Adv_n_words,Adv_sentence_count,Adv_syllable_count_textstats,Adv_depid_density,Adv_total_integration_cost,Adv_CAREC_M,Adv_mean_entropy_gpt2,Adv_comprehension_score,Adv_QA_RT,Adv_Pythia 70M Mean,Adv_Pythia 70M Max,Ele_flesch_reading_ease,Ele_flesch_kincaid_grade_score,Ele_dale_chall_score,Ele_gunning_fog_index,Ele_coleman_liau_index,Ele_smog_index,Ele_ARI,Ele_CAREC,Ele_CARES,Ele_CML2RI,Ele_cpidr_density,Ele_avg_integration_cost,Ele_max_integration_cost,Ele_avg_embedding_depth,Ele_max_embedding_depth,Ele_mean_entropy_pythia,Ele_word_length,Ele_wordFreq_frequency,Ele_n_words,Ele_sentence_count,Ele_syllable_count_textstats,Ele_depid_density,Ele_total_integration_cost,Ele_CAREC_M,Ele_mean_entropy_gpt2,Ele_comprehension_score,Ele_QA_RT,Ele_Pythia 70M Mean,Ele_Pythia 70M Max,diff_flesch_reading_ease,diff_flesch_kincaid_grade_score,diff_dale_chall_score,diff_gunning_fog_index,diff_coleman_liau_index,diff_smog_index,diff_ARI,diff_CAREC,diff_CARES,diff_CML2RI,diff_cpidr_density,diff_avg_integration_cost,diff_max_integration_cost,diff_avg_embedding_depth,diff_max_embedding_depth,diff_mean_entropy_pythia,diff_word_length,diff_wordFreq_frequency,diff_n_words,diff_sentence_count,diff_syllable_count_textstats,diff_depid_density,diff_total_integration_cost,diff_CAREC_M,diff_mean_entropy_gpt2,diff_comprehension_score,diff_QA_RT,diff_Pythia 70M Mean,diff_Pythia 70M Max
1,1,66.67,9.3,8.25,11.52,9.81,12.1,12.1,0.50579,2.480132270489413,28.30734535245736,0.4711409395973154,0.4170932467533226,11.0,3.057142857142857,6,6.5603633,4.693570451436388,10.824107084771434,731,34,1048,0.4242021276595745,376.0,0.12844,5.7877054,0.8714285714285714,31417.63333333333,4.3635583,20.001057,70.33,7.9,7.71,9.21,8.41,9.9,9.2,0.33026,1.7729040453939544,30.22850753771716,0.449814126394052,0.4762802479577562,12.0,2.533333333333333,5,6.2231374,4.502803738317757,10.649970394782656,535,30,725,0.4051565377532228,305.0,0.10042,5.4031177,0.8761904761904762,31298.866666666665,4.0068655,17.19541,-3.6599999999999966,1.4000000000000004,0.54,2.3099999999999987,1.4000000000000004,2.1999999999999993,2.9000000000000004,0.17552999999999996,0.7072282250954585,-1.9211621852597993,0.021326813203263406,-0.0591870012044336,-1.0,0.5238095238095237,1.0,0.33722589999999997,0.1907667131186308,0.17413668998877796,196.0,4.0,323.0,0.01904558990635169,71.0,0.028020000000000003,0.3845877,-0.004761904761904745,118.76666666666642,0.35669280000000025,2.8056470000000004
1,2,55.68,11.4,8.91,13.46,12.36,13.5,14.9,0.60855,2.5501445270289214,23.936447586249603,0.5034578146611342,0.4902142752223916,19.0,3.9,10,5.7213573,5.065459610027856,11.04437581413529,718,30,1105,0.4234482758620689,451.0,0.22484,4.90139,0.8222222222222222,34256.1,3.8836575,18.39293,62.58,8.8,7.51,9.32,10.67,11.0,10.7,0.37733,1.8930091347590368,29.81302420273564,0.4945652173913043,0.4634952964035382,19.0,2.8125,7,5.70297,4.881386861313868,10.775430532826242,548,32,805,0.4195298372513562,317.0,0.15488,5.0587964,0.8111111111111111,34490.86666666667,3.7661252,18.168766,-6.899999999999999,2.5999999999999996,1.4000000000000004,4.140000000000001,1.6899999999999995,2.5,4.200000000000001,0.23122000000000004,0.6571353922698846,-5.876576616486037,0.008892597269829827,0.02671897881885338,0.0,1.0875,3.0,0.01838730000000055,0.18407274871398815,0.2689452813090476,170.0,-2.0,300.0,0.003918438610712727,134.0,0.06996000000000002,-0.15740640000000017,0.011111111111111072,-234.76666666667006,0.11753230000000014,0.22416399999999825
1,3,62.38,8.9,8.59,10.2,9.05,10.7,9.7,0.44308,1.7812842716593498,27.27565030338981,0.5147058823529411,0.4071098563985446,11.0,3.096774193548387,7,6.6331735,4.6138059701492535,10.613928019605977,536,31,779,0.4517304189435337,244.0,0.17598,5.972696,0.8,23606.83333333333,4.5217133,26.587173,82.65,5.2,7.14,7.33,6.55,8.5,6.1,0.18236,1.1768269214204916,32.15498911529052,0.4747474747474747,0.4326263577214478,8.0,2.357142857142857,6,6.26464,4.220812182741117,10.224830319919246,394,28,527,0.4164588528678304,203.0,0.05716,5.610043,0.8933333333333333,21106.166666666668,4.0272355,28.128521,-20.270000000000003,3.7,1.4500000000000002,2.869999999999999,2.500000000000001,2.1999999999999993,3.5999999999999996,0.26071999999999995,0.6044573502388582,-4.879338811900709,0.03995840760546643,-0.02551650132290323,3.0,0.7396313364055298,1.0,0.36853349999999985,0.3929937874081366,0.38909769968673125,142.0,3.0,252.0,0.03527156607570331,41.0,0.11882,0.3626529999999999,-0.09333333333333327,2500.6666666666606,0.4944778000000003,-1.5413479999999993
1,4,68.1,8.7,8.41,11.16,9.75,11.6,11.6,0.53647,2.394669677982779,28.946007117675528,0.5170370370370371,0.4427655207773623,11.0,2.606060606060606,6,6.7717247,4.657657657657658,11.012374060389948,666,33,948,0.4318840579710145,382.0,0.17353,6.0172486,0.7266666666666667,28462.216666666667,4.683609,28.161324,80.72,6.0,7.16,7.95,7.65,9.2,8.0,0.35592,1.987623693941416,35.79078934328504,0.4982142857142857,0.4830043648807591,14.0,2.085714285714286,6,6.2704263,4.335714285714285,10.620984452805432,560,35,744,0.411660777385159,357.0,0.09509,6.0334864,0.7933333333333333,27694.2,4.320714,19.717335,-12.620000000000005,2.6999999999999993,1.25,3.21,2.0999999999999996,2.4000000000000004,3.5999999999999996,0.18055,0.40704598404136316,-6.844782225609514,0.018822751322751352,-0.04023884410339679,-3.0,0.5203463203463201,0.0,0.5012984000000005,0.3219433719433722,0.39138960758451624,106.0,-2.0,204.0,0.020223280585855485,25.0,0.07844,-0.016237799999999858,-0.06666666666666665,768.0166666666664,0.36289499999999997,8.443989000000002
1,5,54.46,11.9,9.55,13.98,11.15,13.2,14.9,0.50334,2.0522005843861315,17.9129128047707,0.4869565217391304,0.5279349046420299,17.0,3.5217391304347827,7,6.9210443,4.875432525951557,11.218029609409662,578,23,864,0.4198988195615514,392.0,0.18123,5.8393598,0.74,28096.233333333334,4.5685782,17.621979,57.2,10.8,8.84,12.27,10.62,12.4,13.1,0.41128,1.620831147381684,20.019004962801333,0.4925053533190578,0.5238460169512357,17.0,3.1904761904761907,7,6.6268673,4.7876857749469215,11.01202806294276,471,21,683,0.4232365145228215,307.0,0.18197,5.6223907,0.8,27578.05,4.290365,17.720573,-2.740000000000002,1.0999999999999996,0.7100000000000009,1.7100000000000009,0.5300000000000011,0.7999999999999989,1.8000000000000007,0.09206000000000003,0.4313694370044474,-2.106092158030634,-0.005548831579927416,0.004088887690794185,0.0,0.331262939958592,0.0,0.29417700000000035,0.08774675100463547,0.2060015464669025,107.0,2.0,181.0,-0.0033376949612701212,85.0,-0.0007399999999999907,0.21696910000000003,-0.06000000000000005,518.1833333333343,0.2782131999999997,-0.09859400000000207
1,6,55.78,11.4,9.22,13.08,11.55,12.3,14.2,0.38765,1.3358860465514544,13.24947539745532,0.5145631067961165,0.4483223288609727,8.0,3.7058823529411766,5,6.5162086,4.94320987654321,11.243044424226312,405,17,608,0.4565217391304347,208.0,0.18817,5.7387056,0.8333333333333334,19613.483333333334,4.3616357,34.42737,68.1,8.7,8.05,10.56,10.21,11.0,11.6,0.28416,1.1782042362383351,19.583872739130427,0.5109289617486339,0.4377091375165557,7.0,3.4444444444444446,7,6.502545,4.759002770083103,11.016584803332792,361,18,510,0.4701086956521739,189.0,0.12695,5.459093,0.8583333333333333,21011.866666666665,3.966874,34.330868,-12.319999999999993,2.700000000000001,1.17,2.5199999999999996,1.3399999999999999,1.3000000000000007,2.5999999999999996,0.10348999999999997,0.15768181031311923,-6.334397341675107,0.0036341450474826065,0.010613191344416961,1.0,0.261437908496732,-2.0,0.013663600000000109,0.18420710646010718,0.2264596208935199,44.0,-1.0,98.0,-0.01358695652173919,19.0,0.06122,0.2796126000000001,-0.02499999999999991,-1398.3833333333314,0.3947617000000001,0.09650200000000098
1,7,68.6,8.5,7.39,10.27,8.47,12.2,10.1,0.42216,2.0058603598988487,27.99482901486877,0.4897959183673469,0.3992559191451046,13.0,2.7419354838709675,6,6.986549,4.413559322033898,11.215581422193605,590,30,841,0.4131534569983137,312.0,0.13898,6.063174,0.9083333333333332,16426.116666666665,4.590748,22.620628,71.04,7.6,6.64,8.63,7.65,11.5,8.5,0.33476,1.6972367052225024,30.092825466104703,0.4951644100580271,0.380726889004799,14.0,2.4375,5,6.8725595,4.317919075144508,11.145707931677377,519,30,725,0.425287356321839,261.0,0.11501,6.0241055,0.9416666666666668,16270.033333333333,4.520839,22.877491,-2.440000000000012,0.9000000000000004,0.75,1.6399999999999988,0.8200000000000003,0.6999999999999993,1.5999999999999996,0.08739999999999998,0.30862365467634634,-2.0979964512359324,-0.005368491690680155,0.018529030140305602,-1.0,0.3044354838709675,1.0,0.11398949999999974,0.09564024688938932,0.06987349051622793,71.0,0.0,116.0,-0.012133899323525321,51.0,0.02396999999999999,0.03906849999999995,-0.03333333333333355,156.08333333333212,0.069909,-0.2568629999999992
1,8,52.53,12.6,8.46,13.52,11.38,13.4,15.9,0.5261,2.272244973762864,23.91568448256597,0.5303951367781155,0.50046835030729,14.0,3.8,11,6.659595,4.90446841294299,10.73442935384472,649,25,948,0.4486404833836858,398.0,0.16462,5.803017,0.9,26685.1,4.5128045,21.557215,63.43,10.5,7.67,11.96,10.22,12.8,13.7,0.42964,1.938678907838536,24.868545590080032,0.5288966725043783,0.5181306336376358,16.0,4.3478260869565215,11,6.1849475,4.691901408450704,10.4922628733989,568,24,808,0.4425087108013937,357.0,0.16189,5.41273,0.8666666666666667,25774.55,4.050667,21.45915,-10.899999999999999,2.0999999999999996,0.7900000000000009,1.5599999999999987,1.1600000000000001,0.5999999999999996,2.200000000000001,0.09645999999999999,0.3335660659243278,-0.9528611075140638,0.0014984642737371212,-0.017662283330345807,-2.0,-0.5478260869565217,0.0,0.47464750000000056,0.2125670044922856,0.24216648044581923,81.0,1.0,140.0,0.006131772582292083,41.0,0.0027299999999999824,0.39028699999999983,0.033333333333333326,910.5499999999993,0.46213749999999987,0.09806499999999829
1,9,71.44,7.4,8.31,9.68,8.47,10.4,9.1,0.3906,2.0533139649822183,30.80047046888496,0.5369774919614148,0.3737282594979962,16.0,2.4242424242424243,5,6.987368,4.54,10.632859308146424,600,33,830,0.4518167456556082,307.0,0.1028,6.124102,0.9055555555555556,29261.616666666665,4.6098323,20.906986,81.53,5.6,7.52,7.91,7.59,9.0,7.8,0.25154,1.739217295665059,31.71073494315068,0.5261194029850746,0.3795546699461902,11.0,2.225806451612903,5,6.7445726,4.440545808966862,10.475666957365508,513,32,673,0.455045871559633,246.0,0.04801,6.019727,0.8944444444444445,30233.216666666667,4.4772873,20.208817,-10.090000000000003,1.8000000000000007,0.7900000000000009,1.7699999999999996,0.8800000000000008,1.4000000000000004,1.2999999999999998,0.13906000000000002,0.3140966693171594,-0.9102644742657198,0.010858088976340108,-0.005826410448193986,5.0,0.19843597262952128,0.0,0.24279540000000033,0.09945419103313835,0.15719235078091565,87.0,1.0,157.0,-0.003229125904024799,61.0,0.054790000000000005,0.1043750000000001,0.011111111111111072,-971.6000000000022,0.13254499999999947,0.698169
1,10,58.96,12.2,8.62,13.65,9.47,11.7,15.1,0.65328,2.8840025138590297,26.531654941429444,0.5046948356807511,0.491646518618622,24.0,3.034482758620689,6,6.7661533,4.520759193357058,11.078755457238064,843,29,1151,0.4590163934426229,497.0,0.14328,6.4179316,0.8761904761904762,35683.61666666667,4.80625,29.194191,79.5,6.4,7.4,8.38,8.06,9.2,8.8,0.47873,2.2348846593742984,33.729527187272666,0.4931506849315068,0.4860411078225502,23.0,2.4473684210526314,5,6.6962457,4.423963133640553,11.04262449100932,651,38,871,0.45662100456621,388.0,0.12752,6.164659,0.8523809523809524,35404.666666666664,4.5653906,33.524006,-20.54,5.799999999999999,1.2199999999999989,5.27,1.4100000000000001,2.5,6.299999999999999,0.17454999999999998,0.6491178544847314,-7.197872245843222,0.011544150749244309,0.005605410796071797,1.0,0.5871143375680576,1.0,0.06990759999999963,0.09679605971650496,0.03613096622874323,192.0,-9.0,280.0,0.002395388876412885,109.0,0.015759999999999996,0.25327259999999985,0.023809523809523836,278.95000000000437,0.2408594000000006,-4.329815
2,1,64.64,10.1,8.29,11.93,9.64,11.8,12.8,0.55927,2.7047139528631488,32.038819728205695,0.528395061728395,0.4451531068436604,30.0,2.8823529411764706,11,6.632031,4.62155388471178,11.070258095292523,798,34,1152,0.4698067632850241,474.0,0.16844,5.939364,0.8277777777777777,25859.68333333333,4.5631127,19.764576,69.72,8.1,7.81,9.73,9.34,10.7,10.4,0.40618,1.9889189511135303,33.01651469483487,0.5249169435215947,0.4208952114960851,19.0,2.46875,10,6.66704,4.630067567567568,11.094510008426772,592,32,846,0.4675324675324675,332.0,0.15336,6.0748973,0.7833333333333333,24029.58333333333,4.4822187,19.001389,-5.079999999999998,2.0,0.47999999999999954,2.1999999999999993,0.3000000000000007,1.1000000000000014,2.4000000000000004,0.15309000000000006,0.7157950017496184,-0.9776949666291728,0.003478118206800329,0.024257895347575276,11.0,0.41360294117647056,1.0,-0.03500900000000051,-0.008513682855788574,-0.02425191313424868,206.0,2.0,306.0,0.0022742957525565544,142.0,0.01508000000000001,-0.13553329999999963,0.0444444444444444,1830.1000000000022,0.0808939999999998,0.7631870000000021
2,2,66.03,7.5,9.28,9.65,10.43,10.7,9.2,0.59056,2.2361509173363414,33.61282882848168,0.5007751937984496,0.4022021858209401,7.0,2.591836734693877,7,7.5193458,4.856481481481482,12.003785429492986,648,49,938,0.4463190184049079,323.0,0.18022,6.71969,0.7430167597765364,30798.266666666663,5.2282796,31.46992,83.05,5.1,7.77,7.45,8.23,9.2,7.4,0.39744,1.8935358854944035,34.874846281625324,0.483065953654189,0.4254465182010324,7.0,2.261904761904762,6,6.9005294,4.506261180679785,11.285377567587354,559,42,739,0.431095406360424,289.0,0.11218,6.288468,0.8388888888888889,28351.016666666663,4.64024,28.864147,-17.019999999999996,2.4000000000000004,1.5099999999999998,2.2,2.1999999999999993,1.5,1.799999999999999,0.19311999999999996,0.34261503184193787,-1.2620174531436419,0.01770924014426062,-0.023244332380092325,0.0,0.32993197278911524,1.0,0.6188164,0.35022030080169664,0.7184078619056322,89.0,7.0,199.0,0.015223612044483914,34.0,0.06803999999999999,0.431222,-0.09587212911235254,2447.25,0.5880395999999992,2.6057729999999992
2,3,57.81,10.6,8.9,12.53,10.27,13.0,12.6,0.44756,1.876861081764811,24.415273431351373,0.525305410122164,0.4705094375740969,12.0,3.0,6,6.107207,4.7177700348432055,11.119513376210753,574,26,864,0.464471403812825,338.0,0.16836,5.4099665,0.7583333333333333,22975.916666666668,4.0458937,17.29468,68.3,8.7,7.66,10.04,9.63,11.2,11.2,0.28058,1.3147209064909766,27.23213600447308,0.5344418052256532,0.4790502345656315,14.0,3.238095238095238,7,6.395647,4.608076009501188,10.901770894509484,421,21,599,0.4752941176470588,249.0,0.13475,5.639161,0.775,21341.43333333333,4.0465508,16.865643,-10.489999999999995,1.9000000000000004,1.2400000000000002,2.49,0.6399999999999988,1.8000000000000007,1.4000000000000004,0.16698000000000002,0.5621401752738344,-2.816862573121707,-0.009136395103489181,-0.008540796991534594,-2.0,-0.23809523809523814,-1.0,-0.2884400000000005,0.10969402534201755,0.21774248170126853,153.0,5.0,265.0,-0.010822713834233832,89.0,0.03361,-0.2291944999999993,-0.01666666666666672,1634.4833333333372,-0.0006571000000006322,0.429037000000001
2,4,48.03,12.3,9.56,13.68,12.48,15.2,14.9,0.58563,2.192644114202948,22.34405154805753,0.4693251533742331,0.4562189726968877,14.0,3.1785714285714284,8,7.402756,5.075268817204301,11.900516746701314,651,28,1058,0.4316109422492401,355.0,0.23739,6.5412436,0.7523809523809524,32373.566666666666,5.0646644,41.271313,53.41,10.2,8.57,10.74,10.9,13.4,11.4,0.46772,1.847691884545604,27.864787511419177,0.4466546112115732,0.4552013059971906,14.0,2.71875,8,6.7755017,4.907942238267148,11.46287431520464,554,31,874,0.4265232974910394,319.0,0.23062,6.0998077,0.7952380952380952,31226.83333333333,4.635649,35.584488,-5.3799999999999955,2.1000000000000014,0.9900000000000002,2.9399999999999995,1.58,1.799999999999999,3.5,0.11790999999999996,0.34495222965734396,-5.520735963361648,0.0226705421626599,0.0010176666996971062,0.0,0.4598214285714284,0.0,0.6272542999999997,0.16732657893715341,0.43764243149667337,97.0,-3.0,184.0,0.005087644758200727,36.0,0.006769999999999998,0.4414358999999992,-0.042857142857142816,1146.7333333333372,0.42901539999999994,5.686824999999999
2,5,60.85,9.4,9.68,11.44,10.91,11.7,11.7,0.53299,2.0467336256401256,21.964505638384946,0.497553017944535,0.4709972038946075,22.0,3.25,10,7.082152,4.838815789473684,11.188482904475483,608,28,893,0.4172077922077922,356.0,0.20875,6.036287,0.7666666666666667,21383.066666666666,4.768696,23.299835,72.05,7.2,8.45,9.1,9.51,10.0,9.4,0.40623,1.4176145516165246,24.035260810000004,0.4741573033707865,0.5648968010672888,35.0,2.8076923076923075,6,6.824034,4.635746606334842,10.818980006487577,442,26,611,0.3982102908277405,321.0,0.21022,5.93977,0.7733333333333333,21707.316666666666,4.4190187,21.957056,-11.199999999999996,2.2,1.2300000000000004,2.34,1.4000000000000004,1.6999999999999993,2.299999999999999,0.12675999999999998,0.629119074023601,-2.0707551716150583,0.023395714573748505,-0.09389959717268132,-13.0,0.4423076923076925,4.0,0.2581179999999996,0.20306918313884204,0.3695028979879069,166.0,2.0,282.0,0.018997501380051685,35.0,-0.001469999999999999,0.09651699999999952,-0.006666666666666599,-324.25,0.34967730000000063,1.3427790000000002
2,6,58.11,10.5,9.7,12.32,10.5,12.6,12.9,0.42009,1.4605996006389053,18.77811582557251,0.5330296127562643,0.3655879609779829,9.0,3.3,6,6.7776566,4.830626450116009,11.30278054894764,431,20,640,0.4777777777777778,197.0,0.19274,5.9129,0.7583333333333333,17581.9,4.69061,24.66693,72.56,7.0,8.47,8.92,8.47,10.7,8.5,0.30749,1.1893741642247044,23.88852957892679,0.5082872928176796,0.4036093663217601,11.0,2.4782608695652173,5,6.6611805,4.515320334261839,10.996924392150408,359,23,497,0.478494623655914,193.0,0.15601,5.8171434,0.7916666666666666,18170.3,4.4659166,18.47066,-14.450000000000003,3.5,1.2299999999999986,3.4000000000000004,2.0299999999999994,1.9000000000000004,4.4,0.11260000000000003,0.2712254364142008,-5.11041375335428,0.024742319938584667,-0.03802140534377718,-2.0,0.8217391304347825,1.0,0.11647609999999986,0.31530611585417034,0.30585615679723155,72.0,-3.0,143.0,-0.0007168458781361964,4.0,0.036729999999999985,0.09575659999999964,-0.033333333333333326,-588.3999999999978,0.2246934000000005,6.196270000000002
2,7,81.93,5.5,7.46,7.85,8.0,9.0,8.0,0.45819,2.624078361683005,44.877315102263104,0.5131233595800525,0.3997047238110578,24.0,2.723404255319149,9,6.32724,4.446499339498018,10.618698260856746,757,47,1010,0.4193548387096774,418.0,0.11021,5.5940146,0.8611111111111112,28363.416666666668,4.2287345,36.667362,83.46,4.9,6.84,6.97,7.18,8.2,6.9,0.30497,1.910568766408903,43.85969062643602,0.5263157894736842,0.4044177077844126,13.0,2.380952380952381,7,5.987592,4.347222222222222,10.56986419744917,576,40,749,0.4160958904109589,306.0,0.09012,5.4549603,0.9,27382.05,4.007546,36.709236,-1.529999999999987,0.5999999999999996,0.6200000000000001,0.8799999999999999,0.8200000000000003,0.8000000000000007,1.0999999999999996,0.15321999999999997,0.7135095952741017,1.017624475827084,-0.013192429893631674,-0.00471298397335479,11.0,0.34245187436676794,2.0,0.3396479999999995,0.09927711727579602,0.048834063407575456,181.0,7.0,261.0,0.003258948298718478,112.0,0.020089999999999997,0.13905430000000063,-0.03888888888888886,981.3666666666686,0.22118850000000023,-0.04187399999999997
2,8,70.33,7.9,8.63,9.0,9.57,9.5,10.7,0.51367,2.314906461597335,30.336749195381245,0.4666666666666667,0.4636567611254893,12.0,2.72972972972973,6,7.7593694,4.711480362537764,12.163965453825485,662,37,907,0.4200581395348837,411.0,0.11261,6.9880834,0.6888888888888889,26794.7,5.1567,26.799278,73.68,6.6,7.77,7.18,8.46,8.4,8.3,0.37428,1.874256665805528,32.95149383445238,0.4341637010676156,0.4488869438815051,10.0,2.710526315789474,5,7.611915,4.556962025316456,11.89494982035039,553,38,744,0.4168126094570928,322.0,0.08408,6.8192425,0.7111111111111111,26484.5,4.853848,26.047335,-3.3500000000000085,1.3000000000000007,0.8600000000000012,1.8200000000000003,1.1099999999999994,1.0999999999999996,2.3999999999999986,0.13938999999999996,0.4406497957918072,-2.6147446390711337,0.03250296559905108,0.01476981724398424,2.0,0.01920341394025593,1.0,0.14745439999999999,0.15451833722130814,0.26901563347509416,109.0,-1.0,163.0,0.0032455300777908813,89.0,0.02853,0.16884090000000018,-0.022222222222222254,310.2000000000007,0.3028519999999997,0.7519430000000007
2,9,50.26,11.4,9.09,13.16,12.53,14.3,14.1,0.69364,2.654633856393592,21.35289650314358,0.4682002706359945,0.4447135456190111,13.0,3.15625,7,6.6530247,5.118918918918919,11.449867180603414,740,35,1202,0.3808255659121172,401.0,0.30821,5.798658,0.75,32268.266666666663,4.293882,26.405447,61.46,9.2,7.92,10.23,10.97,12.3,11.4,0.49416,2.1369879283610755,26.86890073607287,0.4522184300341297,0.491216320820227,17.0,2.6129032258064515,5,6.5164347,4.850340136054422,11.03941870542043,588,32,889,0.3523489932885906,345.0,0.23945,5.713885,0.7722222222222223,33166.63333333333,4.065771,26.129148,-11.200000000000003,2.200000000000001,1.17,2.9299999999999997,1.5599999999999987,2.0,2.6999999999999993,0.19948000000000005,0.5176459280325165,-5.516004232929291,0.015981840601864805,-0.046502775201215873,-4.0,0.5433467741935485,2.0,0.13659,0.26857878286449655,0.4104484751829851,152.0,3.0,313.0,0.028476572623526597,56.0,0.06875999999999999,0.08477299999999932,-0.022222222222222254,-898.3666666666686,0.22811100000000017,0.2762989999999981
2,10,56.59,11.1,9.89,12.76,11.26,11.8,13.7,0.55174,1.8189429915599835,13.81483018924065,0.4813432835820895,0.4387228419559352,16.0,3.565217391304348,7,7.466619,4.879472693032015,11.82058340974051,531,22,791,0.4212454212454212,277.0,0.21437,6.5823135,0.7166666666666667,21944.75,4.9070277,40.25859,69.41,8.2,8.79,10.5,9.57,10.2,10.5,0.34839,1.4093783130163131,20.478825403912207,0.4587378640776699,0.4728642781842424,17.0,2.5,4,6.681367,4.618357487922705,11.180918581672069,414,22,590,0.4128878281622912,229.0,0.14634,5.9337225,0.7394957983193278,23299.18333333333,4.4088492,21.817604,-12.819999999999993,2.9000000000000004,1.1000000000000014,2.26,1.6899999999999995,1.6000000000000014,3.1999999999999993,0.20335000000000003,0.4095646785436704,-6.663995214671557,0.022605419504419577,-0.03414143622830723,-1.0,1.0652173913043481,3.0,0.7852519999999998,0.2611152051093093,0.6396648280684403,117.0,0.0,201.0,0.00835759308313,48.0,0.06803000000000001,0.6485909999999997,-0.022829131652661094,-1354.4333333333307,0.49817850000000075,18.440986
3,1,56.18,11.2,9.27,12.84,10.8,13.4,13.6,0.54946,2.310664134154726,22.64879063607703,0.4879518072289157,0.4607043887029856,24.0,2.857142857142857,5,6.8828244,4.808510638297872,11.246376089678805,658,28,984,0.4228486646884273,377.0,0.18166,6.0020547,0.7333333333333333,25275.5,4.6680975,38.60374,70.84,7.7,7.83,8.67,8.52,11.1,9.2,0.34682,1.706488826492396,25.65933629698572,0.4627450980392157,0.4235763447339746,14.0,2.5517241379310347,5,6.6041,4.52286282306163,10.857740129834776,503,29,715,0.4224806201550387,261.0,0.11586,5.7387786,0.76,24672.5,4.230502,28.243217,-14.660000000000004,3.499999999999999,1.4399999999999995,4.17,2.280000000000001,2.3000000000000007,4.4,0.20263999999999993,0.60417530766233,-3.01054566090869,0.025206709189699972,0.03712804396901098,10.0,0.3054187192118225,0.0,0.27872439999999976,0.28564781523624205,0.388635959844029,155.0,-1.0,269.0,0.00036804453338862286,116.0,0.06579999999999998,0.26327610000000057,-0.026666666666666727,603.0,0.4375954999999996,10.360523
3,2,68.7,8.5,9.39,10.6,10.91,11.1,11.9,0.46559,1.9652093935633657,20.66949876695431,0.4991150442477876,0.5012627515749235,18.0,3.678571428571429,10,6.8507156,4.856637168141593,11.82368419836699,565,28,798,0.4603174603174603,343.0,0.16867,5.891165,0.74,25597.08333333333,4.753007,26.808527,71.24,7.5,8.32,8.82,9.63,9.7,9.8,0.33334,1.7665005824794466,26.574319923260035,0.5057251908396947,0.4906280157176038,15.0,3.4,10,6.5821276,4.681214421252372,11.45478348245306,527,30,718,0.4705882352941176,301.0,0.09358,5.723277,0.7866666666666666,24710.55,4.463248,25.44022,-2.539999999999992,1.0,1.0700000000000003,1.7799999999999994,1.2799999999999994,1.4000000000000004,2.0999999999999996,0.13224999999999998,0.19870881108391902,-5.904821156305726,-0.006610146591907118,0.010634735857319721,3.0,0.2785714285714289,0.0,0.26858800000000027,0.17542274688922088,0.3689007159139308,38.0,-2.0,80.0,-0.010270774976657293,42.0,0.07508999999999999,0.1678879999999996,-0.046666666666666634,886.5333333333292,0.2897590000000001,1.3683070000000015
3,3,62.68,8.7,9.05,10.31,11.48,11.5,11.5,0.60574,2.567742535459319,29.700949755525944,0.4579945799457994,0.4542778404736265,15.0,2.642857142857143,7,7.549114,5.028727770177839,11.690727138136234,731,42,1116,0.4023904382470119,406.0,0.15702,6.738675,0.7533333333333333,22650.25,5.292844,35.6372,65.01,7.8,7.85,8.78,10.2,10.6,9.6,0.44563,2.244699270755969,35.22426259059586,0.4672897196261682,0.4377882617305057,9.0,2.261904761904762,5,7.1205597,4.83125,11.38912136224643,640,42,945,0.4174311926605504,341.0,0.10785,6.3533106,0.7733333333333333,22769.4,4.7949533,34.056736,-2.3300000000000054,0.8999999999999995,1.200000000000001,1.5300000000000011,1.2800000000000011,0.9000000000000004,1.9000000000000004,0.16010999999999992,0.3230432647033501,-5.52331283506992,-0.009295139680368825,0.016489578743120792,6.0,0.38095238095238093,2.0,0.42855430000000005,0.19747777017783896,0.3016057758898043,91.0,0.0,171.0,-0.015040754413538526,65.0,0.04916999999999999,0.3853643999999994,-0.020000000000000018,-119.15000000000146,0.49789069999999924,1.5804639999999992
3,4,57.4,10.8,8.86,12.67,10.62,13.5,13.1,0.53485,2.1940284182243537,23.30378396096935,0.5184615384615384,0.5576550043671961,34.0,3.814814814814815,9,6.878016,4.820433436532507,11.0800278606602,646,27,965,0.4582701062215478,451.0,0.16073,5.993393,0.8,24281.15,4.7108703,25.033949,72.36,7.1,7.58,8.43,8.58,10.9,8.5,0.29202,1.5574716390599517,31.17822612600367,0.55,0.5019942727535432,25.0,2.931034482758621,7,6.074598,4.5358649789029535,10.491547715196075,474,29,659,0.4928131416837782,295.0,0.09435,5.386384,0.7866666666666666,25871.466666666667,4.0409894,24.041737,-14.96,3.700000000000001,1.2799999999999994,4.24,2.039999999999999,2.5999999999999996,4.6,0.24283000000000005,0.636556779164402,-7.874442165034317,-0.031538461538461626,0.055660731613652814,9.0,0.8837803320561939,2.0,0.8034179999999997,0.28456845762955396,0.5884801454641249,172.0,-2.0,306.0,-0.03454303546223042,156.0,0.06638000000000001,0.6070090000000006,0.01333333333333342,-1590.3166666666657,0.6698808999999999,0.9922119999999985
3,5,59.67,12.0,8.78,13.58,9.0,12.2,14.5,0.46786,1.86990664927316,18.370321117765183,0.4773519163763066,0.4284567266206642,20.0,4.105263157894737,8,7.2140365,4.472854640980736,11.09329851096291,571,19,770,0.3996598639455782,288.0,0.14881,6.3504996,0.7916666666666666,14420.383333333331,4.7144637,18.853226,76.86,7.4,7.79,9.65,7.83,9.5,9.5,0.28639,1.4349985957080995,22.548710849811325,0.4567627494456763,0.4566096791669097,11.0,3.272727272727273,8,6.9440827,4.298474945533769,10.874021112202236,459,22,589,0.3922413793103448,245.0,0.0676,6.1439495,0.8166666666666667,13717.433333333332,4.537412,15.197804,-17.189999999999998,4.6,0.9899999999999993,3.9299999999999997,1.17,2.6999999999999993,5.0,0.18147000000000002,0.43490805356506046,-4.178389732046142,0.020589166930630287,-0.028152952546245502,9.0,0.8325358851674642,0.0,0.2699537999999997,0.17437969544696674,0.2192773987606742,112.0,-3.0,181.0,0.007418484635233369,43.0,0.08121,0.2065501000000003,-0.025000000000000022,702.9499999999989,0.1770516999999998,3.6554219999999997
3,6,71.55,7.4,8.97,9.65,10.61,10.8,10.9,0.62245,2.74476248420827,32.057264780603184,0.4974025974025974,0.4612067887280794,12.0,2.6,7,7.1924047,4.893190921228304,12.097061375523175,749,44,1074,0.4454314720812182,452.0,0.17126,6.176832,0.7523809523809524,31816.2,4.6808996,26.233456,73.37,6.7,7.98,8.04,9.27,9.5,9.1,0.43994,2.1696205902798544,33.46872607358702,0.5,0.4260619985553742,11.0,2.452380952380953,7,6.77749,4.685805422647528,11.9889083063042,627,42,852,0.4648318042813456,348.0,0.12062,5.9943075,0.8238095238095238,33194.416666666664,4.485964,24.858046,-1.8200000000000074,0.7000000000000002,0.9900000000000002,1.6100000000000012,1.3399999999999999,1.3000000000000007,1.8000000000000007,0.18250999999999995,0.5751418939284156,-1.4114612929838373,-0.0025974025974025983,0.03514479017270522,1.0,0.1476190476190471,0.0,0.41491469999999975,0.20738549858077615,0.10815306921897516,122.0,2.0,222.0,-0.01940033220012738,104.0,0.05063999999999999,0.18252450000000042,-0.0714285714285714,-1378.2166666666635,0.1949356,1.3754099999999987
3,7,67.79,8.8,8.85,11.14,10.15,11.6,12.2,0.77378,3.2845700500995214,32.97047949052776,0.5048231511254019,0.4217810690443386,16.0,2.7209302325581395,7,7.958798,4.72885032537961,11.577546979186428,922,42,1318,0.4445617740232312,503.0,0.17934,7.2621603,0.8285714285714286,29565.033333333333,5.549177,33.504864,70.63,7.8,7.86,9.19,8.81,10.3,9.9,0.59039,2.8668021507948787,37.99869927308192,0.4939024390243902,0.4425907216167047,14.0,2.441860465116279,7,7.5367804,4.550617283950618,11.17706767235629,810,43,1108,0.4409638554216867,454.0,0.14995,6.8471184,0.8571428571428571,30658.033333333333,5.0669446,27.935596,-2.839999999999989,1.0000000000000009,0.9899999999999993,1.950000000000001,1.3399999999999999,1.299999999999999,2.299999999999999,0.18339000000000005,0.41776789930464275,-5.02821978255416,0.010920712101011698,-0.02080965257236611,2.0,0.2790697674418605,0.0,0.4220176000000002,0.17823304142899232,0.4004793068301371,112.0,-1.0,210.0,0.003597918601544514,49.0,0.02939,0.4150418999999994,-0.02857142857142847,-1093.0,0.4822324,5.569267999999997
3,8,59.64,9.9,8.95,11.0,10.5,11.8,11.8,0.6212,2.4260846073486,25.816190592652543,0.5013888888888889,0.4220457933356283,18.0,3.6666666666666665,12,6.4506245,4.79750346740638,11.208765948609472,721,36,1046,0.4513031550068587,370.0,0.17823,5.659911,0.8055555555555556,24773.266666666663,4.417456,44.109474,73.37,6.7,8.01,7.82,8.81,9.4,8.3,0.38781,1.7746595702412584,29.500944699445206,0.4688644688644688,0.4574595163785404,16.0,3.108108108108108,8,6.334702,4.614259597806216,10.930847882308775,547,37,747,0.4446460980036297,302.0,0.11744,5.658365,0.8277777777777777,22946.2,4.1772976,44.11001,-13.730000000000004,3.2,0.9399999999999995,3.1799999999999997,1.6899999999999995,2.4000000000000004,3.5,0.23339,0.6514250371073418,-3.6847541067926635,0.032524420024420075,-0.03541372304291207,2.0,0.5585585585585586,4.0,0.11592249999999993,0.18324386960016437,0.27791806630069615,174.0,-1.0,299.0,0.006657057003228994,68.0,0.06079,0.0015460000000002694,-0.022222222222222143,1827.066666666662,0.24015839999999944,-0.0005360000000038667
3,9,62.68,8.7,8.62,9.77,10.09,10.9,10.3,0.38669,1.6317300436552082,26.607566025205166,0.5087040618955513,0.4444867293938547,18.0,3.321428571428572,6,6.9565315,4.751937984496124,11.316584406082574,516,28,754,0.4541984732824427,276.0,0.14923,6.1766195,0.8916666666666667,17500.3,4.5725765,28.72034,83.05,5.1,7.47,6.81,7.82,8.4,7.1,0.21678,1.166032880802802,32.842290088709056,0.5116883116883116,0.4825529283095073,15.0,2.730769230769231,5,6.7211475,4.407792207792208,11.148128856443993,385,26,502,0.4498714652956298,222.0,0.09148,6.209481,0.875,18828.58333333333,4.4114566,29.456146,-20.369999999999997,3.5999999999999996,1.1499999999999995,2.96,2.2699999999999996,2.5,3.200000000000001,0.16990999999999998,0.46569716285240625,-6.23472406350389,-0.0029842497927603517,-0.038066198915652605,3.0,0.5906593406593412,1.0,0.23538399999999982,0.34414577670391555,0.16845554963858156,131.0,2.0,252.0,0.004327007986812903,54.0,0.057749999999999996,-0.0328615000000001,0.01666666666666672,-1328.2833333333292,0.1611199000000001,-0.7358060000000002
3,10,75.44,8.0,7.01,9.83,7.37,10.0,9.9,0.34649,2.021799639556657,33.298010359036155,0.4739336492890995,0.4084821317247994,14.0,2.8,7,5.958867,4.256329113924051,10.1560813039268,632,30,844,0.4194053208137715,333.0,0.1082,5.4144373,0.8666666666666667,23368.95,3.9878333,16.899853,79.8,6.3,6.43,7.81,6.55,9.1,7.3,0.27806,1.8224273279071284,37.43602999734219,0.466893039049236,0.4080676074067619,14.0,2.6,7,5.848283,4.177172061328791,10.038187915449187,587,35,775,0.426890756302521,314.0,0.07724,5.3744073,0.9,22561.6,3.8629634,19.55528,-4.359999999999999,1.7000000000000002,0.5800000000000001,2.0200000000000005,0.8200000000000003,0.9000000000000004,2.6000000000000005,0.06843000000000005,0.19937231164952873,-4.138019638306034,0.007040610239863465,0.00041452431803751244,0.0,0.19999999999999973,0.0,0.11058399999999935,0.07915705259526007,0.11789338847761321,45.0,-5.0,69.0,-0.00748543548874947,19.0,0.03096,0.040030000000000676,-0.033333333333333326,807.3500000000022,0.1248699000000002,-2.6554269999999995
