comp_r,comp_p,log_comp_r,log_comp_p,ppl_coef,ppl_coef_p,mean_result,n_values,models_families,pred_col,level_type,resolution,comp_p_symbol,log_comp_p_symbol,ppl_coef_p_symbol
0.8095906919070932,2.012071617374062e-08,0.8366851166229465,2.440405186998417e-09,0.002827647210487862,2.0120716173740974e-08,0.29258808865752717,32,"['GPT-2' 'GPT-J' 'GPT-Neo' 'Gemma' 'Llama-2' 'Mamba' 'Mistral' 'OPT'
 'Pythia' 'RWKV']",mean_nonzero_TF,diff,sentence,***,***,***
0.6900089978582395,1.246203763087933e-05,0.7206532114413546,3.2944493825050616e-06,0.0025353539845617227,1.2462037630878303e-05,0.32229126921421264,32,"['GPT-2' 'GPT-J' 'GPT-Neo' 'Gemma' 'Llama-2' 'Mamba' 'Mistral' 'OPT'
 'Pythia' 'RWKV']",mean_nonzero_TF,diff,paragraph,***,***,***
0.8076083502446119,2.3170952182569714e-08,0.8525673633360489,5.882740930153053e-10,0.0016612951123350923,2.3170952182563172e-08,0.38109035087023807,32,"['GPT-2' 'GPT-J' 'GPT-Neo' 'Gemma' 'Llama-2' 'Mamba' 'Mistral' 'OPT'
 'Pythia' 'RWKV']",SkipRateTotal,diff,sentence,***,***,***
0.7532438965706487,6.526067531501777e-07,0.7942178361760569,5.773435646017835e-08,0.003592378066278554,6.526067531502028e-07,0.3031130887952589,32,"['GPT-2' 'GPT-J' 'GPT-Neo' 'Gemma' 'Llama-2' 'Mamba' 'Mistral' 'OPT'
 'Pythia' 'RWKV']",SkipRateTotal,diff,paragraph,***,***,***
0.42332847992213796,0.015770829608952652,0.42579168396999606,0.015110241271474471,0.000561400800849775,0.015770829608953655,0.30631941898123405,32,"['GPT-2' 'GPT-J' 'GPT-Neo' 'Gemma' 'Llama-2' 'Mamba' 'Mistral' 'OPT'
 'Pythia' 'RWKV']",RegRateTotal,diff,sentence,*,*,*
-0.17284728089645704,0.3441399516242809,-0.21560336253695325,0.23597263414124484,-0.0004275502538464935,0.34413995162429967,0.3974329025643406,32,"['GPT-2' 'GPT-J' 'GPT-Neo' 'Gemma' 'Llama-2' 'Mamba' 'Mistral' 'OPT'
 'Pythia' 'RWKV']",RegRateTotal,diff,paragraph,ns,ns,ns
