text_id,align_idx,rank_ET,rank_Formula,rank_Psycholinguistic,rank_LLM,rank_std,ET_minus_Formula,Psycholinguistic_minus_Formula,ET_minus_Psycholinguistic,ET_minus_LLM,diff_mean_nonzero_TF,diff_SkipRateTotal,diff_RegRateTotal,diff_flesch_reading_ease,diff_dale_chall_score,diff_gunning_fog_index,diff_ARI,diff_coleman_liau_index,diff_flesch_kincaid_grade_score,diff_CML2RI,diff_CAREC,diff_CARES,diff_SBERT,diff_text_evaluator,diff_lexile,diff_cpidr_density,diff_avg_integration_cost,diff_avg_embedding_depth,diff_PLL_bert-base-uncased,diff_PPL Pythia 70M,diff_mean_entropy_pythia,diff_word_length,diff_wordFreq_frequency,diff_llama-3.3-70b-versatile_simple_specific_prompt,diff_gpt-4o_simple_specific_prompt,diff_gpt-5_simple_specific_prompt,diff_gemini-2.0-flash_simple_specific_prompt,diff_gemini-2.5-pro_simple_specific_prompt,diff_claude-sonnet-4-0_simple_specific_prompt,psycholing_uniquely_aligned_with_ET
2_1_2,292,32.9957805907173,82.54219409282702,33.88449367088607,99.57805907172997,33.988078486666645,-49.546413502109715,-48.657700421940945,-0.8887130801687704,-66.58227848101266,-51.59107022348934,0.07320261437908498,-0.16623093681917217,-16.910000000000004,2.8199999999999994,7.329999999999998,11.9,4.45,8.600000000000001,-6.444935203333337,-0.18353,0.2727412617172827,-0.48634,850.0,1510.0,-0.09999999999999998,-0.14864864864864868,1.0,76.8704376220703,-1121.2027894599137,-2.5490798950195312,-0.06666666666666643,0.38614993732877245,8.0,7.0,8.0,8.0,8.0,7.0,48.657700421940945
1_9_6,263,93.9240506329114,25.047468354430382,39.264240506329116,23.44936708860759,33.10732573691401,68.87658227848102,14.216772151898734,54.659810126582286,70.47468354430382,77.54039528432725,0.045045045045045085,0.21147039897039902,0.0,0.0,0.0,0.0,0.0,0.0,0.0,0.0,0.0,0.0,0.0,0.0,0.0,0.0,0.0,0.0,0.0,0.0,0.0,0.0,0.0,0.0,1.0,0.0,0.0,0.0,14.216772151898738
3_8_3,839,50.04219409282701,92.71097046413502,34.34335443037975,99.10337552742617,31.7747008168154,-42.668776371308006,-58.36761603375527,15.698839662447263,-49.061181434599156,5.2993754971683416,0.09232731554160128,-0.0416285103785104,-82.91,4.119999999999999,17.43,11.0,7.960000000000001,15.3,-6.93107598769231,0.12079999999999999,0.1742539971838986,-0.30495999999999995,850.0,1280.0,-0.1428571428571428,-0.02884615384615391,1.0,13.780780792236328,-562.8098640125336,-1.8620719909667969,0.7619047619047619,-1.3692594119563264,6.0,11.0,9.0,7.0,7.0,5.0,26.969936708860743
2_4_5,399,64.13502109704642,4.5042194092827,19.390822784810126,65.32700421940928,31.078464533614714,59.63080168776372,14.886603375527425,44.74419831223629,-1.1919831223628563,-4.748721929517046,0.025952595259525923,0.061337383738373885,20.980000000000004,-1.8399999999999999,-6.599999999999998,-3.0999999999999996,-1.8100000000000005,-3.8999999999999995,2.564000634999985,-0.08133,-0.003008525391149401,1.06822,-60.0,-270.0,-0.10416666666666669,-0.06534090909090912,-0.5,20.77956771850586,-188.005572806589,-0.6368436813354492,-0.20833333333333304,-0.7055710505761041,0.0,3.0,3.0,2.0,5.0,2.0,14.886603375527429
2_9_2,547,11.265822784810126,44.07700421940928,37.935126582278485,86.21308016877636,31.022638429291554,-32.811181434599156,-6.141877637130797,-26.66930379746836,-74.94725738396623,-15.476316659818053,-0.0517057833234304,-0.07648791839968311,-4.059999999999995,0.20000000000000107,-0.07000000000000028,1.4000000000000004,1.0199999999999996,1.5,-2.015815311111119,-0.051580000000000015,0.051671807533408096,-0.4071500000000001,570.0,-640.0,0.0,0.15873015873015872,-1.0,7.262434005737301,-378.44352658370406,-0.05103635787963867,-0.08333333333333304,0.10748829069784449,5.0,4.0,7.0,5.0,3.0,2.0,6.141877637130797
3_1_2,611,23.037974683544306,56.51898734177215,60.71993670886076,94.5253164556962,29.235083422255357,-33.48101265822785,4.2009493670886044,-37.68196202531645,-71.4873417721519,-43.21913959613693,0.009115059067105136,-0.0993024718248503,-6.259999999999991,0.6399999999999988,5.1899999999999995,8.8,4.46,4.499999999999999,2.5427552865079335,-0.14318999999999998,0.0977722013747929,-0.12357000000000001,0.0,690.0,0.0946291560102302,-0.06,0.0,24.640182495117188,48.144823036272385,0.44576120376586825,0.358056265984656,0.03251663061092458,5.0,5.0,7.0,4.0,6.0,3.0,-4.2009493670886044
2_3_4,383,76.87763713080169,18.027426160337555,35.54588607594937,12.225738396624472,29.206041459731647,58.85021097046413,17.518459915611814,41.33175105485232,64.65189873417722,48.282918882480715,0.0022380669439492906,0.1059813824519707,2.030000000000001,-0.09999999999999998,-0.7999999999999998,-1.1000000000000005,-0.41999999999999993,-0.7999999999999998,0.65720253333334,0.09461,-0.03419198754204128,0.0,-40.0,-20.0,-0.05594405594405594,-0.0817307692307693,0.0,1.4057540893554688,19.831079759356484,-0.008911609649659091,0.033333333333333215,0.11204997267465622,-1.0,0.0,-1.0,-1.0,0.0,0.0,17.518459915611814
3_2_2,637,64.9789029535865,85.54852320675104,29.501582278481013,91.80379746835443,28.082139321465306,-20.569620253164544,-56.04694092827003,35.47732067510549,-26.824894514767934,68.82803085816647,0.06316964285714288,-0.05200892857142858,-29.599999999999994,4.299999999999999,8.33,6.200000000000001,2.7700000000000014,7.2,-9.703651725824166,0.27821,0.2228496836671406,-0.13668,340.0,680.0,-0.09999999999999998,-0.07142857142857151,0.5,18.61319923400879,-127.63673877688811,-0.9297652244567871,0.06666666666666643,-0.40564084577760795,4.0,8.0,3.0,4.0,7.0,4.0,-14.907700421940945
3_6_7,784,82.0675105485232,25.047468354430382,39.264240506329116,21.782700421940927,27.74293158312774,57.020042194092824,14.216772151898734,42.803270042194086,60.28481012658227,66.9457070707071,0.004807692307692291,0.1292925824175824,0.0,0.0,0.0,0.0,0.0,0.0,0.0,0.0,0.0,0.0,0.0,0.0,0.0,0.0,0.0,0.0,0.0,0.0,0.0,0.0,1.0,-2.0,0.0,0.0,0.0,0.0,14.216772151898738
1_4_3,132,27.805907172995777,87.47362869198314,62.6503164556962,84.73628691983123,27.578551372015937,-59.66772151898736,-24.823312236286938,-34.844409282700425,-56.930379746835456,30.043135900057962,-0.06638319353836603,-0.045144898593174526,-32.15,1.75,11.520000000000001,10.3,4.959999999999999,8.2,-9.207945305555555,0.06867,0.1064289070887815,-0.45281000000000005,500.0,1430.0,0.08620689655172409,-0.019607843137254888,1.0,47.582576751708984,-12.711867324462474,-0.44615793228149414,0.7216748768472909,0.45449721251411646,8.0,2.0,7.0,3.0,7.0,2.0,24.823312236286938
1_3_4,106,68.39662447257383,46.35021097046414,33.868670886075954,96.12869198312235,27.3210659525414,22.046413502109694,-12.481540084388186,34.52795358649788,-27.732067510548518,21.008928163373923,0.0008868118340167874,0.10266583131489962,0.6799999999999926,-2.74,2.4299999999999997,6.8,1.9100000000000001,3.8,-1.2356759200000056,-0.08667,0.0075786685339686855,0.56279,410.0,1340.0,0.0931677018633541,-0.09829059829059833,4.0,2.9097671508789062,-237.6570911434934,-1.9993896484375,-0.18633540372670865,-0.9319244123527586,5.0,8.0,6.0,4.0,5.0,7.0,-12.481540084388186
2_7_5,488,12.91139240506329,31.803797468354432,77.19145569620252,43.92405063291139,27.025134554046222,-18.892405063291143,45.38765822784809,-64.28006329113923,-31.0126582278481,-10.446415725373924,-0.06021241830065363,-0.058853238265002994,16.42,0.5499999999999989,0.20000000000000018,-0.7000000000000002,-0.9900000000000002,-2.2,-2.8492010599999915,0.16658,-0.042609374145418114,-0.4021500000000001,169.0,-1100.0,0.13888888888888884,0.0714285714285714,2.0,12.766347885131829,387.07066690094143,3.8705339431762695,-0.17499999999999982,1.1922264414264614,0.0,3.0,0.0,1.0,4.0,0.0,-45.387658227848085
3_3_3,677,82.0675105485232,19.092827004219405,37.34177215189873,38.016877637130804,26.76792259605225,62.9746835443038,18.248945147679326,44.72573839662447,44.0506329113924,31.347297573149035,0.03930684699915471,0.10287228796844178,15.91000000000001,-0.21999999999999975,-2.6799999999999997,-3.200000000000001,-3.299999999999999,-2.0,-4.726893923214298,-0.12889,-0.029103823256123693,-0.03602000000000005,130.0,0.0,0.03846153846153849,0.11779448621553879,1.0,-3.5124664306640625,-445.4316964763218,-2.0379838943481445,-0.6208791208791213,0.003706646715224693,0.0,5.0,1.0,0.0,1.0,0.0,18.24894514767933
2_7_4,478,76.54008438818566,25.047468354430382,39.264240506329116,16.213080168776372,26.601761375164475,51.49261603375528,14.216772151898734,37.275843881856545,60.32700421940929,22.426694915254302,0.043440945401729714,0.052980788274905904,0.0,0.0,0.0,0.0,0.0,0.0,0.0,0.0,0.0,0.0,0.0,0.0,0.0,0.0,0.0,0.0,0.0,0.0,0.0,0.0,0.0,-1.0,0.0,0.0,-1.0,0.0,14.216772151898738
3_3_2,670,22.531645569620252,79.73101265822785,69.51740506329114,75.88607594936708,26.592269739743394,-57.1993670886076,-10.213607594936718,-46.985759493670884,-53.35443037974683,-29.230024189233973,-0.005581571795493734,-0.046136588369185993,-31.29,1.8399999999999999,8.29,14.100000000000001,4.26,9.899999999999999,-5.104079851010084,-0.04298,0.1387552291241949,-0.31998000000000004,380.0,690.0,-0.048387096774193505,0.049516908212560384,0.5,40.69017791748048,134.56227459871593,0.11422061920166016,0.5950764006791172,1.2721522920833053,3.0,2.0,4.0,2.0,5.0,2.0,10.213607594936718
1_10_4,12,33.20675105485232,74.62552742616033,42.66613924050633,89.45147679324894,26.45521894335727,-41.41877637130801,-31.959388185654,-9.459388185654014,-56.244725738396625,-10.332990364603631,0.0155617671242671,-0.05795192513942521,-35.349999999999994,1.7600000000000007,11.64,13.4,1.5300000000000011,11.5,-2.773762000555557,-0.028930000000000004,0.1488452301723557,-0.91269,669.0,-20.0,0.007407407407407418,-0.028911564625850372,1.0,12.073867797851562,-8.843418678846646,-0.5775141716003418,0.059259259259259345,-0.03990815189384378,3.0,7.0,4.0,5.0,7.0,2.0,31.959388185654
1_1_2,33,75.14767932489451,25.047468354430382,39.264240506329116,14.609704641350211,26.428217810992,50.10021097046413,14.216772151898734,35.883438818565395,60.5379746835443,10.151820451606795,0.06644144144144137,0.05439774189774191,0.0,0.0,0.0,0.0,0.0,0.0,0.0,0.0,0.0,0.0,0.0,0.0,0.0,0.0,0.0,0.0,0.0,0.0,0.0,0.0,-1.0,0.0,0.0,0.0,-2.0,0.0,14.216772151898738
2_6_1,442,33.54430379746835,92.82700421940929,55.12658227848101,79.74683544303798,26.32089907886682,-59.28270042194094,-37.70042194092828,-21.582278481012658,-46.20253164556963,-51.65691229441825,0.0503320789595299,-0.06101670297748729,-52.82,4.109999999999999,10.32,12.9,6.319999999999999,12.0,-38.29006025619047,0.14574000000000004,0.24946726529185842,-0.4812099999999999,360.0,850.0,0.11259259259259258,-0.3509127789046653,0.33333333333333326,3.85302734375,-5.876600166415159,-0.1013641357421875,0.7170370370370369,0.9353164670962766,2.0,4.0,4.0,2.0,4.0,4.0,37.70042194092828
2_10_3,278,37.46835443037975,48.94514767932489,25.71993670886076,86.29746835443036,26.23335677713064,-11.476793248945143,-23.22521097046413,11.748417721518987,-48.82911392405062,-22.91051868441076,0.12961972667855018,-0.11815210932857989,-6.089999999999989,-1.2800000000000011,6.4,-0.2999999999999998,1.25,2.3,-4.033918441666678,-0.006860000000000033,-0.102743202826901,-1.04748,760.0,10.0,0.0,-0.21212121212121215,4.0,8.64981842041015,-30262.663177812574,-5.5860371589660645,-0.5499999999999998,-2.4478976345627466,5.0,2.0,3.0,5.0,6.0,5.0,-0.27162447257384414
2_5_2,423,59.70464135021098,27.484177215189874,66.98575949367088,11.951476793248945,26.143752875449405,32.2204641350211,39.50158227848101,-7.281118143459906,47.753164556962034,12.275983530556402,0.07741278329513629,-0.01107715813598159,3.0400000000000063,-0.34999999999999964,-1.1999999999999993,0.9000000000000004,2.1300000000000003,-1.2,-0.07197127999999298,-0.0047800000000000065,0.021503881376858602,-0.0257099999999999,-330.0,20.0,0.13636363636363635,-0.003921568627450911,0.0,2.4371776580810582,133.1265373951719,0.9968438148498535,0.46753246753246813,0.8067894963919677,0.0,1.0,-1.0,-3.0,-2.0,-2.0,24.939345991561197
2_2_1,320,29.451476793248943,82.27320675105484,80.45094936708861,82.34177215189874,26.133256646881918,-52.8217299578059,-1.8222573839662317,-50.99947257383967,-52.890295358649794,-53.80067721533061,0.039884135472370685,-0.12378193701723111,-20.980000000000004,2.7700000000000005,1.5999999999999996,6.3,5.34,3.9999999999999996,-9.361627207692301,0.40418,0.1087882049183182,-0.34952,410.0,1290.0,0.1875,-0.10869565217391303,2.0,28.325138092041016,189.07698662136715,1.0615520477294922,0.875,1.5781682962778554,2.0,6.0,4.0,3.0,5.0,2.0,1.8222573839662317
2_3_1,362,77.72151898734178,17.463080168776372,32.83227848101266,32.373417721519,26.07891010375265,60.25843881856541,15.369198312236286,44.88924050632912,45.348101265822784,47.800738961121965,0.04207230677818913,0.024681201151789414,8.459999999999994,-1.209999999999999,0.0,0.7000000000000011,0.9300000000000015,-1.2000000000000002,3.9610073958333274,-0.13041,-0.06580680438623131,0.0,-70.0,10.0,-0.07692307692307693,0.047619047619047616,-2.0,-1.275629043579098,-28.38810691501118,-0.20199871063232422,0.1538461538461542,0.16787102446357594,0.0,2.0,2.0,0.0,0.0,0.0,15.369198312236286
2_8_5,533,30.464135021097047,76.69831223628694,45.30854430379746,84.957805907173,25.744119892714867,-46.23417721518989,-31.389767932489477,-14.844409282700415,-54.49367088607595,-64.63063728163672,0.0372440987414249,-0.060557446118943425,-10.819999999999993,2.0500000000000007,7.960000000000001,9.099999999999998,1.3100000000000005,6.199999999999999,-0.45878496165411775,0.09086999999999999,0.14408657445416662,-0.54646,500.0,660.0,0.054545454545454564,-0.03418803418803418,0.5,34.26634979248047,-1029.7646894465947,-0.19891452789306818,-0.09393939393939466,0.12154955699569037,2.0,6.0,3.0,4.0,5.0,3.0,31.389767932489473
3_1_2,610,33.0801687763713,70.82278481012658,42.903481012658226,89.08227848101266,25.66225631319518,-37.742616033755276,-27.919303797468352,-9.823312236286924,-56.00210970464136,-59.750408329161246,0.07683002913266071,-0.12055244949981797,-27.07,-0.9799999999999986,8.21,7.1000000000000005,5.779999999999999,6.2,-8.250986589090902,-0.16939,0.24561246778814141,-0.3574599999999999,110.0,1430.0,-0.09999999999999998,0.16017316017316025,1.0,32.19489288330078,-8622.014031779503,-3.9612865447998047,0.5789473684210522,-1.1760898420482313,2.0,5.0,4.0,5.0,6.0,4.0,27.919303797468352
1_2_6,88,85.10548523206751,27.953586497890296,36.25,41.04430379746836,25.589334335670916,57.15189873417721,8.296413502109704,48.85548523206751,44.06118143459915,82.19057360853577,0.0179190179190179,0.0672767547767548,0.0,0.0,0.0,-0.40000000000000036,0.0,0.0,0.0,0.0,-0.0020000000000000018,-0.7745799999999999,-20.0,0.0,0.0,0.020467836257309968,0.0,-1.291229248046875,-194.19552534209123,0.0,0.0,0.0,0.0,2.0,0.0,1.0,2.0,1.0,8.2964135021097
1_4_2,123,32.78481012658228,46.04430379746835,13.259493670886076,73.93459915611814,25.469815580001537,-13.259493670886073,-32.78481012658227,19.525316455696203,-41.14978902953586,-41.43727891156465,0.0560292435292436,-0.10018947518947519,-28.08,-1.3399999999999999,6.62,4.1000000000000005,1.7300000000000004,6.7,6.748701309999987,-0.09153999999999998,0.03741987214556851,0.0,-80.0,90.0,-0.007936507936507908,-0.10555555555555557,0.0,-12.238611221313477,-2007.623768166354,-3.745567321777342,-0.11111111111111116,-1.0958461459126134,5.0,2.0,4.0,2.0,3.0,2.0,-6.26582278481013
3_1_5,629,39.70464135021097,77.95886075949367,36.661392405063296,84.87341772151899,25.150474483956483,-38.254219409282705,-41.29746835443038,3.043248945147674,-45.16877637130802,-13.872848280850121,0.08922407720484649,-0.09399214567483799,-4.730000000000004,1.8600000000000003,3.66,8.0,2.51,3.9000000000000004,-3.4394479174999972,0.14472000000000002,0.2440996100017696,-0.40365,620.0,1310.0,0.03846153846153849,-0.1651785714285714,0.0,20.83893585205078,-80.67083227573805,-0.6174678802490234,0.23076923076923173,-0.8234276871425319,3.0,2.0,6.0,3.0,6.0,3.0,35.21097046413503
3_4_1,704,46.62447257383966,93.18037974683546,55.13449367088607,94.74683544303798,25.124217419509854,-46.555907172995795,-38.04588607594938,-8.510021097046412,-48.12236286919832,45.372353616532735,-0.023621948779511792,-0.014387485763536212,-54.480000000000004,2.84,17.939999999999998,20.9,4.790000000000001,16.8,-7.750813769791662,0.17245,0.2823696460588051,-0.42142999999999997,700.0,960.0,-0.045518207282913226,-0.2763157894736842,0.0,55.55757904052736,19.953755843839986,0.3611311912536621,0.5518207282913163,0.7573447506639308,3.0,6.0,7.0,5.0,8.0,3.0,38.04588607594938
1_3_3,101,35.822784810126585,47.014767932489455,30.007911392405063,85.46413502109704,24.943797872899186,-11.19198312236287,-17.006856540084392,5.814873417721522,-49.64135021097045,5.685842479627013,0.011488379135437987,-0.08630479218714512,-30.120000000000005,-0.5100000000000007,5.199999999999999,6.4,5.8100000000000005,7.5,0.9141824809523769,-0.36628000000000005,-0.017775561822318986,0.5353,370.0,-10.0,0.27941176470588236,-0.4166666666666667,0.0,6.78336334228516,-1059.3613552860995,-3.2706046104431135,0.02941176470588225,-0.49769181350003855,7.0,6.0,5.0,1.0,4.0,5.0,5.377109704641349
3_3_1,663,77.72151898734177,28.697257383966242,41.66139240506329,21.666666666666668,24.93849849064019,49.02426160337552,12.964135021097047,36.06012658227848,56.054852320675096,51.50640370597455,0.012242047168517733,0.0549869860531626,5.07,1.0200000000000014,-0.9299999999999997,-2.799999999999999,-0.6999999999999993,-2.0,-6.8544830416666755,0.04464999999999998,-0.009073369451697101,-0.10028999999999999,39.0,-150.0,-0.016042780748663055,-0.36666666666666664,-2.0,7.203277587890625,451.9111404452582,1.2339940071105957,-0.07219251336898314,0.21545577059793253,0.0,0.0,-1.0,0.0,1.0,0.0,12.964135021097043
2_2_1,317,59.87341772151899,3.8924050632911396,24.39873417721519,47.310126582278485,24.800375018377885,55.981012658227854,20.50632911392405,35.4746835443038,12.563291139240505,-58.24143037018382,0.041419092889681194,0.07380174291939001,15.909999999999997,-3.8999999999999986,-2.9299999999999997,-2.6999999999999993,-1.0,-1.8999999999999995,4.571696799999998,-0.4334,-0.4318014064475051,0.5156999999999999,0.0,-260.0,0.16666666666666669,-0.09999999999999998,0.0,3.7992095947265625,-180733423.88780108,-3.014904022216797,-0.583333333333333,-2.3035600646667014,1.0,3.0,2.0,0.0,0.0,2.0,20.506329113924053
3_10_2,582,33.037974683544306,72.11497890295358,26.34493670886076,72.36286919831224,24.71650033773524,-39.077004219409275,-45.770042194092824,6.693037974683545,-39.324894514767934,-22.904554904555027,0.04034140338827841,-0.09645718864468866,-15.560000000000002,2.26,4.950000000000001,4.900000000000002,2.1500000000000004,3.9000000000000004,-3.248730685897428,0.11163,0.0828384174465566,-0.48880999999999997,170.0,230.0,-0.016826923076923073,-0.07013574660633487,-1.0,-6.212379455566406,-111.6755609118317,-1.1584739685058594,0.2837500000000004,0.40539412789553353,1.0,5.0,3.0,3.0,3.0,2.0,32.38396624472573
1_1_2,34,30.59071729957806,86.09177215189874,63.212025316455694,78.85021097046413,24.654227882809927,-55.50105485232068,-22.879746835443044,-32.621308016877634,-48.25949367088607,-8.819695079014195,-0.004780895288414078,-0.0322102311763966,-29.260000000000005,2.3599999999999994,9.95,13.0,3.9000000000000004,9.200000000000001,-4.25616688290043,0.26378999999999997,0.0978172283685598,-0.27374,660.0,540.0,0.07264957264957261,-0.0467479674796748,2.5,2.6415863037109375,6.954853312170414,0.7256054878234863,0.5142857142857142,0.09094010799903884,2.0,5.0,3.0,4.0,2.0,4.0,22.879746835443044
2_1_6,313,24.26160337552743,70.34810126582279,38.97943037974684,74.6097046413502,24.404887217246408,-46.08649789029536,-31.368670886075954,-14.717827004219409,-50.34810126582278,-5.279107925481696,-0.03246753246753248,-0.029496647143706006,-37.22,-0.33000000000000007,11.02,9.8,0.7199999999999989,10.1,2.3062444251207737,0.015890000000000015,0.13069765812857748,-0.25665000000000004,830.0,1730.0,-0.12777777777777777,-0.06859756097560979,1.0,63.25875473022461,-16.821352152723193,0.12620830535888317,-0.13025210084033478,-0.42222547846592207,2.0,3.0,3.0,3.0,4.0,2.0,31.368670886075954
2_1_6,314,35.18987341772152,80.05274261603375,73.69462025316456,91.45569620253166,24.404651647746583,-44.86286919831223,-6.358122362869196,-38.504746835443036,-56.26582278481013,15.349389233650015,-0.0376147091833367,-0.010926256024295311,-29.10000000000001,6.86,4.800000000000001,9.2,8.08,7.1,-13.434301040000001,-0.060750000000000026,0.2737416178526474,-0.08331000000000001,270.0,1050.0,0.22222222222222227,0.1477272727272727,1.0,12.178247451782227,-164.10115105495157,0.22530031204223633,0.8888888888888888,1.199733889028229,7.0,5.0,6.0,2.0,7.0,5.0,6.358122362869196
1_4_4,139,50.12658227848101,84.53586497890295,50.348101265822784,98.21729957805907,24.39981196043636,-34.40928270042194,-34.187763713080166,-0.22151898734177422,-48.09071729957806,34.42230988726561,-0.013030888030888088,-0.006084528405956913,-32.47999999999999,2.5999999999999996,5.660000000000001,4.8,4.98,6.4,-5.66006530555557,0.24419000000000002,0.0749559220538278,-1.20269,769.0,90.0,0.07142857142857151,0.1029411764705882,1.0,10.231693267822262,-569.6360112808272,-2.8297815322875977,0.49999999999999956,-0.4184329769067663,5.0,5.0,9.0,6.0,9.0,6.0,34.187763713080166
2_3_4,381,38.312236286919834,77.12025316455697,27.776898734177216,71.18143459915612,24.24085675580139,-38.80801687763714,-49.343354430379755,10.535337552742618,-32.869198312236286,-15.428872594762197,0.0825938412255548,-0.1305752538169418,-40.95,0.15000000000000036,6.5600000000000005,4.300000000000001,1.9299999999999997,7.3999999999999995,-6.238408462499997,0.11914000000000001,0.0741855245314776,-0.53281,490.0,330.0,0.012121212121212088,-0.14823529411764708,0.0,-0.2431182861328125,-430.5219733164679,-0.8692355155944824,0.3043478260869561,-0.27740201388465024,1.0,5.0,4.0,3.0,3.0,1.0,28.27267932489452
3_8_1,830,43.080168776371316,92.38924050632913,67.84810126582278,94.54641350210971,24.17528036318583,-49.309071729957815,-24.541139240506354,-24.76793248945146,-51.4662447257384,1.933274657192669,-0.01590409590409586,0.008694463431305616,-32.309999999999995,2.9800000000000004,12.93,12.200000000000001,2.83,10.4,-12.890068107352931,0.20063999999999999,0.2789602752843613,-0.50078,790.0,970.0,-0.0014005602240896309,0.010121457489878527,7.5,20.779163360595703,128.51384391173116,1.18082857131958,0.21298701298701328,0.07045431913336131,5.0,6.0,6.0,5.0,5.0,3.0,24.541139240506354
2_2_5,347,58.69198312236287,81.30801687763713,62.8006329113924,24.20886075949367,23.821582445168296,-22.61603375527426,-18.50738396624473,-4.108649789029528,34.483122362869196,78.16476876211573,-0.1772097727980081,0.04597950291227601,-45.68000000000001,4.140000000000001,8.0,4.4,3.5700000000000003,5.1,-6.050990796428579,0.23413,0.16173507040176316,-0.35709,359.0,10.0,0.05555555555555558,-0.045454545454545414,-1.0,-8.896404266357422,3057.7617596287914,1.1300077438354492,1.333333333333333,1.7183241669031855,0.0,-1.0,1.0,0.0,1.0,0.0,18.50738396624473
2_10_4,283,31.645569620253166,31.735232067510548,44.04272151898734,81.97257383966245,23.805537293967287,-0.08966244725738193,12.307489451476794,-12.397151898734176,-50.327004219409275,-9.58516050015669,-0.005905352440005895,-0.023283280709023302,23.69,-1.2800000000000011,-2.9299999999999997,-0.6999999999999993,-5.84,-0.8000000000000007,-0.4587974161538355,0.009190000000000004,-0.0699173986809716,-0.53895,769.0,1370.0,0.11363636363636359,-0.041666666666666685,0.0,55.21138381958008,-2502.6829570113014,-1.7188196182250977,-1.2034632034632047,1.4524599609701294,2.0,5.0,4.0,4.0,4.0,2.0,-12.307489451476794
1_7_4,209,73.33333333333333,25.047468354430382,39.264240506329116,20.89662447257384,23.802226284316944,48.28586497890295,14.216772151898734,34.06909282700421,52.43670886075949,54.49179556811703,0.01628056628056629,0.021794562419562402,0.0,0.0,0.0,0.0,0.0,0.0,0.0,0.0,0.0,0.0,0.0,0.0,0.0,0.0,0.0,0.0,0.0,0.0,0.0,0.0,0.0,1.0,-2.0,0.0,0.0,0.0,14.216772151898738
3_8_6,855,34.13502109704641,74.12974683544304,84.58860759493672,45.12658227848101,23.75882232521948,-39.99472573839663,10.458860759493675,-50.453586497890306,-10.991561181434598,-0.24160587055757787,-0.022906954156954207,-0.00965631590631591,-28.42,3.2199999999999998,4.0600000000000005,8.5,6.799999999999999,4.7,-2.6915843791666703,0.07791999999999999,0.1263824110367285,-0.052180000000000004,290.0,10.0,0.2987012987012987,0.0,0.0,62.575438499450684,2005.8276602379947,3.0346302986145037,0.8969696969696974,3.843482152200883,0.0,1.0,4.0,1.0,2.0,0.0,-10.458860759493675
2_3_2,372,40.54852320675106,90.68565400843882,70.17405063291139,90.85443037974683,23.753105975453636,-50.13713080168776,-20.51160337552743,-29.625527426160332,-50.305907172995774,4.097153951186215,0.0225044563279857,-0.04957664884135471,-29.10000000000001,3.880000000000001,6.469999999999999,8.4,4.369999999999999,7.1,-11.63081338602941,0.18021,0.2095816337239566,-0.5581699999999999,610.0,1020.0,-0.04166666666666674,-0.012903225806451646,1.0,47.013797760009766,125.90496933567151,0.9301438331604004,0.541666666666667,1.3529087756078084,2.0,5.0,8.0,4.0,6.0,4.0,20.51160337552743
3_8_4,843,66.45569620253164,13.792194092827003,21.977848101265824,43.628691983122366,23.626919898199215,52.66350210970464,8.18565400843882,44.47784810126582,22.827004219409275,44.712974675695136,0.03052066980638407,-0.0003466771323913931,6.430000000000007,-1.6999999999999993,0.7999999999999998,-1.1000000000000005,-0.5399999999999991,-0.3999999999999999,0.0,-0.06596,-0.03559747502884589,0.26784,0.0,-10.0,-0.02857142857142858,-0.1785714285714285,2.0,-1.2086248397827166,-358.61737148745243,-0.31425952911376775,-0.40000000000000036,-1.2103395944712183,2.0,0.0,0.0,1.0,0.0,3.0,8.185654008438817
2_8_4,525,72.9535864978903,62.879746835443036,18.805379746835442,54.72573839662447,23.56741189247282,10.073839662447263,-44.074367088607595,54.14820675105486,18.227848101265828,65.48716267804843,-0.019121698266083315,0.08532517690271701,-19.97,-1.6500000000000004,4.839999999999999,2.8000000000000007,2.92,3.5000000000000004,-7.428056974999997,0.42089,0.1330058795123702,0.008979999999999988,150.0,50.0,-0.0681818181818182,-0.09230769230769231,-1.0,6.20368194580081,-4018505.5395763116,-2.947324752807617,0.30681818181818166,-3.751332718835677,4.0,2.0,2.0,1.0,2.0,0.0,-44.074367088607595
2_2_5,343,50.75949367088608,85.87552742616033,52.21518987341773,96.89873417721519,23.479127140623955,-35.11603375527425,-33.660337552742604,-1.455696202531648,-46.13924050632911,52.98801036060178,0.0012829307547194968,-0.03860225408844861,-34.849999999999994,3.0,5.890000000000001,6.600000000000001,7.43,5.1000000000000005,-4.308192795833328,0.6246499999999999,0.2636452999478913,-0.7418399999999999,1030.0,30.0,-0.07142857142857151,0.0,1.0,-5.2948760986328125,-400.7776322531787,0.9967718124389648,1.2967032967032974,0.7640619928671768,5.0,5.0,9.0,4.0,7.0,6.0,33.660337552742604
2_10_2,272,33.9662447257384,83.67088607594935,55.166139240506325,80.94936708860759,23.473571632392943,-49.704641350210956,-28.50474683544303,-21.199894514767927,-46.98312236286919,-40.736331382466346,0.056670518249220925,-0.07365212224547268,-41.279999999999994,2.3499999999999996,12.13,13.7,3.09,11.7,-5.386771760215041,0.010069999999999996,0.1296057063375824,-0.5287400000000001,330.0,560.0,0.022727272727272707,-0.0071698113207547265,4.0,3.0982589721679688,-34.006554171004495,-0.34122419357299805,0.3824110671936767,0.6139469020476565,3.0,3.0,3.0,4.0,5.0,2.0,28.50474683544303
1_4_5,142,14.303797468354432,64.60443037974683,55.767405063291136,61.5084388185654,23.449058687300177,-50.3006329113924,-8.837025316455694,-41.463607594936704,-47.20464135021097,-43.87783832879205,-0.03345335882100581,-0.037505993388346315,-7.449999999999996,2.0100000000000016,1.9500000000000002,2.1000000000000014,2.4899999999999993,0.6999999999999993,-3.7916992807692314,0.1237,0.059789497906064804,-0.8978700000000001,301.0,70.0,0.08823529411764708,-0.1727272727272728,-1.0,2.6532363891601562,83.98381937681168,0.3881840705871582,0.4313725490196081,0.8833756525005239,3.0,1.0,5.0,1.0,2.0,1.0,8.837025316455694
2_2_2,331,31.350210970464133,78.90822784810126,79.38291139240506,76.01265822784809,23.422936992867907,-47.55801687763713,0.4746835443038009,-48.03270042194093,-44.66244725738396,-14.55509580296723,-0.02947118241235891,0.004218657159833605,-43.31999999999999,2.7800000000000002,7.67,5.6,6.73,6.3,-7.430063216666667,-0.14937,0.16244583973608673,-0.6639999999999999,750.0,10.0,0.1454545454545454,-0.025641025641025605,3.0,10.56225967407227,1939.5074592984197,0.14669036865234375,1.1090909090909093,1.5583352472906782,3.0,0.0,6.0,2.0,6.0,3.0,-0.4746835443038009
3_7_6,810,37.46835443037975,57.130801687763714,39.86550632911393,88.10126582278481,23.34523229686927,-19.662447257383967,-17.265295358649787,-2.3971518987341796,-50.63291139240506,5.105373093109392,0.0009830264764474905,-0.03163909372790949,1.3499999999999943,1.87,3.6799999999999997,0.7999999999999998,-2.0700000000000003,1.5000000000000009,-4.486871494444436,0.08157,-0.036224413198161096,-1.3726,590.0,1190.0,-0.04824561403508776,-0.11904761904761907,0.0,26.108074188232425,45.993941500022515,-0.07206249237060547,-0.5087719298245617,0.5780562385072763,6.0,4.0,5.0,2.0,5.0,5.0,17.265295358649787
1_5_3,157,26.160337552742618,66.17088607594937,69.43037974683544,28.91350210970464,23.311432803356976,-40.01054852320675,3.259493670886073,-43.270042194092824,-2.753164556962023,-14.851417710103306,-0.020941015900693305,-0.020557640013285194,-15.909999999999997,1.6400000000000006,2.219999999999999,3.0,4.0600000000000005,2.0,-5.505540449285725,0.06982,0.07242283359516749,-0.16502000000000006,220.0,100.0,-0.014112903225806495,0.08420441347270619,0.0,18.502258300781264,451.1393541566793,0.34841346740722656,0.703629032258065,0.9497557057315618,0.0,1.0,3.0,0.0,0.0,-1.0,-3.259493670886073
3_10_5,597,73.16455696202532,25.047468354430382,39.264240506329116,22.689873417721518,23.263999117838736,48.11708860759494,14.216772151898734,33.9003164556962,50.4746835443038,38.862925284322614,0.014880952380952439,0.039949633699633724,0.0,0.0,0.0,0.0,0.0,0.0,0.0,0.0,0.0,0.0,0.0,0.0,0.0,0.0,0.0,0.0,0.0,0.0,0.0,0.0,-1.0,-1.0,0.0,0.0,0.0,2.0,14.216772151898738
2_3_1,367,79.11392405063292,38.11181434599156,29.224683544303797,32.299578059071735,23.244910679482867,41.002109704641356,-8.887130801687764,49.889240506329116,46.81434599156118,34.65344489995721,0.08314234784823021,0.02778356521672029,17.939999999999998,2.34,-2.039999999999999,-2.6999999999999993,-2.7200000000000006,-2.6999999999999993,-5.485909449999994,-0.005069999999999963,0.0198443314163467,-0.5452,420.0,40.0,-0.0692640692640693,0.039408866995073843,-1.0,11.148910522460938,13.42961349358228,-0.7015218734741211,-0.46536796536796654,-0.25658513738294175,1.0,0.0,1.0,1.0,0.0,0.0,-8.88713080168776
3_3_4,688,47.974683544303794,18.88185654008439,63.63924050632911,16.28691983122363,23.00015341686668,29.092827004219405,44.75738396624472,-15.664556962025316,31.687763713080162,34.0114647594628,-0.0539020067576102,0.01846057139699378,4.059999999999995,-0.009999999999999787,-2.3100000000000005,-1.299999999999999,0.6400000000000006,-1.5,-3.92274697697367,-0.08539,-0.0453538429741895,-0.10549000000000003,-200.0,-70.0,0.020689655172413834,0.28587962962962965,1.0,4.997718811035156,97.95156583848589,0.6004796028137207,0.2974137931034484,-0.4769836539898922,0.0,-1.0,-1.0,0.0,0.0,0.0,13.42827004219409
2_7_6,496,21.856540084388186,53.17510548523207,72.1123417721519,68.81856540084388,22.960320270291618,-31.318565400843887,18.93723628691982,-50.25580168776371,-46.962025316455694,-48.626221863509954,-0.016438898791840018,-0.0232224202812438,-9.469999999999999,0.7300000000000004,0.13000000000000078,4.1,5.57,1.5,-4.064605004487191,0.032740000000000005,-0.028982065862409798,0.04271000000000001,320.0,140.0,0.05555555555555558,0.025454545454545396,0.0,13.699848175048828,144.49093597486882,0.35213565826416016,0.9019607843137258,0.7497485893717464,3.0,3.0,3.0,2.0,3.0,1.0,-18.93723628691982
2_5_4,431,90.71729957805907,60.06856540084388,51.46360759493671,36.223628691983116,22.957643371480327,30.64873417721519,-8.60495780590717,39.25369198312236,54.493670886075954,52.287189387623755,0.05612992671816208,0.13125371360665483,-15.909999999999997,2.2300000000000004,4.039999999999999,1.7999999999999998,2.49,2.0,-3.3687542966666655,0.04435,0.0718557145404932,0.0,-20.0,750.0,-0.05555555555555558,0.11363636363636359,0.0,-3.817344665527351,-1.1557488502082833,0.49127388000488104,0.48888888888888893,0.6557744580527505,4.0,-1.0,1.0,0.0,1.0,0.0,-8.60495780590717
1_2_3,72,45.73839662447258,79.37763713080166,45.07911392405063,89.13502109704642,22.78123929172078,-33.63924050632908,-34.29852320675103,0.6592827004219473,-43.39662447257384,-20.945539356681593,0.02545862962529627,0.0029041487374820707,-12.479999999999997,2.76,6.8,5.300000000000001,0.08000000000000007,4.8,-24.61543297057143,0.12888,0.1345132753425377,-0.63803,480.0,450.0,-0.03703703703703709,0.3585526315789474,1.8333333333333335,12.74560546875,-29.901825657276987,-0.7600555419921875,-0.13720538720538755,0.07493407468804847,3.0,6.0,4.0,3.0,5.0,4.0,32.979957805907134
1_4_4,140,58.27004219409283,16.671940928270043,47.53164556962025,12.08860759493671,22.74492131680708,41.59810126582279,30.85970464135021,10.738396624472578,46.18143459915612,50.51362357176242,-0.09107896607896598,0.074038574038574,10.489999999999995,0.23000000000000043,-3.879999999999999,-2.0,-0.8799999999999999,-1.9000000000000001,0.4461775874999956,0.01668,-0.014417886707219885,0.0,-150.0,0.0,-0.006993006993007034,-0.007936507936507908,1.0,0.9644622802734375,508.57284815048513,-0.43352603912353693,-0.08391608391608418,0.575600073393506,0.0,-5.0,-1.0,0.0,-2.0,0.0,30.859704641350213
1_6_2,174,71.77215189873418,19.862869198312236,42.09651898734177,28.955696202531644,22.65347950992771,51.90928270042194,22.23364978902953,29.675632911392412,42.81645569620254,115.2372496047102,-0.041393178893179006,0.18268983268983272,-5.420000000000002,-1.9499999999999993,0.5099999999999998,-2.3,-2.5200000000000005,0.0,-0.7968248857142797,-0.08140999999999998,-0.19208581837557762,-0.32745,-260.0,-30.0,0.014285714285714346,-0.125,-2.0,7.358406066894531,1709.74530983771,2.258018970489502,-0.22857142857142865,-0.5104430021413631,2.0,1.0,1.0,-3.0,-1.0,0.0,22.233649789029528
2_10_3,277,40.16877637130801,46.21835443037974,46.51107594936709,88.50210970464134,22.293836651190666,-6.049578059071727,0.2927215189873493,-6.342299578059077,-48.33333333333333,31.044286466561346,-0.05170095527176782,-0.003994287071740904,5.409999999999997,-0.08999999999999986,-0.2599999999999998,1.9000000000000004,0.7600000000000007,-0.09999999999999964,-2.291127983333346,0.005129999999999996,0.03996235726586679,-0.91269,280.0,1390.0,0.018181818181818132,-0.15341812400635935,5.0,5.131927490234375,-64.46804288452425,0.017357349395751953,0.2561094819159333,-0.21605121598001453,4.0,3.0,4.0,4.0,5.0,4.0,-0.2927215189873493
3_3_1,664,77.76371308016877,50.90717299578059,23.868670886075947,57.3945147679325,22.24485327344738,26.85654008438818,-27.038502109704645,53.895042194092824,20.36919831223627,37.91328391700614,0.0428342490842491,0.03468406593406598,-17.249999999999993,-0.28999999999999915,9.049999999999999,4.499999999999998,-2.6899999999999995,6.6000000000000005,1.375268103333319,-0.10740000000000002,0.061200390224989604,0.25253,390.0,1550.0,-0.028205128205128216,-0.11111111111111116,0.0,81.69700622558594,-1399.6471242640082,-0.994929313659668,-0.7564102564102564,-0.5308299682908668,2.0,2.0,1.0,5.0,1.0,1.0,-27.038502109704645
2_1_5,307,86.58227848101266,63.470464135021096,32.99841772151899,54.21940928270042,22.205854164969015,23.11181434599157,-30.472046413502106,53.583860759493675,32.36286919831225,58.6081352733861,0.04350812980765972,0.05622166804168144,-3.049999999999997,0.6699999999999999,2.42,1.9000000000000021,0.9900000000000002,1.0999999999999996,-3.613702510526302,0.10857,0.17148264490351608,-0.45283,610.0,120.0,-0.0518433179723502,-0.34461152882205515,0.0,32.198150634765625,-287.25343481188713,-0.3293113708496094,0.10742705570291733,0.10933494848518777,2.0,1.0,3.0,0.0,2.0,2.0,-30.472046413502106
1_7_1,193,63.459915611814345,11.397679324894517,30.427215189873415,24.229957805907173,22.18449522216648,52.06223628691983,19.029535864978897,33.03270042194093,39.229957805907176,-43.80459919280531,0.055582368082368105,0.09395109395109402,24.369999999999997,-1.2700000000000005,-2.9299999999999997,-3.4000000000000004,-1.0,-3.0999999999999996,11.7143395,-0.0009000000000000119,-0.10834504452104039,0.0,20.0,0.0,0.08333333333333337,0.0833333333333334,0.0,-0.0060787200927734375,-34778.89342042169,-1.3175373077392578,-0.666666666666667,-0.6557333556643403,0.0,-1.0,2.0,0.0,0.0,0.0,19.029535864978897
1_5_2,150,56.07594936708861,7.848101265822785,17.618670886075947,12.215189873417721,22.121608826122042,48.22784810126583,9.770569620253163,38.457278481012665,43.86075949367089,1.3226449025310671,0.027697340197340214,0.010274560274560307,22.33,-1.6899999999999995,-2.8000000000000007,-3.8999999999999995,-6.09,-2.3999999999999995,5.1205094875000015,-0.09779000000000002,-0.089145255181906,-0.05024000000000001,-330.0,0.0,0.04999999999999999,-0.055555555555555525,-1.0,-11.371024131774906,-194.52370254306388,-0.7134060859680176,-1.1166666666666663,-1.3971207190207835,-1.0,-1.0,-2.0,0.0,0.0,0.0,9.770569620253163
3_5_3,735,61.0126582278481,21.566455696202528,66.36867088607595,30.706751054852322,22.10899851974424,39.44620253164557,44.80221518987342,-5.356012658227847,30.305907172995777,63.35742884597789,-0.05608974358974356,0.05105311355311348,9.480000000000004,0.6999999999999993,-0.3999999999999999,-2.4000000000000004,-3.5599999999999996,-1.6,-0.2390595333333394,0.16459999999999997,-0.0839660075118488,-0.027179999999999982,-230.0,-10.0,0.09523809523809518,0.041666666666666685,0.0,4.936859130859375,2760.7915866251287,1.7073783874511719,-0.4285714285714284,0.9352027507488518,0.0,1.0,1.0,1.0,0.0,0.0,34.09018987341772
3_2_5,657,39.620253164556964,66.80907172995782,48.11708860759494,89.16666666666667,21.985971477434695,-27.188818565400858,-18.691983122362885,-8.496835443037973,-49.54641350210971,-11.234417578615023,-0.008437990580847654,0.006835426478283613,-17.929999999999993,1.959999999999999,3.2600000000000007,2.8,3.08,2.7,-5.693766645833328,0.1531,0.11773741152379671,-0.09357000000000004,80.0,10.0,-0.038461538461538436,-0.02380952380952378,-1.0,9.885616302490234,385.1517281981062,-0.2627534866333008,0.4780219780219772,0.680663226364759,4.0,3.0,4.0,5.0,5.0,4.0,18.691983122362885
1_10_2,6,62.278481012658226,25.047468354430382,39.264240506329116,10.938818565400844,21.899514163672517,37.23101265822784,14.216772151898734,23.01424050632911,51.33966244725738,12.829239057449684,0.00865150865150871,0.03672869297869302,0.0,0.0,0.0,0.0,0.0,0.0,0.0,0.0,0.0,0.0,0.0,0.0,0.0,0.0,0.0,0.0,0.0,0.0,0.0,0.0,-2.0,-1.0,1.0,-1.0,0.0,-1.0,14.21677215189873
1_1_7,55,72.48945147679325,25.047468354430382,39.264240506329116,28.080168776371313,21.724099788233445,47.44198312236287,14.216772151898734,33.22521097046413,44.40928270042194,59.0377469173128,-0.006656209781209788,0.0519727316602317,0.0,0.0,0.0,0.0,0.0,0.0,0.0,0.0,0.0,0.0,0.0,0.0,0.0,0.0,0.0,0.0,0.0,0.0,0.0,0.0,1.0,1.0,0.0,0.0,0.0,0.0,14.216772151898738
2_5_2,418,64.55696202531645,94.07172995780589,52.412974683544306,95.98101265822784,21.685901905078065,-29.514767932489434,-41.65875527426158,12.143987341772146,-31.42405063291139,42.21206333838842,0.05415882683039547,-0.018743398032613823,-49.400000000000006,3.5199999999999996,8.36,7.199999999999999,6.35,8.7,-20.500094125000004,0.50076,0.3574546569740013,-0.5193399999999999,1150.0,1020.0,-0.05555555555555558,0.03529411764705878,1.0,6.606789588928223,-9.120262981702027,-1.0391616821289062,0.8402777777777777,0.7391099182260756,4.0,7.0,5.0,5.0,7.0,4.0,17.37078059071729
2_2_6,355,66.83544303797468,50.74894514767933,39.058544303797476,88.36497890295358,21.363146601242306,16.086497890295355,-11.690400843881854,27.77689873417721,-21.529535864978897,55.81623377403133,0.08000251382604329,-0.03197129667717902,-13.540000000000006,1.620000000000001,2.0,1.0,0.02999999999999936,3.1000000000000005,2.0877373149999983,0.04701000000000001,0.022386673334325008,-0.6835499999999999,340.0,-670.0,0.05982905982905984,0.04812834224598933,2.0,-4.129314422607422,-36.430448320360256,-0.9391069412231445,-0.42307692307692335,-0.23276738911366301,4.0,5.0,3.0,3.0,6.0,4.0,-11.690400843881854
1_2_4,81,36.877637130801695,77.79535864978902,65.91772151898735,84.9367088607595,21.175968764295035,-40.91772151898733,-11.877637130801673,-29.040084388185655,-48.0590717299578,5.730898808615962,-0.026299995049995084,-0.004489035739035696,-29.78,0.8999999999999986,10.11,10.399999999999999,1.9299999999999997,9.399999999999999,-5.450165832804224,0.05634999999999998,0.14189610212205972,0.0,590.0,570.0,0.10921052631578948,0.3083333333333333,8.0,58.320167541503906,-20.758931519256933,-1.7314972877502441,0.1410256410256414,0.32825457503387057,2.0,2.0,5.0,6.0,8.0,3.0,11.877637130801673
3_9_1,864,67.0042194092827,25.047468354430382,39.264240506329116,19.70464135021097,21.17460311148204,41.95675105485232,14.216772151898734,27.73997890295358,47.29957805907173,25.612751460090806,-0.0012591575091575047,0.0632726648351648,0.0,0.0,0.0,0.0,0.0,0.0,0.0,0.0,0.0,0.0,0.0,0.0,0.0,0.0,0.0,0.0,0.0,0.0,0.0,0.0,0.0,-3.0,1.0,0.0,0.0,0.0,14.216772151898738
2_8_6,539,27.04641350210971,52.6054852320675,72.3496835443038,70.73839662447257,21.086871708628088,-25.55907172995779,19.7441983122363,-45.303270042194086,-43.691983122362856,-26.482546379851442,0.0055861213949449096,-0.04580305315599431,-18.949999999999996,2.6099999999999994,3.0500000000000007,4.5,4.35,3.1000000000000005,-6.682875464999995,-0.17695999999999998,0.018884311466225198,0.33712000000000003,100.0,-990.0,0.1529411764705882,-0.004201680672268893,1.0,10.122257232666009,2654.742148308189,-0.10910224914550781,0.6769230769230763,0.971806351106089,2.0,4.0,2.0,4.0,2.0,2.0,-19.744198312236296
2_4_3,392,57.426160337552744,30.654008438818565,22.175632911392405,66.26582278481013,21.05848294821726,26.77215189873418,-8.47837552742616,35.25052742616034,-8.839662447257382,42.66068804493358,-0.06690749720133304,0.06948477105775092,10.149999999999999,-1.040000000000001,-0.04999999999999716,4.500000000000002,-2.9899999999999984,2.299999999999999,1.639891379166663,-0.013819999999999999,-0.07296507510520471,0.5647,349.0,1400.0,0.07459677419354838,-0.3137254901960785,-2.0,9.721736907958991,-125.56503708475648,-0.8247342109680176,-0.669354838709677,-1.01049945637717,2.0,0.0,3.0,3.0,4.0,2.0,-8.47837552742616
1_9_4,250,69.24050632911393,24.694092827004223,30.878164556962027,26.867088607594933,21.036896427550793,44.5464135021097,6.184071729957804,38.3623417721519,42.37341772151899,36.83317081612023,0.019529481486003225,0.01948624231232937,1.019999999999996,0.20000000000000107,-0.2400000000000002,-0.8000000000000007,-0.9299999999999997,-0.3999999999999986,-1.332430967132865,-0.0008300000000000009,0.0575377948106128,0.0,30.0,-60.0,-0.06324110671936767,-0.1071428571428571,0.0,3.220775604248054,-21.677263787528744,0.5362615585327148,-0.06719367588932812,-0.11448088424948466,0.0,3.0,0.0,0.0,-1.0,0.0,6.1840717299578
2_2_5,348,65.52742616033755,51.492616033755276,68.97943037974684,22.85864978902954,20.9808162508379,14.034810126582279,17.48681434599157,-3.4520042194092895,42.66877637130801,101.46159420289854,-0.21178471388555428,0.1488762171535281,-19.290000000000006,2.33,4.2700000000000005,3.3,3.5999999999999996,1.2000000000000002,1.684398266666669,0.10907999999999998,0.0642176593050041,0.10307,-30.0,-20.0,0.16666666666666663,-0.022222222222222254,-2.0,0.9024639129638672,1610.7484032151426,2.6859145164489746,1.0833333333333335,1.436991731670794,0.0,0.0,2.0,-1.0,1.0,-2.0,10.58280590717299
1_3_3,99,67.9324894514768,27.44198312236287,39.264240506329116,20.537974683544302,20.907920676740286,40.49050632911393,11.822257383966246,28.66824894514768,47.39451476793249,21.50390946502057,-0.0024935649935649007,0.10733054483054477,0.0,0.0,0.0,0.0,0.0,0.0,0.0,0.0,0.0,0.0,0.0,80.0,0.0,0.0,0.0,0.0,0.0,0.0,0.0,0.0,0.0,0.0,0.0,0.0,0.0,0.0,11.822257383966246
2_8_6,540,72.65822784810126,34.39873417721519,64.21677215189874,31.58227848101266,20.785288537678504,38.25949367088607,29.81803797468355,8.441455696202524,41.0759493670886,35.02309054643047,0.038240460874731985,0.019485132656488213,10.489999999999995,1.1799999999999997,-2.539999999999999,1.200000000000001,2.08,-2.0,-2.504053579166659,0.03085,0.017678067163690206,-0.23215999999999998,-120.0,-10.0,0.15415019762845844,-0.027472527472527486,0.0,-1.4608154296875,277.63331035686815,0.9297971725463849,0.4554865424430643,0.8143717188940798,0.0,-1.0,2.0,1.0,1.0,0.0,29.81803797468355
1_9_4,251,61.98312236286919,22.521097046413505,38.52056962025316,15.20042194092827,20.715872691554534,39.46202531645568,15.999472573839657,23.462552742616026,46.782700421940916,20.617167989949564,0.0019502170237464256,0.03588777853483732,1.009999999999991,0.10999999999999943,-0.40000000000000036,-0.5999999999999996,-0.52,-0.40000000000000036,-0.47769669999999476,-0.03476000000000001,-0.0008794817298563851,-0.4921000000000001,-20.0,-10.0,0.02941176470588236,0.0,0.0,-9.46328353881836,-15.364661164842616,0.33426809310913086,-0.02941176470588225,-0.15441274121067217,0.0,-2.0,0.0,0.0,-1.0,0.0,15.999472573839654
3_3_3,678,51.30801687763713,73.43881856540084,35.57753164556962,80.23206751054853,20.50909169483919,-22.130801687763707,-37.861286919831215,15.730485232067508,-28.924050632911403,35.47850005824944,0.006778846153846163,-0.025009157509157498,-14.210000000000008,1.1500000000000004,5.979999999999999,6.0,0.5499999999999989,5.500000000000001,-3.5714708028205147,0.04217,0.20041802245823398,-0.5084299999999999,430.0,570.0,-0.08333333333333337,-0.10576414595452138,2.0,52.68281555175781,-288.6647482315726,-0.3973212242126474,0.07538461538461494,-0.8945847208919115,3.0,2.0,5.0,3.0,5.0,2.0,6.400316455696199
1_4_1,119,32.40506329113924,77.415611814346,64.44620253164557,73.5759493670886,20.440822726019412,-45.01054852320675,-12.969409282700425,-32.041139240506325,-41.170886075949355,-12.60045329604236,0.0008461122847915337,-0.026079988344139327,-37.56,2.9499999999999993,13.759999999999998,20.0,2.2200000000000006,14.4,-3.228297126950985,0.010599999999999998,0.061286488337189485,-0.50492,100.0,580.0,0.0002763957987838017,0.055723241235198506,-0.5,57.99816894531247,116.58932778165854,0.6290097236633301,0.33343160377358494,0.182136201223301,2.0,4.0,2.0,3.0,4.0,2.0,12.969409282700425
2_6_1,443,37.004219409282705,70.46413502109705,57.39715189873418,85.15822784810126,20.436050512901076,-33.459915611814345,-13.06698312236287,-20.392932489451475,-48.15400843881856,-15.72423424884397,0.02957694134164729,-0.03693739576092511,-25.209999999999994,2.42,8.11,9.400000000000002,1.870000000000001,7.599999999999998,-2.357758991666665,-0.07630999999999999,0.0016360614036498022,-0.48603999999999997,440.0,490.0,0.08030888030888034,-0.08766233766233766,0.0,15.347780227661133,35.68460935604895,0.06702518463134766,0.2254826254826261,0.5550903109579739,2.0,5.0,3.0,4.0,5.0,4.0,13.06698312236287
3_6_3,758,26.877637130801684,60.15822784810126,63.892405063291136,26.58227848101266,20.4350842125372,-33.280590717299575,3.7341772151898738,-37.01476793248945,0.2953586497890228,-16.280713795951783,-0.041672294635420215,0.000883189096534065,-15.899999999999999,1.5199999999999996,2.3900000000000006,1.5999999999999996,2.5,1.9000000000000004,-1.416387418181813,0.038680000000000006,0.0601288777950317,-0.6655900000000001,-80.0,1190.0,0.02631578947368418,0.09523809523809518,0.0,-5.7545166015625,635.5053048227098,0.6127805709838867,0.430147058823529,0.47678426100918436,0.0,1.0,0.0,0.0,1.0,0.0,-3.7341772151898738
2_7_4,481,32.91139240506329,81.88291139240506,53.860759493670884,62.65822784810127,20.318679369973733,-48.971518987341774,-28.02215189873418,-20.949367088607595,-29.74683544303798,-47.017344669249496,0.02541097246979601,-0.0313923549217667,-26.39,3.0299999999999994,8.4,4.3999999999999995,5.34,3.9,-4.788793266666673,0.10167,0.2051245421112925,-0.9680000000000001,440.0,20.0,0.19999999999999996,-0.22916666666666669,2.0,-14.095952987670898,-10.19816005502804,-0.31784820556640625,0.8555555555555552,1.016985753978842,1.0,4.0,2.0,2.0,1.0,3.0,28.02215189873418
3_8_1,831,20.970464135021096,69.40400843881856,50.12658227848101,38.95569620253165,20.29545019758747,-48.43354430379747,-19.277426160337555,-29.156118143459913,-17.98523206751055,-12.832853451458107,-0.015552342394447582,-0.07509543088490461,-34.860000000000014,2.419999999999999,8.4,3.8,5.83,5.199999999999999,-4.586585225000007,0.12489,0.048037556690070704,-0.003129999999999994,0.0,10.0,0.09999999999999998,-0.06666666666666671,0.0,0.8925929069519043,-37.73195455704331,-0.21309757232666016,0.75,0.5864070108721222,0.0,2.0,2.0,2.0,1.0,-2.0,19.277426160337555
3_3_2,671,69.70464135021098,25.047468354430382,39.264240506329116,28.765822784810126,20.254685700240906,44.6571729957806,14.216772151898734,30.44040084388186,40.93881856540085,17.799071748000074,0.03859890109890107,0.03026556776556777,0.0,0.0,0.0,0.0,0.0,0.0,0.0,0.0,0.0,0.0,0.0,0.0,0.0,0.0,0.0,0.0,0.0,0.0,0.0,0.0,0.0,2.0,-1.0,0.0,0.0,1.0,14.216772151898738
2_7_6,494,64.68354430379748,31.766877637130808,36.43196202531646,72.18354430379748,20.148106689154368,32.91666666666667,4.665084388185651,28.251582278481017,-7.5,-6.716666181225037,0.071301247771836,0.029213705684293906,-11.509999999999991,1.0199999999999996,-1.0300000000000011,-0.3000000000000007,-0.19000000000000128,2.3,1.5007532399999945,0.04031,-0.0025960510284902052,0.00213,0.0,30.0,0.05555555555555558,0.01428571428571429,1.0,0.3766059875488281,-1060.7937099527148,-0.3773488998413086,-0.3333333333333339,-0.8953232056544191,5.0,2.0,2.0,3.0,2.0,3.0,4.6650843881856545
1_2_1,61,62.19409282700422,14.81012658227848,46.29746835443038,32.90084388185654,20.11266941510263,47.38396624472574,31.4873417721519,15.89662447257384,29.29324894514768,40.66468969871909,-0.0033399082312125794,0.018336271053662395,25.379999999999995,0.0,-3.4800000000000004,-1.799999999999999,-2.549999999999999,-3.5,0.30917240000001556,0.08754,-0.0327866122356147,0.14115999999999998,-100.0,0.0,-0.08695652173913049,0.3131868131868132,-1.0,6.254608154296875,240.14641993203776,0.5097064971923828,-0.43478260869565233,0.10641128749722384,0.0,-1.0,0.0,1.0,2.0,1.0,31.4873417721519
2_2_4,340,63.58649789029536,39.01898734177215,67.9746835443038,25.833333333333332,20.075497905320066,24.56751054852321,28.955696202531648,-4.3881856540084385,37.753164556962034,108.99439492844596,-0.058246328834564126,0.0472837619896444,-4.400000000000006,0.47999999999999865,-3.3100000000000005,2.0,3.8100000000000005,-0.40000000000000036,-2.856749355714293,0.12252,0.008960292182976504,0.12846999999999997,110.0,-1070.0,0.07142857142857151,-0.07954545454545459,5.0,-0.9025955200195312,138.51187094196342,0.7172937393188485,0.8142857142857141,0.5478926143210057,0.0,0.0,2.0,0.0,1.0,-2.0,20.17932489451477
1_1_2,35,60.506329113924046,21.877637130801684,25.268987341772153,16.28691983122363,20.026310131396848,38.628691983122366,3.3913502109704687,35.23734177215189,44.21940928270041,30.98896146991035,0.04676640926640924,-0.018967181467181515,9.480000000000004,-0.9500000000000002,-0.40000000000000036,-2.5,-2.2600000000000007,-1.5999999999999996,-0.6749611318181863,0.019909999999999997,0.01578049834694001,-0.13973000000000002,110.0,-190.0,-0.02857142857142858,-0.062111801242235976,0.0,0.47624015808105824,37.38644643468888,-0.8067121505737305,-0.38571428571428523,-0.33294751407057177,0.0,-1.0,-1.0,0.0,0.0,0.0,3.3913502109704723
3_4_1,701,68.94514767932489,34.61497890295359,30.743670886075954,65.084388185654,19.948842016758427,34.3301687763713,-3.8713080168776344,38.201476793248936,3.8607594936708836,84.41999426763567,-0.0531157976010917,0.147990285857933,-8.120000000000005,-0.4299999999999997,5.550000000000001,1.4000000000000004,-1.0699999999999994,3.1999999999999993,15.332036709999997,-0.13323,-0.08534270915466452,-0.09302,0.0,360.0,-0.084967320261438,0.15909090909090912,0.0,10.906917572021488,-17.893630317085098,-1.4515113830566406,-0.549019607843138,-0.16795360117484748,4.0,-1.0,3.0,2.0,4.0,2.0,-3.8713080168776344
1_1_4,43,31.012658227848103,79.79430379746834,55.63291139240506,55.052742616033754,19.91646261306881,-48.78164556962024,-24.161392405063282,-24.62025316455696,-24.04008438818565,30.10268766632845,-0.03778001243171519,-0.05417757430141329,-52.79,0.15000000000000036,8.72,5.5,5.859999999999999,7.900000000000002,-3.3273948530769175,0.35764,0.1319421952384175,-0.2681699999999999,500.0,170.0,0.061919504643962786,-0.17368421052631572,3.0,-5.107704162597656,38.06877640897672,-0.5247907638549805,0.9597523219814237,0.6936183432999616,1.0,2.0,1.0,2.0,2.0,2.0,24.16139240506328
1_1_7,53,64.68354430379748,25.047468354430382,39.264240506329116,20.537974683544302,19.872753572334847,39.6360759493671,14.216772151898734,25.41930379746836,44.14556962025317,50.50340561874043,0.011391972329472394,0.0024030727155726905,0.0,0.0,0.0,0.0,0.0,0.0,0.0,0.0,0.0,0.0,0.0,0.0,0.0,0.0,0.0,0.0,0.0,0.0,0.0,0.0,0.0,0.0,0.0,0.0,0.0,0.0,14.216772151898738
2_7_1,460,75.86497890295358,34.19831223628692,38.212025316455694,62.39451476793249,19.856228986721113,41.666666666666664,4.0137130801687775,37.65295358649789,13.47046413502109,96.5469277156709,-0.023575248281130584,0.15002291825821237,14.21,0.46000000000000085,0.28999999999999915,4.399999999999999,-0.7900000000000009,0.8000000000000007,-1.6134617849999913,-0.11532999999999999,0.037795972187304204,0.22505999999999998,0.0,370.0,0.04285714285714293,-0.011904761904761918,1.0,0.03717041015625,-48.24495357172671,-0.7982239723205566,-0.2857142857142856,0.014615887232688252,0.0,4.0,3.0,3.0,5.0,0.0,4.0137130801687775
3_6_1,745,50.37974683544303,39.77320675105485,58.947784810126585,86.1603375527426,19.845473904441118,10.606540084388179,19.174578059071735,-8.568037974683556,-35.780590717299575,34.32688927943758,-0.0755354599104599,0.038198260073260104,0.3400000000000034,-0.8300000000000001,3.2,7.4,5.59,1.9000000000000004,3.9559163690476287,-0.39474,0.06420273744350141,0.28857,120.0,10.0,0.004784688995215336,-0.21645021645021648,1.0,16.46055126190185,-28.13801601267835,1.11442232131958,0.7111111111111108,0.3971204744527732,3.0,5.0,3.0,3.0,5.0,4.0,2.0385021097046234
2_2_3,338,65.99156118143459,44.34071729957805,55.96518987341773,19.91561181434599,19.840124519314877,21.650843881856538,11.624472573839675,10.026371308016863,46.0759493670886,33.763741316681774,0.028609239839186396,0.006512797956648164,-7.449999999999989,1.6999999999999993,1.5,1.3000000000000007,2.2700000000000005,0.7000000000000002,-2.371025677777787,-0.06508,0.0420375272537465,0.06681000000000004,10.0,40.0,0.07359307359307365,0.0,0.0,0.034526824951171875,23.22945399327483,-0.21178770065307617,0.3896103896103895,0.7033132044978316,0.0,0.0,1.0,0.0,0.0,-1.0,11.624472573839675
1_3_1,93,69.915611814346,41.72995780590718,32.84018987341772,24.282700421940927,19.807502778737657,28.18565400843881,-8.889767932489463,37.07542194092827,45.63291139240506,56.235447353066434,-0.0009179347414642325,0.0314037777273071,0.0,0.9199999999999999,0.0,0.5,1.04,0.0,-0.3867143946428584,-0.0556,0.061599677736294,-0.30652999999999997,360.0,20.0,-0.05882352941176472,0.013333333333333308,0.0,-11.046483993530273,-12.604815849297673,-0.46384286880493164,0.11764705882352855,0.12322129558227779,0.0,-1.0,0.0,0.0,2.0,0.0,-8.889767932489463
1_3_3,100,65.31645569620254,72.7320675105485,46.15506329113924,28.90295358649789,19.733763501678695,-7.415611814345965,-26.57700421940926,19.161392405063296,36.41350210970465,81.46220583203433,-0.07842889092889088,0.1211823086823087,-23.35000000000001,1.9900000000000002,2.839999999999999,3.1000000000000005,4.119999999999999,2.8000000000000003,-0.2888082928571416,0.36861,0.1920913145897521,-0.61775,30.0,1180.0,-0.006993006993007034,-0.1978021978021978,0.0,-1.2324905395507812,208.61221114476388,0.13353252410888672,0.7622377622377612,0.06111195560245264,-2.0,1.0,2.0,-1.0,2.0,0.0,-11.745780590717331
1_5_1,147,64.89451476793249,24.361814345991558,28.591772151898734,24.229957805907173,19.687835650968218,40.53270042194093,4.229957805907176,36.302742616033754,40.664556962025316,64.66829065982222,0.00862017438104401,-0.0028986143116577767,7.440000000000005,0.40000000000000036,0.08999999999999986,-1.5999999999999996,-2.25,-0.7999999999999989,0.7871615076923106,-0.06520000000000001,0.0722366566081449,-0.09222000000000008,50.0,-20.0,-0.017786561264822143,0.0,0.0,1.3988037109375,-2.0999222870695746,-0.2785663604736328,-0.43873517786561145,-0.3652836710251943,0.0,-1.0,2.0,0.0,0.0,0.0,4.229957805907176
2_5_1,415,63.54430379746836,68.33333333333333,27.128164556962027,66.9620253164557,19.67916348161554,-4.7890295358649695,-41.2051687763713,36.41613924050633,-3.417721518987335,8.834464840004557,0.06243342272754043,0.007421860363036797,-17.759999999999998,1.4399999999999995,7.029999999999999,7.900000000000002,0.19000000000000128,6.800000000000001,-5.0793586020202,0.045410000000000006,0.07965133716677181,0.0,249.0,410.0,-0.0968468468468468,-0.6371237458193981,6.5,-23.435527801513672,-47.86344476625335,0.045508384704589844,-0.0653153153153152,-0.29400235850926926,2.0,2.0,3.0,2.0,3.0,2.0,-31.627109704641363
1_3_2,95,38.64978902953586,80.84915611814345,64.62816455696202,79.81012658227849,19.67343404552024,-42.199367088607595,-16.220991561181435,-25.97837552742616,-41.160337552742625,-10.107118631293417,-0.08331402831402832,0.06645752895752888,-24.529999999999994,3.370000000000001,3.4000000000000004,6.300000000000001,3.959999999999999,5.3,-5.348085982967028,0.18732,0.1140676318266062,-0.8717,190.0,450.0,0.0,-0.10942760942760937,0.0,15.445655822753906,878.9972078390442,1.1410226821899414,0.5300000000000002,1.1410360627535852,3.0,4.0,1.0,5.0,4.0,4.0,16.220991561181435
1_3_5,114,60.63291139240507,38.33860759493671,57.745253164556964,86.18143459915613,19.64745953149868,22.29430379746836,19.406645569620252,2.8876582278481067,-25.548523206751064,35.78289262632808,-0.002237508976053515,0.015387644093843605,-1.460000000000008,0.019999999999999574,-1.4699999999999989,-1.8000000000000007,0.9799999999999995,-1.5,4.439917774297095,0.09131,0.2399206338673954,-0.47807,280.0,-180.0,0.11862507005417527,-0.5172413793103449,0.5,130.9327163696289,44.042008756583456,0.0331873893737793,0.2520215633423186,-0.0479377039753448,3.0,5.0,4.0,3.0,8.0,2.0,19.406645569620252
2_5_4,428,39.957805907173,69.30379746835443,44.32753164556962,80.77004219409282,19.641082692741403,-29.345991561181435,-24.97626582278481,-4.369725738396625,-40.81223628691983,-23.395544368670073,0.06265699592271601,-0.039869281045751714,-24.190000000000005,1.1300000000000008,7.350000000000001,8.600000000000001,2.2300000000000004,7.200000000000001,-1.895460041176463,0.00634,0.0363334622943311,-0.07043,359.0,500.0,0.08735632183908049,-0.8324420677361855,1.0,-9.3683090209961,-76.59420600253532,0.06139993667602539,0.17701149425287355,0.229339256338692,3.0,5.0,5.0,3.0,4.0,1.0,24.97626582278481
2_1_4,305,72.74261603375527,40.369198312236286,57.650316455696206,27.89029535864979,19.637475377404957,32.37341772151898,17.28111814345992,15.092299578059063,44.852320675105474,22.131586140965,0.05605596532814883,0.024836492433700785,-1.2199999999999989,0.3899999999999997,1.1600000000000001,0.9000000000000004,0.6400000000000006,0.40000000000000036,9.342254656534092,0.014609999999999984,0.0643922198682329,0.0,70.0,140.0,-0.059092991296381125,0.11702127659574468,1.0,50.54064178466797,26.950789698796726,-0.005389213562011719,0.09070087036188701,0.16109341858190795,0.0,0.0,0.0,1.0,1.0,0.0,17.28111814345992
1_2_2,68,37.04641350210971,79.29852320675104,49.058544303797476,71.45569620253164,19.56001335525196,-42.252109704641335,-30.239978902953567,-12.012130801687768,-34.40928270042193,-3.851823265757787,0.0001138313638313071,-0.01855670605670598,-22.160000000000004,2.34,8.190000000000001,7.6,2.16,6.4,-5.727964242058803,0.11012,0.09296041797910769,-0.29776,310.0,460.0,0.009090909090909094,-0.06635944700460833,1.5,2.7259063720703125,-0.5298938887054021,-0.33083438873290927,0.22121212121212075,0.5783649200425014,3.0,3.0,1.0,3.0,4.0,2.0,30.239978902953567
1_5_4,163,29.746835443037977,73.06434599156118,65.19778481012658,46.00210970464135,19.493870474448553,-43.3175105485232,-7.866561181434605,-35.4509493670886,-16.255274261603372,-4.126705903155369,-0.025479013999422206,-0.01622245423265828,-31.129999999999995,0.9599999999999991,9.02,9.2,2.7399999999999984,7.800000000000001,-1.9840139168888982,0.03585000000000001,0.14315432387079569,-0.02256999999999998,270.0,200.0,-0.05606060606060603,0.2186991869918699,1.0,41.20447540283202,116.33733667055213,0.8387227058410636,0.4204081632653063,-0.1955911434746156,2.0,-1.0,2.0,0.0,2.0,2.0,7.866561181434605
3_7_7,819,51.13924050632911,94.25632911392405,77.42879746835443,90.35864978902954,19.48059933663824,-43.117088607594944,-16.82753164556962,-26.289556962025323,-39.21940928270043,25.048539704484597,0.0427145770895771,-0.0617278554778555,-37.56,10.69,8.44,11.2,7.569999999999999,8.2,-15.027658171666658,0.31806999999999996,0.3960770071702353,-0.44488000000000005,770.0,850.0,-0.054545454545454564,0.06366047745358094,2.0,20.00746536254882,124.88031911000402,2.188323974609375,1.1363636363636367,1.6732551782267784,5.0,8.0,6.0,6.0,8.0,1.0,16.82753164556962
2_10_4,281,47.17299578059072,80.7753164556962,67.57120253164558,92.542194092827,19.450632813830538,-33.60232067510548,-13.204113924050617,-20.398206751054865,-45.369198312236286,37.754929078014186,-0.0488258909924606,0.010316157666186793,-18.61,5.67,3.0,7.1,5.4399999999999995,5.1,-8.451038640909097,0.061819999999999986,0.3558132357255203,-0.07248999999999997,310.0,1270.0,0.1596638655462186,0.08333333333333331,1.0,20.487293243408203,-255.9989927499571,-0.32278919219970703,0.5294117647058822,1.8330107128280204,3.0,5.0,4.0,5.0,6.0,5.0,13.204113924050617
3_9_2,868,24.76793248945148,37.811181434599156,30.411392405063292,68.34388185654008,19.42231271594458,-13.043248945147678,-7.399789029535864,-5.643459915611814,-43.5759493670886,-87.41879241978927,0.01846719457013568,-0.08457565718595134,1.3500000000000014,-0.6799999999999997,3.51,3.0,0.7199999999999989,1.4999999999999991,1.5992069100000066,-0.15066,-0.011878384869853195,0.0,280.0,1050.0,0.07058823529411756,-0.19191919191919193,1.0,-5.273836135864258,-197.76631878672558,-0.3017258644104004,-0.08235294117647118,-0.3066463948776992,4.0,1.0,3.0,1.0,3.0,3.0,7.399789029535864
1_5_2,154,42.65822784810127,86.92510548523207,75.49841772151899,77.71097046413502,19.337127843098454,-44.2668776371308,-11.426687763713076,-32.84018987341772,-35.05274261603375,20.369676166905663,-0.013484954792727932,-0.0152794225798428,-36.54,2.4299999999999997,8.690000000000001,8.2,4.07,7.8,-5.801779378571425,0.09813,0.119739539109513,-0.90442,640.0,160.0,-0.0063025210084032834,0.40909090909090906,1.0,36.94564056396485,79.8072484941936,0.497983455657959,0.5924369747899156,0.7101952362132078,3.0,3.0,4.0,3.0,3.0,2.0,11.426687763713076
3_8_5,852,36.413502109704645,77.79535864978904,66.9382911392405,76.71940928270043,19.32936195520824,-41.38185654008439,-10.857067510548532,-30.52478902953586,-40.30590717299578,31.46402488947109,-0.027146731473654595,-0.0380520921386307,-43.309999999999995,1.959999999999999,5.890000000000001,6.4,6.8500000000000005,6.3,-10.579598654166666,0.021470000000000017,0.1956531028320703,-0.17506999999999995,610.0,-10.0,0.03846153846153849,0.0317460317460318,-1.0,-0.0691976547241211,100.51709872749346,3.096221923828125,1.126373626373626,1.6371837450704092,3.0,5.0,4.0,3.0,5.0,0.0,10.857067510548532
2_7_1,461,61.814345991561176,25.047468354430382,39.264240506329116,18.227848101265824,19.259731270095955,36.76687763713079,14.216772151898734,22.55010548523206,43.58649789029535,42.630852925965655,0.0037631214101802035,0.008533042846768313,0.0,0.0,0.0,0.0,0.0,0.0,0.0,0.0,0.0,0.0,0.0,0.0,0.0,0.0,0.0,0.0,0.0,0.0,0.0,0.0,0.0,-1.0,0.0,0.0,0.0,0.0,14.21677215189873
3_3_4,686,68.8185654008439,21.967299578059073,49.224683544303794,44.99999999999999,19.230192392908386,46.851265822784825,27.25738396624472,19.5938818565401,23.8185654008439,84.06656400119527,-0.0539720695970696,0.22473099816849829,16.92,0.0,-10.0,0.0,0.0,-2.4000000000000004,-3.337963766666668,-0.05127,-0.071222950794429,-0.51881,-180.0,0.0,0.0,0.0,0.0,14.549785614013672,530766.9035981372,-0.4086866378784215,0.0,0.016963012850110815,7.0,3.0,-1.0,2.0,-1.0,0.0,27.257383966244724
1_7_1,187,41.139240506329116,78.09599156118144,47.927215189873415,76.75105485232068,19.19821394736899,-36.95675105485232,-30.16877637130802,-6.787974683544299,-35.61181434599156,5.712586180227163,0.006464500214500235,-0.025302981552981496,-20.639999999999993,1.870000000000001,6.59,7.5,2.5,5.8,-1.5078890136842062,0.06734,0.1229377178644304,-0.82904,491.0,400.0,-0.0357142857142857,0.2406015037593986,2.0,29.841487884521484,-716.7391092916987,-1.2341499328613281,0.5111111111111115,-0.8094124670661351,2.0,2.0,7.0,3.0,4.0,2.0,30.16877637130802
1_3_3,103,68.10126582278481,70.07383966244727,73.87658227848101,32.594936708860764,19.194721526604102,-1.9725738396624592,3.80274261603374,-5.775316455696199,35.506329113924046,171.42417926003128,-0.07724018661518661,0.1901544401544401,-48.730000000000004,5.16,9.2,8.8,8.25,6.3,-9.905765433333343,0.006479999999999986,0.2268674802885142,0.33192,0.0,-50.0,0.16666666666666669,-0.07936507936507942,0.0,6.690363883972168,2008.5237483241297,1.356363296508789,1.8333333333333335,2.39700498138947,0.0,0.0,2.0,0.0,2.0,0.0,-3.80274261603374
2_4_6,403,29.071729957805903,27.73206751054852,67.00158227848101,29.124472573839665,19.190232315492654,1.339662447257382,39.26951476793249,-37.92985232067511,-0.05274261603376118,-17.57321191788475,-0.0005504823986672847,-0.03250025857286579,5.07,1.4299999999999997,-0.2900000000000009,-0.7999999999999989,1.4399999999999995,-1.9000000000000004,-2.3484994555555545,-0.10809000000000002,0.03600119563975049,-0.08818999999999999,-220.0,-20.0,0.007518796992481203,0.10303030303030308,0.0,2.1780853271484375,1095.9431321233437,1.0279340744018537,0.37179487179487136,0.48960545295183344,0.0,0.0,1.0,-1.0,3.0,0.0,-36.59018987341773
1_5_5,167,52.278481012658226,11.830168776371309,23.789556962025316,47.22573839662447,19.18841421062801,40.44831223628692,11.959388185654007,28.48892405063291,5.052742616033754,8.512220354552312,-0.0013246004625314112,0.0173270561201595,14.89,-1.4299999999999997,-2.4700000000000006,-1.2000000000000028,-2.26,-1.6000000000000014,1.9341135076190525,-0.07415,-0.05205665813011762,-0.17049000000000014,-210.0,10.0,-0.028097062579821197,-0.08311688311688309,0.0,-3.1189193725585938,15.277855176951107,-0.22982120513916016,-0.43678160919540243,-0.28372976526866367,1.0,2.0,3.0,1.0,1.0,0.0,11.959388185654007
2_10_4,282,71.05485232067511,63.5548523206751,34.232594936708864,34.86286919831223,19.160310976101123,7.500000000000007,-29.32225738396624,36.822257383966246,36.19198312236288,26.898971066897616,0.02134340418168798,0.040653271676374,-18.950000000000003,0.8499999999999996,5.239999999999999,2.200000000000001,2.4499999999999993,3.1999999999999993,-2.8903003535714333,0.08707,0.07193395875876,-0.055959999999999996,0.0,900.0,0.015873015873015928,-0.027777777777777735,0.0,2.4430809020996094,-973.5628706416476,-0.5704107284545916,0.26984126984126977,-0.11901170768282832,0.0,3.0,1.0,0.0,1.0,0.0,-29.32225738396624
2_2_1,321,18.354430379746834,48.723628691983116,51.859177215189874,16.213080168776372,19.11991394642547,-30.369198312236282,3.135548523206758,-33.50474683544304,2.1413502109704616,-28.028961208018757,-0.009559648775335106,-0.08949626988842677,-21.319999999999993,1.2000000000000002,1.9600000000000009,1.7000000000000002,1.22,1.9000000000000004,1.9663702533333147,0.23636,0.010571793316431377,-0.030459999999999997,0.0,0.0,0.06666666666666671,0.2666666666666666,0.0,-15.496776580810547,-59.78972015855774,-0.05756378173828125,0.666666666666667,0.16877038909982467,0.0,-1.0,0.0,0.0,-1.0,0.0,-3.1355485232067615
2_3_1,366,72.40506329113924,69.8048523206751,61.82753164556962,30.864978902953585,19.11119859982286,2.600210970464147,-7.977320675105474,10.577531645569621,41.54008438818566,72.16209079091095,0.04708853238265004,-0.0103114478114478,-25.379999999999995,0.6600000000000001,5.0,2.5,3.139999999999999,3.5999999999999996,-7.246920852747252,0.11406,0.057639776159988804,-0.39905999999999997,160.0,130.0,0.04166666666666674,-0.014778325123152691,0.0,8.728172302246094,140.66118984683817,-0.0016012191772460938,0.5416666666666665,0.9922793511641093,0.0,1.0,0.0,1.0,1.0,0.0,-7.977320675105474
3_9_2,865,38.69198312236286,71.28691983122364,32.183544303797476,64.35654008438819,19.09551639682916,-32.59493670886078,-39.10337552742617,6.508438818565388,-25.664556962025323,-27.73035331364133,0.05066496003996007,-0.03739905927405929,-21.660000000000004,0.09999999999999964,4.84,6.6,1.5199999999999996,6.299999999999999,-2.4304590672727358,0.08297,0.078461771712198,-0.46979000000000004,430.0,340.0,-0.03501400560224083,0.038461538461538436,-1.0,24.69527053833007,-194.76923853560874,-1.5842313766479492,0.13939393939393963,-0.31515386481448715,3.0,4.0,3.0,0.0,2.0,2.0,26.08649789029539
1_9_6,258,58.10126582278482,24.314345991561183,58.69462025316456,26.4240506329114,19.090132178125298,33.786919831223635,34.380274261603375,-0.5933544303797404,31.67721518987342,5.879646724215377,0.002047502047502092,0.041301041301041286,-2.3700000000000045,0.2400000000000002,-2.4000000000000004,-2.1999999999999993,0.16999999999999993,-1.2000000000000002,-2.7209283033333183,-0.17636000000000002,-0.054215817822030804,-0.15488000000000002,79.0,-10.0,-0.010695187165775388,0.07928388746803061,0.0,-1.3487014770507812,215.9926449746161,1.5228896141052246,0.1477272727272716,0.6471741424720641,0.0,1.0,1.0,0.0,0.0,0.0,33.193565400843895
1_7_3,205,54.34599156118143,29.13502109704641,27.602848101265824,66.1181434599156,19.023886705376412,25.21097046413502,-1.5321729957805843,26.743143459915604,-11.772151898734172,40.895509108677004,-0.021134974259974293,0.010235682110682098,6.770000000000003,-0.9100000000000001,-0.040000000000000924,3.299999999999999,-0.5699999999999985,1.5,9.031903884523807,-0.17049,-0.0245815427882361,-0.22866999999999993,20.0,1190.0,0.017857142857142905,0.022312373225152116,0.0,2.406097412109375,-1266.9201313716198,-2.8662147521972656,-0.2559523809523814,-1.5173155882441964,0.0,4.0,4.0,3.0,7.0,0.0,-1.5321729957805843
3_2_3,644,62.151898734177216,25.047468354430382,39.264240506329116,19.525316455696203,19.017196306660466,37.10443037974683,14.216772151898734,22.8876582278481,42.62658227848101,33.55746177997253,-0.02172182975754411,0.05718537414965991,0.0,0.0,0.0,0.0,0.0,0.0,0.0,0.0,0.0,0.0,0.0,0.0,0.0,0.0,0.0,0.0,0.0,0.0,0.0,0.0,0.0,-4.0,1.0,0.0,0.0,0.0,14.21677215189873
2_1_3,294,54.72573839662448,18.570675105485233,30.783227848101262,11.434599156118145,18.99340808105074,36.15506329113924,12.21255274261603,23.942510548523217,43.29113924050633,-5.22136361695766,0.03807684690037638,0.006288373935432773,1.009999999999991,-0.8900000000000006,-0.09000000000000163,-1.2999999999999998,-1.3999999999999986,-0.39999999999999947,0.39829930892856424,0.008260000000000017,-0.0018088992848807016,-0.07414,-50.0,0.0,0.03787878787878779,0.033333333333333326,0.0,-8.5079345703125,-107.62629757335128,-0.4619607925415057,-0.18939393939393856,-0.3167220796063699,-3.0,-2.0,0.0,0.0,-1.0,0.0,12.212552742616026
2_5_4,430,40.67510548523207,44.21413502109704,34.185126582278485,76.64556962025316,18.9380283858336,-3.5390295358649695,-10.029008438818558,6.489978902953588,-35.97046413502108,-37.329984026590125,0.0073329938035821,0.008994991936168484,-15.729999999999997,0.16000000000000014,5.860000000000001,7.200000000000001,0.14000000000000057,6.000000000000001,1.5136565369747927,-0.0702,-0.0097855157600302,-0.25473,70.0,-750.0,0.01571428571428568,-0.2407407407407407,-1.0,-1.7773246765136719,-9.787998619380176,0.4252743721008301,-0.17857142857142883,0.534414260069429,1.0,3.0,4.0,3.0,7.0,2.0,-2.9509493670886187
2_9_4,559,87.00421940928271,41.397679324894504,57.824367088607595,59.926160337552744,18.890473298732893,45.60654008438821,16.42668776371309,29.179852320675117,27.078059071729967,67.43923149660162,0.02265570139901696,0.10858855939069839,-6.43,0.41000000000000014,-0.07000000000000028,-0.6000000000000014,0.34999999999999964,0.40000000000000036,-14.443505809890095,0.21723000000000003,-0.03155427669820669,-0.9038100000000001,-20.0,-110.0,-0.09999999999999998,-0.0664335664335664,2.0,20.537429809570312,20.183071064233445,1.5164613723754883,0.06363636363636349,0.7607800191636453,1.0,1.0,1.0,3.0,4.0,2.0,16.42668776371309
2_7_6,503,42.320675105485236,70.37974683544303,55.45886075949367,86.06540084388185,18.883320103234894,-28.059071729957793,-14.920886075949362,-13.138185654008431,-43.74472573839661,-40.86798593359282,0.09861924567806918,-0.026808703279291496,-19.620000000000005,1.799999999999999,4.4,5.6,1.38,5.5,-4.113766859999991,0.09009,0.0829386129143197,0.04389,350.0,1030.0,0.09774436090225569,0.20192307692307687,0.0,15.806999206542976,9.625490586000588,0.17846059799194336,-0.11111111111111116,-0.1158528926693041,5.0,4.0,4.0,2.0,6.0,3.0,14.920886075949362
1_9_6,260,57.805907172995774,25.047468354430382,39.264240506329116,14.177215189873417,18.863565707192194,32.758438818565395,14.216772151898734,18.541666666666657,43.62869198312236,22.81615914679469,-0.03117458976833981,0.07389197232947242,0.0,0.0,0.0,0.0,0.0,0.0,0.0,0.0,0.0,0.0,0.0,0.0,0.0,0.0,0.0,0.0,0.0,0.0,0.0,0.0,0.0,-3.0,-2.0,0.0,0.0,0.0,14.216772151898738
1_2_1,63,26.962025316455698,64.33544303797468,49.936708860759495,68.87130801687763,18.85783010411447,-37.37341772151899,-14.39873417721519,-22.974683544303797,-41.90928270042194,-14.21958887512426,-0.017019560091106112,-0.021376154702635014,-13.189999999999998,1.08,8.09,5.299999999999999,-0.75,5.1,-2.2642930796153777,0.017259999999999998,0.18174548678327743,-0.17473000000000002,250.0,330.0,0.01644736842105271,0.10476190476190472,3.0,32.43164825439453,-34.63325915062464,-0.5267763137817383,-0.22203947368421062,-0.1521977721891563,2.0,4.0,2.0,3.0,2.0,2.0,14.398734177215193
3_6_4,763,36.075949367088604,72.40506329113923,77.52373417721519,68.9240506329114,18.772750506101104,-36.329113924050624,5.118670886075961,-41.447784810126585,-32.8481012658228,5.411342689568585,0.011067386067386109,-0.07207929082929082,-22.83999999999999,0.6900000000000013,1.42,2.299999999999999,4.35,2.5,-4.181334007575764,0.026729999999999997,0.2217020013669711,-0.93821,620.0,400.0,-0.03263403263403264,0.3054545454545454,1.0,69.30210494995116,464.49569817882445,0.9836530685424787,0.756756756756757,0.42703091805539195,2.0,2.0,2.0,4.0,3.0,2.0,-5.118670886075961
2_8_2,512,82.61603375527426,54.720464135021096,53.9873417721519,37.35232067510549,18.764954777121662,27.895569620253163,-0.7331223628691959,28.62869198312236,45.26371308016877,50.25742138926489,0.03700806563760256,0.05210795902285267,-16.92,1.3200000000000003,3.330000000000001,0.5,0.46000000000000085,2.3999999999999995,-1.0052889822222255,0.23287,0.0860333389256644,0.0,179.0,0.0,0.0,0.0,0.0,15.267765045166016,1240.007952226315,0.7361640930175781,0.08333333333333304,-0.647660402932992,0.0,1.0,1.0,0.0,1.0,2.0,-0.7331223628691959
3_10_5,596,65.65400843881856,22.10970464135021,42.689873417721515,55.11603375527426,18.712467702220138,43.54430379746836,20.580168776371305,22.96413502109705,10.537974683544306,21.701122991073703,0.007294392115820614,0.04178985696842841,1.0200000000000102,0.25,-0.20999999999999908,0.3000000000000007,0.5200000000000014,-0.40000000000000036,-2.7464392500000017,-0.003810000000000008,-0.03196998695536031,0.28096,0.0,-980.0,-0.02857142857142858,0.16666666666666674,0.0,9.135265350341797,-12.652250250601355,-0.8062257766723633,0.08571428571428541,0.18392398067331328,1.0,2.0,2.0,3.0,0.0,2.0,20.58016877637131
3_10_3,583,63.50210970464135,66.31329113924052,43.837025316455694,89.4831223628692,18.697640411823397,-2.8111814345991704,-22.476265822784825,19.665084388185655,-25.981012658227847,35.9954711202368,-0.005211860211860209,0.03069918819918821,-24.86999999999999,1.2499999999999991,10.88,12.600000000000001,1.71,9.6,5.33149927692309,0.020970000000000003,0.0652097953932981,-0.6208699999999999,430.0,-780.0,0.018378378378378413,-0.09560723514211883,1.0,28.619895935058587,-38.57944730619123,-0.3968029022216797,0.038918918918918965,-0.009731350422310214,3.0,4.0,5.0,3.0,6.0,4.0,-16.853902953586484
3_6_4,764,37.552742616033754,49.01898734177215,66.57436708860759,79.75738396624473,18.66769385358167,-11.466244725738399,17.555379746835435,-29.021624472573833,-42.20464135021098,12.569548461017689,0.009893380429094711,-0.10334903192046052,-25.379999999999995,-4.51,0.0,8.1,9.1,3.7,2.325550866666653,-0.18942,0.01285392258968221,-0.49184,220.0,10.0,0.12857142857142856,0.02777777777777779,1.0,-16.34459686279297,4086.100189667629,1.3029766082763654,1.8571428571428568,-1.8479228386351636,3.0,5.0,4.0,2.0,2.0,5.0,-17.555379746835435
3_2_1,635,21.392405063291136,54.15611814345991,40.640822784810126,64.47257383966245,18.612066530627498,-32.76371308016878,-13.515295358649787,-19.24841772151899,-43.08016877637131,-61.41012287500433,0.004566588805719307,-0.0720205468846773,-13.539999999999992,-0.08999999999999986,2.7799999999999994,1.9000000000000004,-0.040000000000000924,3.0999999999999996,0.6139976723076899,0.0749,0.0241703060595719,-0.7549400000000002,200.0,1320.0,-0.04589371980676338,0.04421052631578948,1.0,14.067211151123047,-85.785018251473,0.012314796447753906,-0.11111111111111072,-0.5621529902284745,2.0,2.0,4.0,3.0,3.0,0.0,13.515295358649787
3_8_3,838,60.358649789029535,27.246835443037977,27.610759493670884,17.90084388185654,18.603862302167908,33.11181434599156,0.36392405063290667,32.74789029535865,42.457805907173,-4.171190334382686,0.0032051282051281937,0.09887248168498172,0.0,0.0,0.0,0.0,0.0,0.0,0.0,0.00015999999999999348,0.022999999999999698,0.0,0.0,0.0,0.0,-0.16666666666666663,-1.0,-6.041614532470705,62.69826308742864,-0.4695396423339844,0.0,5.329070518200751e-15,-1.0,-1.0,0.0,0.0,1.0,0.0,0.3639240506329102
1_2_1,62,51.35021097046413,82.55801687763713,55.553797468354425,88.0168776371308,18.594175463860754,-31.207805907172997,-27.004219409282705,-4.203586497890292,-36.66666666666667,33.73087168182229,0.013764918423303518,-0.033380896424374695,-32.31,2.1999999999999993,12.18,12.5,2.8200000000000003,10.299999999999999,-6.2556331299999925,-0.022239999999999982,0.2734935920597859,-0.29776,520.0,800.0,-0.049689440993788914,0.4068825910931175,1.5,25.21649169921875,-114.66642602454725,-0.2088336944580078,0.1826086956521742,0.45313750608189984,3.0,4.0,6.0,5.0,3.0,4.0,27.004219409282705
1_5_4,164,61.687763713080166,68.54957805907175,80.75158227848101,36.65611814345993,18.59119102330146,-6.861814345991583,12.202004219409261,-19.063818565400844,25.03164556962024,49.814993307030875,-0.040361861014034994,0.05821932180627837,-26.39999999999999,1.8900000000000006,1.9800000000000004,2.700000000000001,3.080000000000001,3.8999999999999995,-5.294145700549444,0.03175,0.0687911690249113,-0.83587,110.0,100.0,0.06126482213438733,0.05555555555555558,3.0,18.126319885253906,128.89707629785835,0.5038213729858398,0.4802371541501973,1.0267014674469088,0.0,2.0,2.0,1.0,0.0,0.0,-12.202004219409261
2_9_3,551,57.04641350210971,64.25632911392404,24.042721518987342,60.854430379746844,18.573136111584063,-7.209915611814331,-40.2136075949367,33.003691983122366,-3.8080168776371366,38.75701222676736,0.059337799905751304,-0.0653302804925523,-17.599999999999998,-0.8599999999999994,8.5,4.600000000000001,1.110000000000003,4.600000000000001,-2.3386547924999945,0.06347,0.11932304086896448,0.0,770.0,130.0,-0.020689655172413834,-0.0363825363825363,1.0,-11.207160949707031,-709.0136596081588,-0.9075331687927246,0.07241379310344875,-1.4718747571012685,3.0,1.0,3.0,2.0,2.0,1.0,-25.793776371308034
2_3_2,373,51.18143459915611,78.2805907172996,36.875,69.5675105485232,18.565710051760956,-27.09915611814349,-41.4055907172996,14.306434599156113,-18.38607594936709,3.769900009154469,0.07081624652300261,-0.030420295777267514,-32.31,3.0,13.11,12.4,1.9399999999999977,10.3,-3.3650434928035864,0.0006700000000000039,0.06869592519270012,-0.17004999999999998,420.0,650.0,-0.02067183462532307,-0.21510297482837526,0.5,6.224510192871094,-116.72136597361327,-0.23770427703857422,0.15121951219512209,0.3099487415830495,2.0,3.0,2.0,3.0,3.0,2.0,12.792721518987378
3_8_5,850,35.189873417721515,59.309071729957815,38.07753164556962,74.41983122362869,18.54934853341899,-24.1191983122363,-21.231540084388193,-2.8876582278481067,-39.229957805907176,-66.78827189269259,0.11300747863247859,-0.06780372405372398,-14.209999999999994,-1.870000000000001,4.6,4.9,-1.0299999999999994,5.3999999999999995,1.5976723111111113,0.06248,0.1358259873260653,-0.02563000000000004,630.0,1500.0,0.0,0.04117647058823526,1.0,59.18296813964844,-4642.176797445722,-1.1465120315551758,-0.35416666666666696,-1.6479342949942204,2.0,4.0,4.0,1.0,5.0,2.0,21.231540084388193
1_2_4,79,42.995780590717295,59.7837552742616,77.00949367088607,84.5253164556962,18.549100665019278,-16.787974683544306,17.22573839662447,-34.01371308016878,-41.529535864978904,56.674064355996734,-0.07518500643500647,-0.007392213642213624,-4.060000000000002,0.7199999999999998,1.6,5.7,6.89,1.6,-4.989417433333337,0.08899000000000001,0.05636691231127669,-0.69645,-320.0,30.0,0.33333333333333337,0.0879120879120879,0.0,4.980550765991211,175.1436910367894,0.8367319107055664,0.8333333333333335,1.4605769720382042,7.0,6.0,2.0,5.0,5.0,2.0,-17.22573839662447
3_1_3,615,59.53586497890296,89.57805907172995,47.81645569620253,77.40506329113924,18.544732563778616,-30.042194092826996,-41.76160337552742,11.719409282700425,-17.869198312236286,86.50154813786685,-0.07622421438210913,0.03967249855407751,-28.430000000000007,2.0199999999999996,7.119999999999999,8.5,8.3,4.699999999999999,-10.06496406931818,0.25068,0.2067769642397707,-0.73274,440.0,1090.0,-0.1414473684210527,-0.1663157894736842,-1.0,19.621669769287102,61.85625528323492,-0.09545516967773438,1.3881578947368425,1.4597650127263222,3.0,4.0,5.0,3.0,3.0,1.0,18.32278481012657
3_8_3,841,36.07594936708861,59.18248945147679,53.01424050632911,17.921940928270043,18.534507395997124,-23.10654008438818,-6.168248945147681,-16.938291139240498,18.15400843881857,-11.796207312712284,-0.016725662158354526,0.0038611228515074147,-32.83,2.9800000000000004,6.200000000000001,3.799999999999999,4.51,4.299999999999999,-2.8171434299999945,-0.02783000000000002,0.0414481827939809,0.0,-91.0,10.0,0.10439560439560441,-0.13333333333333336,0.0,-5.1845855712890625,462.07688908937166,-1.4928350448608398,0.8351648351648358,1.3035846962890485,0.0,0.0,-2.0,0.0,0.0,0.0,6.168248945147681
3_9_2,866,44.0084388185654,81.66666666666667,66.10759493670886,84.27215189873418,18.498886932315006,-37.65822784810127,-15.559071729957807,-22.099156118143462,-40.26371308016878,-6.35840767479101,0.07965888278388278,-0.05606684981684981,-30.459999999999997,5.510000000000001,8.670000000000002,7.6,6.510000000000002,5.499999999999999,-21.488628223809524,0.06975999999999999,0.06805003365973669,-0.047479999999999994,810.0,50.0,-0.06666666666666665,-0.25000000000000006,4.0,14.107036590576179,113.93446604457,1.4927186965942383,0.5999999999999996,3.029466093192349,3.0,3.0,6.0,2.0,5.0,4.0,15.559071729957807
3_1_1,607,23.544303797468356,52.014767932489455,61.344936708860764,63.871308016877634,18.483629220727252,-28.4704641350211,9.330168776371309,-37.80063291139241,-40.327004219409275,-37.0901613105699,-0.023899893965683427,-0.01250722961249287,-8.46,0.8300000000000001,2.1099999999999994,1.1999999999999993,1.5100000000000007,1.1999999999999993,-4.133510581818185,-0.04493999999999998,0.022535044377496205,-0.61942,169.0,50.0,0.0,0.0,0.0,12.179710388183594,116.4579757638329,0.6437387466430664,0.2631578947368416,0.6677432729116237,2.0,3.0,3.0,1.0,2.0,2.0,-9.330168776371313
3_3_5,692,28.31223628691983,73.22784810126582,51.19462025316456,53.15400843881856,18.37205916272631,-44.91561181434599,-22.033227848101262,-22.882383966244728,-24.841772151898727,-32.477064220183536,0.008629475363346295,-0.03950350724544266,-8.29,3.01,7.619999999999999,7.5,0.4800000000000004,5.300000000000001,-4.177151404545469,0.04371000000000001,0.11765655133326619,-0.4955999999999998,259.0,540.0,-0.013978494623655913,0.2996138996138997,1.0,23.458236694335938,-88.60914471545937,-0.09795188903808594,-0.12316715542521983,0.41452016042588546,3.0,-1.0,2.0,1.0,2.0,2.0,22.033227848101266
2_9_6,573,31.603375527426156,63.30168776371309,73.21202531645571,65.4957805907173,18.365109862816297,-31.698312236286935,9.910337552742618,-41.608649789029556,-33.89240506329115,-82.12769013535893,0.058196342510068,-0.11190334719746486,-18.950000000000003,1.6899999999999995,0.8000000000000003,4.1,4.4799999999999995,3.1000000000000005,-2.609320928571435,0.026770000000000016,0.1008809235081298,-0.5737599999999999,161.0,-10.0,0.12121212121212116,0.0076923076923077205,3.0,5.763053894042969,495.74318629925335,1.325747013092041,0.6767676767676765,-0.3361892216849469,5.0,1.0,4.0,2.0,1.0,2.0,-9.910337552742622
1_5_3,158,50.71729957805908,90.84915611814347,76.1471518987342,88.32278481012658,18.353458654049803,-40.13185654008439,-14.702004219409275,-25.429852320675117,-37.6054852320675,37.740227461022755,-0.015360464150786679,-0.005720409349441596,-41.620000000000005,4.7700000000000005,8.889999999999999,11.200000000000001,4.08,9.799999999999999,-5.6779897423809516,0.17279999999999998,0.26449333671819153,-0.37367000000000006,550.0,1180.0,-0.08387096774193548,0.1779053084648493,1.0,80.03849411010742,120.83599318901375,1.0674490928649902,0.5290322580645164,1.4280881072682732,3.0,7.0,4.0,4.0,6.0,2.0,14.702004219409275
2_3_2,368,59.66244725738397,25.047468354430382,39.264240506329116,18.154008438818565,18.331467467710155,34.61497890295358,14.216772151898734,20.39820675105485,41.5084388185654,9.034864497054855,0.040289038391505216,0.003996319935598902,0.0,0.0,0.0,0.0,0.0,0.0,0.0,0.0,0.0,0.0,0.0,0.0,0.0,0.0,0.0,0.0,0.0,0.0,0.0,0.0,-1.0,-2.0,0.0,0.0,0.0,1.0,14.21677215189873
3_3_2,674,45.52742616033755,67.88502109704642,70.18987341772151,90.32700421940928,18.324754518494192,-22.35759493670887,2.3048523206750957,-24.662447257383967,-44.79957805907173,13.0053308126935,-0.02458791208791211,0.0122627372627373,-41.28000000000001,1.8199999999999994,7.6,6.300000000000001,8.0,5.5,-5.610592090000004,-0.04128,0.1871295253669957,-0.07293,0.0,0.0,0.045454545454545525,0.02197802197802201,0.0,-3.0333595275878835,948.3879985735442,0.44576311111450195,1.4272727272727277,1.8330024262940139,2.0,5.0,5.0,4.0,6.0,5.0,-2.3048523206750957
2_2_5,353,50.16877637130801,88.07489451476795,68.39398734177215,88.48101265822784,18.320869662061856,-37.906118143459935,-19.680907172995802,-18.225210970464133,-38.31223628691983,54.92286638216905,-0.0699346405228759,0.014699213018540686,-33.839999999999996,4.209999999999999,2.67,7.0,8.119999999999997,4.700000000000001,-12.48277805454545,0.08666,0.1930804307011417,-0.56349,780.0,1180.0,-0.1333333333333333,0.1895424836601307,0.0,2.7921295166015625,1481.8287689592066,1.281632423400879,1.3999999999999995,1.3505084577121202,2.0,4.0,5.0,4.0,6.0,4.0,19.680907172995802
2_7_3,472,32.869198312236286,71.4029535864979,36.139240506329116,57.805907172995774,18.292157919242232,-38.533755274261615,-35.263713080168785,-3.270042194092831,-24.936708860759488,-60.88975851952159,0.04286611893102771,-0.052839415111220395,-24.700000000000003,1.1500000000000004,6.700000000000001,8.399999999999999,1.4000000000000004,7.4,-4.7099627519999885,0.08046,0.0991364932117997,0.39812000000000003,460.0,320.0,-0.10869565217391303,0.3092243186582809,-1.0,43.943580627441406,-221.68248298522315,-0.8831667900085449,0.17471264367816097,-0.23223276353418498,1.0,1.0,3.0,1.0,3.0,2.0,35.263713080168785
2_8_1,509,61.89873417721518,25.047468354430382,39.264240506329116,21.666666666666668,18.28518614472205,36.8512658227848,14.216772151898734,22.634493670886066,40.23206751054852,-10.907331356920679,0.022314649765630135,0.07031095266389381,0.0,0.0,0.0,0.0,0.0,0.0,0.0,0.0,0.0,0.0,0.0,0.0,0.0,0.0,0.0,0.0,0.0,0.0,0.0,0.0,0.0,0.0,-1.0,0.0,1.0,0.0,14.21677215189873
3_4_4,715,21.729957805907173,39.87341772151899,64.54113924050634,32.35232067510549,18.20256486692805,-18.143459915611817,24.66772151898735,-42.81118143459916,-10.622362869198316,-21.33444788441693,-0.019803113553113483,-0.03458347208347218,-7.240000000000009,-0.4499999999999993,0.3800000000000008,0.40000000000000036,1.5100000000000007,0.6999999999999993,9.37374606818181,0.049519999999999995,0.004597886822089399,-0.97014,-70.0,100.0,-0.0035714285714285587,0.34375,0.833333333333333,35.91996002197267,47.19175322620626,0.2173318862915039,0.24195804195804183,0.009975086501293973,0.0,2.0,1.0,0.0,1.0,0.0,-24.667721518987346
2_5_3,427,50.88607594936709,81.65084388185655,59.86550632911393,89.28270042194093,18.02687660504663,-30.764767932489455,-21.785337552742618,-8.979430379746837,-38.39662447257384,98.7494882949207,-0.05264890559008201,-0.0035409741292094787,-35.7,3.91,11.72,11.5,3.09,9.6,-8.943595715,-0.14409,0.0842137078551873,-0.5728600000000001,430.0,560.0,-0.03769559032716929,-0.16279069767441867,1.0,31.2415008544922,112.9218414545885,0.07364606857299805,0.45945945945945965,0.8727046112371912,4.0,4.0,5.0,4.0,4.0,3.0,21.785337552742618
1_4_1,116,57.21518987341773,68.8132911392405,51.66930379746836,92.29957805907173,18.0104790365913,-11.598101265822777,-17.143987341772146,5.545886075949369,-35.08438818565401,21.128446421056537,0.005323505323505284,0.011109787895502099,-11.670000000000002,1.9100000000000001,4.43,6.2,1.8899999999999997,4.499999999999999,-9.082821460439554,0.06162,0.0854595262826706,-1.37005,150.0,-130.0,-0.006211180124223614,-0.06002554278416339,1.5,-5.4039764404296875,42.34987899533181,0.14123058319091797,0.1601731601731604,1.0482642041847239,3.0,5.0,4.0,6.0,6.0,4.0,6.052215189873408
3_1_4,619,73.54430379746834,78.85548523206752,78.17246835443038,41.20253164556962,17.982877104397012,-5.3111814345991775,-0.6830168776371437,-4.628164556962034,32.341772151898724,48.202423477747914,0.0232617031397519,0.024262494536884727,-24.190000000000005,2.389999999999999,8.55,9.2,2.2700000000000005,7.200000000000001,-8.41340674953559,0.032170000000000004,0.0824767296064512,-0.46277999999999997,230.0,440.0,0.07113821138211385,0.04946808510638295,1.0,17.64959716796875,188.63871693559344,1.0687661170959473,0.18127883981542503,1.393842734455033,0.0,1.0,2.0,1.0,1.0,1.0,0.6830168776371437
2_7_2,465,8.396624472573839,12.774261603375528,48.014240506329116,17.21518987341772,17.9736978657818,-4.3776371308016895,35.23997890295359,-39.617616033755276,-8.818565400843882,-86.9640943877551,-0.03248167954050302,-0.1163596751832045,2.030000000000001,-6.89,-0.8,-1.6,-3.09,-0.8000000000000003,7.669756299999989,-0.38472,-0.0299945382886887,0.10067000000000001,459.0,-20.0,0.06666666666666665,-0.125,0.0,-10.121333122253418,905.6320090385892,1.7594766616821307,0.13333333333333286,-0.7087868677573645,0.0,-2.0,0.0,0.0,0.0,0.0,-35.23997890295359
3_10_5,600,66.87763713080169,26.640295358649794,33.39398734177215,35.042194092827,17.964350699705122,40.23734177215189,6.7536919831223585,33.483649789029535,31.835443037974684,15.8787026621672,0.020449475336693335,0.0380148516896637,-2.030000000000001,-3.62,0.8000000000000007,0.7000000000000011,-0.29000000000000004,0.7999999999999998,1.378492168888883,-0.011279999999999998,0.030833253614406808,0.0,-80.0,0.0,0.040909090909090895,-0.02031063321385901,0.0,-3.456501007080078,-27.526355254802027,-0.18724870681762695,-0.047619047619047006,-0.01041509209950675,0.0,1.0,1.0,1.0,0.0,1.0,6.7536919831223585
1_8_1,215,38.48101265822785,11.007383966244726,28.235759493670887,53.69198312236287,17.930305719270578,27.473628691983123,17.22837552742616,10.24525316455696,-15.210970464135023,-10.97199856218549,-0.019986621960306095,0.013572783309625386,25.380000000000003,0.8300000000000001,-2.110000000000001,-2.0,-2.4299999999999997,-3.5,4.738620980128211,-0.11828999999999998,-0.0835575818674103,-0.008719999999999999,-140.0,-40.0,0.0,-0.15000000000000002,1.0,-4.584495544433601,-8.502806929059588,-0.11906862258911133,-0.4210526315789469,-0.25490440083329524,0.0,1.0,3.0,3.0,1.0,2.0,17.228375527426163
1_5_4,160,61.0126582278481,59.45147679324895,42.40506329113924,85.82278481012658,17.87770235874689,1.561181434599149,-17.046413502109708,18.607594936708857,-24.81012658227848,72.86702151949487,-0.05959577999051688,0.04456828141038671,-6.089999999999996,0.9400000000000013,0.6199999999999974,3.6000000000000014,2.620000000000001,2.4000000000000004,-11.56366019166667,0.010079999999999978,-0.019021305024103,-0.11585000000000001,420.0,340.0,-0.011538461538461497,0.02197802197802201,0.0,19.111331939697266,-101.49082185362329,-1.5671396255493182,0.32793522267206576,0.027740298765856153,3.0,6.0,5.0,2.0,4.0,4.0,-17.046413502109708
2_3_4,380,37.08860759493671,56.96202531645571,48.85284810126583,79.37763713080169,17.845852130412254,-19.873417721518997,-8.10917721518988,-11.764240506329116,-42.28902953586498,-41.32735478759798,0.12542320552701167,-0.06362005289340927,-0.33000000000000185,-1.7199999999999989,4.879999999999999,4.0,-3.8599999999999994,4.200000000000001,2.007412356884068,0.0871,0.049592345244756,-0.8426199999999999,590.0,1640.0,0.15625,0.049535603715170295,0.0,30.907976150512695,-213.32307095333522,-1.4181456565856925,-1.2607843137254902,0.7721348606886238,3.0,4.0,3.0,3.0,4.0,2.0,8.10917721518988
1_4_4,135,28.565400843881857,36.13396624472575,68.29113924050634,52.83755274261603,17.739930814878154,-7.568565400843891,32.15717299578059,-39.72573839662448,-24.272151898734176,16.099270859486126,-0.026897089397089402,-0.0642056892056892,-1.0200000000000102,-0.35999999999999943,0.14999999999999858,2.9000000000000004,2.66,0.39999999999999947,-1.7300214089285721,-0.05546999999999999,-0.0522967248533752,-0.35303,10.0,0.0,-0.038461538461538436,0.06666666666666665,1.0,3.5156784057617188,1326.0657186941457,0.8739604949951172,0.6025641025641022,0.4806129230913925,0.0,1.0,4.0,2.0,4.0,0.0,-32.157172995780584
2_2_6,361,44.26160337552742,87.57383966244726,68.89240506329114,66.87763713080169,17.737670070856854,-43.312236286919834,-18.68143459915612,-24.630801687763714,-22.616033755274266,93.34208272093628,-0.07475490196078433,-0.015931372549019607,-42.30000000000001,7.58,10.0,6.5,7.940000000000001,6.0,-9.261994160000008,0.46405,0.2405134158049222,-0.07125,300.0,610.0,0.0,0.0,0.0,10.120031356811523,564.1338642021669,0.5257434844970703,1.375,1.3913823062543624,5.0,1.0,4.0,0.0,3.0,3.0,18.68143459915612
1_7_4,211,65.0210970464135,25.047468354430382,39.264240506329116,30.654008438818565,17.67788031077856,39.97362869198312,14.216772151898734,25.756856540084385,34.36708860759494,40.180876494024005,0.006872385778635692,0.016539977477477485,0.0,0.0,0.0,0.0,0.0,0.0,0.0,0.0,0.0,0.0,0.0,0.0,0.0,0.0,0.0,0.0,0.0,0.0,0.0,0.0,1.0,-1.0,0.0,0.0,0.0,2.0,14.216772151898738
2_4_4,397,37.257383966244724,72.83227848101265,33.837025316455694,49.69409282700422,17.65265724822255,-35.57489451476793,-38.99525316455696,3.42035864978903,-12.436708860759495,40.293189836056,-0.028329850528912515,-0.043237481642901116,-28.08,0.8200000000000003,6.08,7.799999999999999,3.4400000000000013,6.699999999999999,-0.5077120629411737,0.060320000000000006,0.09547209058221061,-0.0008099999999999774,740.0,310.0,-0.07368421052631569,-0.1216216216216216,1.0,29.15777587890625,-1778.4705937719868,-1.4850263595581037,0.4824561403508776,-0.6953573691535944,2.0,-1.0,3.0,1.0,2.0,1.0,32.1545358649789
3_9_2,872,63.62869198312236,23.270042194092827,30.332278481012658,39.757383966244724,17.60173131831411,40.35864978902953,7.0622362869198305,33.2964135021097,23.871308016877634,8.682004848758652,0.00872416274201987,0.0533097854526426,25.379999999999995,-1.13,0.0,-1.0,-1.2799999999999994,-3.5000000000000004,-3.8546449100000064,-0.06418,-0.036627267976678424,-0.23903,140.0,20.0,0.0,-0.1360294117647059,-1.0,9.499425888061527,-23.225678894976824,0.16005325317382812,-0.21428571428571352,-0.04265641137083698,1.0,0.0,2.0,0.0,3.0,0.0,7.062236286919827
1_10_2,3,57.046413502109715,45.31645569620253,66.73259493670886,25.864978902953585,17.585194753597168,11.729957805907183,21.416139240506332,-9.686181434599149,31.18143459915613,58.0833853837043,-0.031256350335297806,0.01511803156539998,-5.409999999999997,-0.21000000000000085,1.6899999999999995,3.5999999999999996,5.16,0.09999999999999964,-3.6407161933333327,0.05129,-0.0011875571990196954,-0.13234,50.0,-20.0,0.026315789473684292,0.2857142857142857,0.0,-6.378154754638672,65.73144058671818,0.788642406463623,0.9375,0.7440265900618073,1.0,-1.0,0.0,0.0,1.0,0.0,2.0437763713080344
1_2_4,75,26.371308016877634,67.00421940928271,36.12341772151898,37.151898734177216,17.578872271114854,-40.63291139240508,-30.88080168776373,-9.752109704641349,-10.780590717299582,-65.04762977384513,0.005971517312243102,-0.033022870220450806,-10.829999999999998,0.7699999999999996,8.510000000000002,8.8,0.6600000000000001,6.200000000000001,-3.9830072911764702,0.08650000000000002,-0.0085522029623111,-0.26052000000000003,340.0,580.0,-0.020000000000000018,-0.005952380952380931,0.5,24.337936401367188,-160.28200006571052,-0.06679058074951172,-0.125,-0.34339119795138373,1.0,1.0,2.0,0.0,1.0,0.0,30.88080168776373
3_6_4,759,51.0548523206751,13.818565400843879,50.26898734177215,34.22995780590718,17.494628677615257,37.23628691983122,36.45042194092827,0.7858649789029499,16.82489451476792,-9.18347344834558,0.02370936355311354,0.008842719780219693,0.0,-0.9900000000000002,0.0,-1.8000000000000007,-2.210000000000001,0.0,0.9888448399999907,-0.02880000000000002,-0.008611601553778103,0.057959999999999956,-91.0,-10.0,0.0,0.0,0.0,17.611614227294922,210.50058362257028,0.7182760238647461,-0.375,-0.006493965283263847,2.0,2.0,0.0,0.0,0.0,0.0,36.45042194092827
2_6_4,454,65.18987341772151,37.67405063291139,55.688291139240505,79.36708860759494,17.492621601657795,27.515822784810126,18.014240506329116,9.50158227848101,-14.177215189873422,84.11291252575506,-0.060788483389102504,0.07471646287435763,3.3900000000000006,-0.5100000000000016,-0.1999999999999993,1.9000000000000004,-0.23000000000000043,0.7999999999999989,-2.882990393333344,-0.05017999999999999,0.0615529311308744,-0.3521500000000001,90.0,220.0,0.004385964912280715,0.042207792207792194,0.0,34.04743194580078,237.47441961238917,0.45471954345703125,-0.14912280701754366,-0.14941136913269126,2.0,5.0,3.0,3.0,5.0,2.0,18.014240506329116
3_2_5,658,50.042194092827,38.016877637130804,49.06645569620253,12.478902953586498,17.486879568227263,12.0253164556962,11.049578059071727,0.9757383966244717,37.563291139240505,-18.629088294227927,0.037774725274725196,0.005360958485958495,0.0,1.3100000000000005,0.0,0.40000000000000036,0.46000000000000085,0.0,-2.070863766666669,0.04301,0.0658176234157112,0.29653999999999997,120.0,0.0,0.0,0.0,0.0,7.021799087524414,60.892177853999456,-0.012934684753417969,0.08333333333333304,0.26571521242019536,0.0,-1.0,-3.0,-1.0,0.0,0.0,11.049578059071727
3_2_5,655,68.64978902953585,65.05274261603375,43.85284810126582,86.4451476793249,17.47778665657251,3.597046413502099,-21.199894514767934,24.796940928270033,-17.79535864978905,48.03008496350702,0.0029977375565610753,0.029693223443223393,3.730000000000004,1.5099999999999998,2.1400000000000006,6.899999999999999,1.1800000000000015,2.6999999999999993,-5.4530032469697005,0.23786999999999997,0.1718241074754831,0.19214999999999993,680.0,410.0,-0.08349146110056921,0.0928571428571428,4.0,21.84780120849608,-2268.1408991443463,-0.2112674713134748,0.08235294117647118,-0.5949992669639173,2.0,5.0,6.0,4.0,6.0,2.0,-21.199894514767934
3_6_1,749,66.83544303797468,44.889240506329116,67.15981012658227,31.571729957805903,17.476451509313108,21.946202531645568,22.270569620253156,-0.32436708860758756,35.263713080168785,60.518127016173935,-0.019214416535845102,0.03941544566544561,0.0,0.75,0.0,0.5999999999999996,0.5800000000000001,0.0,-3.7094352499999985,0.0036599999999999966,0.0373606585162038,-0.5502099999999999,140.0,60.0,0.04761904761904773,0.33333333333333326,0.0,11.386505126953125,430.6149103775707,0.3019609451293963,0.14285714285714235,0.20384320950646284,0.0,-1.0,0.0,2.0,2.0,0.0,21.62183544303798
