text_id,level,RegRateFirstPass,RegRateTotal,n_subjects,n_rows
1_10_1,Adv,0.24694123729105635,0.23985436462125923,114,11261
1_10_1,Ele,0.22823033707865167,0.22434510934871424,114,8322
1_10_2,Adv,0.2842930935527071,0.2869110979696432,114,10146
1_10_2,Ele,0.28841698841698843,0.2757856178908811,114,10374
1_10_3,Adv,0.2780276260841632,0.3012232415902141,114,12426
1_10_3,Ele,0.27691146881287726,0.23720259552992068,114,8322
1_10_4,Adv,0.27747070528410345,0.24459704034919622,114,18786
1_10_4,Ele,0.2873057351120891,0.245414673046252,114,15048
1_10_5,Adv,0.2650566926814902,0.3034792864514227,114,13566
1_10_5,Ele,0.2580203442879499,0.2589712918660287,114,10032
1_10_6,Adv,0.26570117579581304,0.27110745614035087,114,14592
1_10_6,Ele,0.27285485164394546,0.24814814814814815,114,10260
1_10_7,Adv,0.2662909984106343,0.21598440545808967,114,15390
1_10_7,Ele,0.2436357117246325,0.2157557354925776,114,11856
1_1_1,Adv,0.26625631313131315,0.25587406015037595,114,12768
1_1_1,Ele,0.22057064753118058,0.19475371120107962,114,11856
1_1_2,Adv,0.2427689307767306,0.20020183201366248,114,12882
1_1_2,Ele,0.22547743055555555,0.19226006191950465,114,9690
1_1_3,Adv,0.26507276507276506,0.24887800897592818,114,9804
1_1_3,Ele,0.25843971631205676,0.23085491506544137,114,7182
1_1_4,Adv,0.24386532242723988,0.25795257374204744,114,10374
1_1_4,Ele,0.24337791765014424,0.2608984582668793,114,7524
1_1_5,Adv,0.2491271820448878,0.20456140350877192,114,8550
1_1_5,Ele,0.23468426013195098,0.23960363872644574,114,6156
1_1_6,Adv,0.24567474048442905,0.2733797303175294,114,13794
1_1_6,Ele,0.20693487441653702,0.22499430394167236,114,8778
1_1_7,Adv,0.24389222392852156,0.25255302435192456,114,15276
1_1_7,Ele,0.22903021339530952,0.21776825785393716,114,9804
1_2_1,Adv,0.21041666666666667,0.2020242914979757,114,14820
1_2_1,Ele,0.2225504677498769,0.20605263157894738,114,11400
1_2_2,Adv,0.2413162705667276,0.24273684210526317,114,14250
1_2_2,Ele,0.228259385665529,0.22284878863826232,114,14364
1_2_3,Adv,0.24808904385141478,0.25,114,15732
1_2_3,Ele,0.26032883642495785,0.29012345679012347,114,9234
1_2_4,Adv,0.2581784873069877,0.22751809593914857,114,16302
1_2_4,Ele,0.26165650206570923,0.23964912280701756,114,11400
1_2_5,Adv,0.23003194888178913,0.22837528604118992,114,13110
1_2_5,Ele,0.2635589421783953,0.2543859649122807,114,9462
1_2_6,Adv,0.265078183172003,0.286331500392773,114,7638
1_2_6,Ele,0.2707682698313554,0.2250453720508167,114,6612
1_3_1,Adv,0.2724458204334365,0.24972926142516785,114,9234
1_3_1,Ele,0.24427645788336932,0.2069563443492452,114,9804
1_3_2,Adv,0.2677131947390751,0.28774238227146814,114,8664
1_3_2,Ele,0.26917971860897266,0.2823211875843455,114,7410
1_3_3,Adv,0.26400279183388586,0.2379179079774909,114,12084
1_3_3,Ele,0.24461269656377402,0.20267774699907665,114,10830
1_3_4,Adv,0.23649402390438248,0.22286911970190965,114,12882
1_3_4,Ele,0.24321751546882436,0.23684210526315788,114,9006
1_3_5,Adv,0.24258004206590325,0.23788377192982457,114,18240
1_3_5,Ele,0.23626077586206898,0.20785659801678108,114,7866
1_4_1,Adv,0.2652914367953946,0.24912280701754386,114,17670
1_4_1,Ele,0.2550180505415163,0.24458607456140352,114,14592
1_4_2,Adv,0.24988682661837935,0.2231290250943815,114,18012
1_4_2,Ele,0.24145299145299146,0.20946870722906558,114,16074
1_4_3,Adv,0.2571945403716494,0.2840946706388613,114,12084
1_4_3,Ele,0.25870646766169153,0.26144629867351304,114,9348
1_4_4,Adv,0.29975168499467897,0.29697671852587443,114,18126
1_4_4,Ele,0.31012170697889385,0.30794465839395235,114,14022
1_4_5,Adv,0.2730243005921993,0.2730263157894737,114,10032
1_4_5,Ele,0.2754885301614274,0.27947776417788656,114,9804
1_5_1,Adv,0.24218163622717037,0.21673976608187134,114,8208
1_5_1,Ele,0.24191063174114022,0.19158403254513096,114,7866
1_5_2,Adv,0.23547918683446273,0.20369104579630895,114,17556
1_5_2,Ele,0.2287687931735067,0.20267085624509035,114,15276
1_5_3,Adv,0.2614150255288111,0.28138825324180017,114,13110
1_5_3,Ele,0.256420233463035,0.259628957451099,114,9918
1_5_4,Adv,0.267893175074184,0.2748419150858175,114,17712
1_5_4,Ele,0.2812554187619213,0.28317384370015947,114,12540
1_5_5,Adv,0.2611839132399458,0.3055014078405891,114,9234
1_5_5,Ele,0.250635838150289,0.297133679268594,114,8094
1_6_1,Adv,0.24955471996833564,0.2419420644634843,114,9804
1_6_1,Ele,0.21868308351177732,0.21555939027897614,114,6954
1_6_2,Adv,0.24400836416277946,0.27462296091104954,114,12996
1_6_2,Ele,0.23228621291448517,0.24823741596983112,114,12198
1_6_3,Adv,0.26453287197231834,0.2808771929824561,114,11400
1_6_3,Ele,0.24613531419393697,0.26828306721860834,114,10146
1_6_4,Adv,0.223491305830208,0.21176762661370407,114,12084
1_6_4,Ele,0.20680178632772242,0.19222334682860998,114,11856
1_7_1,Adv,0.2143205659917053,0.16268467220683286,114,17328
1_7_1,Ele,0.2289901842140648,0.17537313432835822,114,15276
1_7_2,Adv,0.24368179207352098,0.20797329143754908,114,15276
1_7_2,Ele,0.256776664702416,0.22137508509189924,113,14690
1_7_3,Adv,0.26777536755844783,0.2537339971550498,114,16872
1_7_3,Ele,0.27370387669313406,0.2290851094678846,114,13794
1_7_4,Adv,0.26564284807716715,0.21434997750787224,114,17784
1_7_4,Ele,0.24038051966491553,0.1860434668761456,114,15276
1_8_1,Adv,0.24585152838427948,0.20929276315789475,114,14592
1_8_1,Ele,0.2257360959651036,0.17580409356725146,114,13680
1_8_2,Adv,0.2631713554987212,0.2993008837884184,114,15162
1_8_2,Ele,0.25871502266687507,0.31436699857752487,114,12654
1_8_3,Adv,0.2669586983729662,0.2363086770981508,114,16872
1_8_3,Ele,0.24319701446120354,0.222950331372403,114,13429
1_8_4,Adv,0.2505081300813008,0.2460495209655344,114,16074
1_8_4,Ele,0.23455649419218585,0.2204424103737605,114,15732
1_8_5,Adv,0.2676559985696406,0.28690412900939216,114,11286
1_8_5,Ele,0.2754465246395524,0.27909713307659395,114,9348
1_9_1,Adv,0.2076418371285218,0.18700159489633175,114,10032
1_9_1,Ele,0.19799673887724203,0.18082706766917292,114,7980
1_9_2,Adv,0.29123207301173404,0.2950055318476371,114,12654
1_9_2,Ele,0.30378578024007385,0.32065514103730663,114,10990
1_9_3,Adv,0.24437998549673676,0.2540153199901161,114,8094
1_9_3,Ele,0.2515743073047859,0.25257108287961283,114,6612
1_9_4,Adv,0.2800480769230769,0.3377685787502464,114,10146
1_9_4,Ele,0.2767000204206657,0.31357239251976093,114,10374
1_9_5,Adv,0.25156110615521854,0.23333333333333334,114,13680
1_9_5,Ele,0.25486205336951606,0.256140350877193,114,8550
1_9_6,Adv,0.266797523780764,0.22567783094098884,114,13794
1_9_6,Ele,0.23918722786647315,0.20332334902296392,114,14022
2_10_1,Adv,0.2456286427976686,0.20257374204742626,104,13832
2_10_1,Ele,0.2217651458489155,0.20752834467120182,105,11025
2_10_2,Adv,0.2081772784019975,0.20272572402044292,104,13501
2_10_2,Ele,0.24059640799728904,0.2468605141171513,105,11865
2_10_3,Adv,0.2488941816944539,0.23793243793243793,105,12285
2_10_3,Ele,0.24388801261829654,0.2097741707833451,104,11336
2_10_4,Adv,0.24889236382590565,0.23408521303258145,105,15960
2_10_4,Ele,0.2598072181125308,0.23557638656399954,103,8961
2_1_1,Adv,0.22578719594090435,0.24116222760290557,105,12390
2_1_1,Ele,0.23424270931326435,0.24328737300435413,104,11024
2_1_2,Adv,0.23704642687371258,0.21882613510520488,105,13545
2_1_2,Ele,0.25005683109797683,0.22965587044534413,104,9880
2_1_3,Adv,0.22319824316230785,0.2155297532656023,104,11024
2_1_3,Ele,0.24150026983270373,0.22883597883597884,105,7560
2_1_4,Adv,0.24665757162346522,0.1822843822843823,104,17160
2_1_4,Ele,0.21909547738693466,0.1824561403508772,105,9975
2_1_5,Adv,0.25421972164643175,0.2519239937342505,104,14683
2_1_5,Ele,0.2624343527957986,0.27985948477751754,105,12810
2_1_6,Adv,0.22023733571519713,0.22980472764645427,105,14595
2_1_6,Ele,0.22865853658536586,0.23453996983408748,104,10608
2_2_1,Adv,0.26607864755604554,0.23492723492723494,104,11544
2_2_1,Ele,0.2519366197183099,0.27169811320754716,105,11130
2_2_2,Adv,0.28176555716353113,0.24245852187028658,104,15912
2_2_2,Ele,0.2554438860971524,0.2469436001350895,105,14805
2_2_3,Adv,0.27697914557602754,0.2759238310708899,104,10608
2_2_3,Ele,0.24984526511244068,0.2947951273532669,105,9030
2_2_4,Adv,0.30357142857142855,0.3964285714285714,105,5880
2_2_4,Ele,0.2837495475931958,0.3019230769230769,104,5200
2_2_5,Adv,0.2533409155530281,0.25771939328277355,104,14768
2_2_5,Ele,0.2692307692307692,0.2523364485981308,104,11128
2_2_6,Adv,0.24562937062937062,0.2558956916099773,105,8820
2_2_6,Ele,0.282628536659568,0.2644927536231884,104,7176
2_3_1,Adv,0.24072026536092245,0.22086894586894587,104,14040
2_3_1,Ele,0.22876404494382022,0.22315018315018315,105,13650
2_3_2,Adv,0.2452558941920644,0.21294417904587395,104,15281
2_3_2,Ele,0.26144382124117965,0.2580586080586081,105,10920
2_3_3,Adv,0.27514044943820226,0.3159041394335512,105,16065
2_3_3,Ele,0.2507002801120448,0.2638093289689034,104,9776
2_3_4,Adv,0.23202968001236668,0.20289153292750414,104,14456
2_3_4,Ele,0.2104642014162077,0.21351766513056836,105,9765
2_4_1,Adv,0.23869516310461192,0.2535423925667828,105,8610
2_4_1,Ele,0.2290804963410754,0.2257396449704142,104,6760
2_4_2,Adv,0.23997440273037543,0.26633053221288516,105,8925
2_4_2,Ele,0.2543402777777778,0.25728155339805825,103,7210
2_4_3,Adv,0.2732525629077353,0.33173031588873175,105,10605
2_4_3,Ele,0.2748292170257488,0.30699274917045594,103,8137
2_4_4,Adv,0.22329348245275743,0.26990881458966565,105,9870
2_4_4,Ele,0.2874081100308276,0.3075956596230725,103,8755
2_4_5,Adv,0.23191129486938544,0.23274002157497303,103,11124
2_4_5,Ele,0.20277101666354616,0.21863799283154123,105,9765
2_4_6,Adv,0.25322014051522246,0.2601072308361107,103,6901
2_4_6,Ele,0.2307874762808349,0.2636904761904762,105,8400
2_4_7,Adv,0.2621229795034161,0.26186335403726707,105,12075
2_4_7,Ele,0.2354140127388535,0.24556002841581814,103,8446
2_5_1,Adv,0.23938529784537388,0.2084824090638044,104,13416
2_5_1,Ele,0.2230754823000562,0.22068302068302068,105,10395
2_5_2,Adv,0.24421280628130498,0.2203072085147557,104,16536
2_5_2,Ele,0.23127674750356633,0.22102102102102103,105,11655
2_5_3,Adv,0.2197026958931721,0.2388888888888889,105,7560
2_5_3,Ele,0.22656027358221714,0.23010149572649571,104,7488
2_5_4,Adv,0.26826806620912397,0.28436785986290936,104,10504
2_5_4,Ele,0.24012291483757683,0.2861788617886179,105,8610
2_5_5,Adv,0.2492287917737789,0.26258503401360545,105,15435
2_5_5,Ele,0.20798584786454385,0.19181459566074952,104,8112
2_6_1,Adv,0.24284997491219268,0.21518300248138958,104,12896
2_6_1,Ele,0.2500810372771475,0.2570621468926554,105,12390
2_6_2,Adv,0.24479057040623026,0.25052100471646377,105,9117
2_6_2,Ele,0.23134328358208955,0.1985042735042735,104,9360
2_6_3,Adv,0.2826809925812228,0.2804284323271665,104,8216
2_6_3,Ele,0.2764272056815078,0.2891774891774892,105,6930
2_6_4,Adv,0.25771812080536916,0.28450704225352114,105,14910
2_6_4,Ele,0.26916397916149837,0.27861990950226245,104,8840
2_7_1,Adv,0.24645583424209377,0.27538726333907054,105,8715
2_7_1,Ele,0.24064319378985308,0.23169125395152793,104,7592
2_7_2,Adv,0.23861977438619775,0.20485527544351073,105,16065
2_7_2,Ele,0.2460788469690547,0.21451229183187945,104,10088
2_7_3,Adv,0.23255813953488372,0.23215701823949247,104,10088
2_7_3,Ele,0.22487046632124352,0.27205513784461155,105,7980
2_7_4,Adv,0.2419788492561391,0.18663303909205547,104,12688
2_7_4,Ele,0.2298937784522003,0.19937106918238995,105,11130
2_7_5,Adv,0.26857218124341414,0.2714285714285714,105,16170
2_7_5,Ele,0.2842935528120713,0.2727539635936583,104,13624
2_7_6,Adv,0.23489235337787676,0.1732068607068607,104,15392
2_7_6,Ele,0.22884615384615384,0.19365079365079366,105,9765
2_8_1,Adv,0.23253275109170304,0.22170017482517482,104,9152
2_8_1,Ele,0.20847698235651999,0.21280788177339902,105,9135
2_8_2,Adv,0.25313465382518624,0.22049071618037136,104,12064
2_8_2,Ele,0.23095077545515846,0.2073856688676938,105,12267
2_8_3,Adv,0.2611840852845993,0.25126050420168067,105,10710
2_8_3,Ele,0.25005324813631524,0.22778846153846155,104,10400
2_8_4,Adv,0.26521515515172295,0.3310344827586207,105,12180
2_8_4,Ele,0.25,0.2954653371320038,104,8424
2_8_5,Adv,0.27890659260342054,0.28227081138040044,104,15184
2_8_5,Ele,0.28054474708171206,0.32063492063492066,105,10395
2_8_6,Adv,0.2106631989596879,0.20906026962727994,104,10088
2_8_6,Ele,0.2290427257977285,0.22435374149659865,105,7350
2_9_1,Adv,0.24568170384034882,0.2913719943422914,105,10605
2_9_1,Ele,0.2337128990106403,0.27052514792899407,104,10816
2_9_2,Adv,0.2500507820434694,0.2616883116883117,105,9240
2_9_2,Ele,0.2636509635974304,0.2926923076923077,104,7800
2_9_3,Adv,0.2334807851810893,0.21585034013605442,105,14700
2_9_3,Ele,0.24079485680888368,0.21209319526627218,104,10816
2_9_4,Adv,0.23984309330344633,0.21451163967611336,104,15808
2_9_4,Ele,0.23193675889328064,0.2035437430786268,105,13545
2_9_5,Adv,0.24402753408017278,0.27953091684434966,105,14070
2_9_5,Ele,0.2504760256188333,0.24152542372881355,104,12272
2_9_6,Adv,0.2568712186689715,0.2716923076923077,104,13000
2_9_6,Ele,0.246843853820598,0.3246305418719212,105,6090
3_10_1,Adv,0.29159470351180194,0.32449599558133113,102,7242
3_10_1,Ele,0.27706812652068125,0.3213828425096031,99,7029
3_10_2,Adv,0.25325752191423834,0.25679012345679014,99,8910
3_10_2,Ele,0.29138576779026215,0.28884803921568625,102,8160
3_10_3,Adv,0.30201342281879195,0.3019191919191919,99,9900
3_10_3,Ele,0.2994365441373759,0.3000956480153037,102,8364
3_10_4,Adv,0.2605896306336835,0.2571988542137796,99,13266
3_10_4,Ele,0.28148021243789617,0.2662802347216259,102,13974
3_10_5,Adv,0.25217905155857584,0.19723942208462333,102,15504
3_10_5,Ele,0.22637661454792657,0.17699381878486356,99,13266
3_10_6,Adv,0.25065002600104,0.21568627450980393,102,8670
3_10_6,Ele,0.2453035665668391,0.2025012025012025,99,8316
3_1_1,Adv,0.2806273844849512,0.2927944183808493,102,16626
3_1_1,Ele,0.2727884291960982,0.2676382142030997,99,12969
3_1_2,Adv,0.3011093502377179,0.34261437908496734,102,7650
3_1_2,Ele,0.30309653916211293,0.4080808080808081,99,5445
3_1_3,Adv,0.25565737796895455,0.26734982920936434,99,12003
3_1_3,Ele,0.23859218334356455,0.22716608010725658,102,11934
3_1_4,Adv,0.28461892347799417,0.2960733159408656,99,14949
3_1_4,Ele,0.2571221193975685,0.28488089450656295,102,12342
3_1_5,Adv,0.30708782742681046,0.2912230412230412,99,14652
3_1_5,Ele,0.2627538385339277,0.2665673864482502,102,8058
3_2_1,Adv,0.27234258632362895,0.2676470588235294,102,12240
3_2_1,Ele,0.27698535080956055,0.2834326167659501,99,11583
3_2_2,Adv,0.2846034214618974,0.3008658008658009,99,6930
3_2_2,Ele,0.2586914864494936,0.2620320855614973,102,6732
3_2_3,Adv,0.2902902902902903,0.3007646559048428,99,10593
3_2_3,Ele,0.2818817305875685,0.27894042232277527,102,10608
3_2_4,Adv,0.27375296912114017,0.3155407283847651,99,10791
3_2_4,Ele,0.297876813117511,0.3216257376737103,102,10506
3_2_5,Adv,0.2864248098303101,0.2816006905907017,102,16218
3_2_5,Ele,0.2835235985687511,0.2821647128216471,99,13563
3_3_1,Adv,0.2743815752061416,0.28766943018818264,102,15198
3_3_1,Ele,0.2654496483615143,0.26789016929862003,99,14058
3_3_2,Adv,0.28619381202568595,0.2843813387423935,102,14790
3_3_2,Ele,0.2789281364190012,0.2962962962962963,99,11880
3_3_3,Adv,0.2774423285338288,0.2621610845295056,99,15048
3_3_3,Ele,0.2658493870402802,0.2348158775705404,102,12546
3_3_4,Adv,0.2945262113444683,0.2777658585425159,99,13983
3_3_4,Ele,0.2593634605240021,0.22503063725490197,102,13056
3_3_5,Adv,0.2607888631090487,0.26994825708061004,102,14688
3_3_5,Ele,0.2768543342269884,0.26906863914737933,99,12573
3_4_1,Adv,0.27447969976117365,0.2653061224489796,98,11858
3_4_1,Ele,0.22696897374701672,0.2071975131516021,102,8364
3_4_2,Adv,0.3023989033584647,0.2846932321315623,102,15810
3_4_2,Ele,0.2984861976847729,0.2953905700211119,98,11368
3_4_3,Adv,0.2772682607271536,0.25213675213675213,102,11934
3_4_3,Ele,0.2267568220236658,0.19553571428571428,98,7840
3_4_4,Adv,0.3160806005531411,0.30949754901960785,102,16320
3_4_4,Ele,0.32300794782963116,0.33664518438954527,98,11172
3_4_5,Adv,0.2738380973161684,0.298123550495467,102,9486
3_4_5,Ele,0.24760892667375134,0.23108511697361872,98,8036
3_5_1,Adv,0.26200401420410685,0.26180169037311896,99,14553
3_5_1,Ele,0.2776067718353213,0.274777183600713,102,11220
3_5_2,Adv,0.29937350835322196,0.2623183050012318,99,16236
3_5_2,Ele,0.31451612903225806,0.26451734539969834,102,15912
3_5_3,Adv,0.27844792923200645,0.30648295354177707,102,11322
3_5_3,Ele,0.26435754189944133,0.29675394723938414,99,10197
3_5_4,Adv,0.2703552342030808,0.28743813978713306,99,14751
3_5_4,Ele,0.25465983224603916,0.297276688453159,102,9180
3_6_1,Adv,0.2704289675419997,0.2407533986481355,99,13167
3_6_1,Ele,0.23138350968257138,0.2146858743497399,102,9996
3_6_2,Adv,0.28988693467336685,0.33413693346190937,102,6222
3_6_2,Ele,0.2668566001899335,0.3273720814704421,99,6039
3_6_3,Adv,0.27473606678124235,0.2869576513380099,99,7698
3_6_3,Ele,0.2784346846846847,0.2606689734717416,102,6936
3_6_4,Adv,0.2565740045078888,0.2634920634920635,102,10710
3_6_4,Ele,0.26781750924784214,0.2715909090909091,99,7920
3_6_5,Adv,0.2919038583175206,0.27235859124866596,99,14055
3_6_5,Ele,0.2675578611332801,0.24162210338680926,102,11220
3_6_6,Adv,0.2779888921368021,0.2650735294117647,102,16320
3_6_6,Ele,0.2842852533075186,0.2772087067861716,99,14058
3_6_7,Adv,0.30390778746134384,0.3192488262910798,99,7029
3_6_7,Ele,0.24916481069042315,0.2165513264129181,102,6936
3_7_1,Adv,0.28437876960193004,0.321359077982338,102,13362
3_7_1,Ele,0.29056603773584905,0.2832980972515856,99,12771
3_7_2,Adv,0.2762232040582556,0.24754901960784315,102,14280
3_7_2,Ele,0.28488251195674774,0.25986277873070324,99,10494
3_7_3,Adv,0.31365473441108543,0.27869088811995385,102,13872
3_7_3,Ele,0.27287716405605933,0.2658481365377917,99,11484
3_7_4,Adv,0.3142230576441103,0.3103553222247584,99,13143
3_7_4,Ele,0.2871239081203494,0.26126328393953,102,13362
3_7_5,Adv,0.29172982988041096,0.2844304104930775,99,12351
3_7_5,Ele,0.27731248836776473,0.26342312625984976,102,10914
3_7_6,Adv,0.25663247258578,0.21860095389507153,102,11322
3_7_6,Ele,0.27741203178206586,0.2423132423132423,99,9009
3_7_7,Adv,0.25048226739872387,0.20891345891345892,99,14652
3_7_7,Ele,0.2449866310160428,0.21447963800904976,102,13260
3_8_1,Adv,0.2627882119407543,0.2170201413898893,98,14994
3_8_1,Ele,0.26280175566934894,0.22082931533269046,102,12444
3_8_2,Adv,0.25722039154874976,0.2305194805194805,99,11088
3_8_2,Ele,0.26952200662565073,0.25980392156862747,102,9180
3_8_3,Adv,0.2538571941155364,0.2498392799742848,102,12444
3_8_3,Ele,0.2400176483564968,0.23451004894303865,99,9603
3_8_4,Adv,0.2896184886280264,0.2651841224294596,102,12546
3_8_4,Ele,0.25251621561172,0.23345701917130487,99,9702
3_8_5,Adv,0.2657358663309682,0.3205922865013774,99,8712
3_8_5,Ele,0.2747468147664162,0.3553921568627451,102,5712
3_8_6,Adv,0.2829981718464351,0.250636445758397,99,12177
3_8_6,Ele,0.26146676477802305,0.2504668534080299,102,8568
3_9_1,Adv,0.2606984751598623,0.2381635581061693,102,8364
3_9_1,Ele,0.2723431914202145,0.2359497645211931,98,6370
3_9_2,Adv,0.2792207792207792,0.25048414427499394,102,16524
3_9_2,Ele,0.2846435100548446,0.26007758475290943,98,11858
3_9_3,Adv,0.27961672473867594,0.23076923076923078,102,15223
3_9_3,Ele,0.2849013657056146,0.2531719532554257,98,11980
3_9_4,Adv,0.2837183308494784,0.3106484529295589,98,12152
3_9_4,Ele,0.3114395183360701,0.36287078934137756,102,7956
