text_id,level,mean_FF,median_FF,mean_nonzero_FF,n_subjects,n_rows
1_10_1,Adv,117.62603131840378,133.0,191.13023255813954,60,5939
1_10_1,Ele,115.93607305936074,134.0,189.26574729780097,60,4380
1_10_2,Adv,123.85318352059925,140.0,196.2540059347181,60,5340
1_10_2,Ele,122.78772893772894,137.0,193.0936059907834,60,5460
1_10_3,Adv,128.9256880733945,143.0,196.49825215567466,60,6540
1_10_3,Ele,113.04543378995434,133.0,189.70842911877395,60,4380
1_10_4,Adv,121.96464646464646,136.0,196.17384240454913,60,9900
1_10_4,Ele,116.35328282828283,128.0,196.94763838427014,60,7920
1_10_5,Adv,128.70028011204482,143.0,197.23545825284396,60,7140
1_10_5,Ele,119.92708333333333,136.0,193.94027565084227,60,5280
1_10_6,Adv,118.198046875,133.0,194.88213825676254,60,7680
1_10_6,Ele,118.27574074074074,129.0,197.55304670584596,60,5400
1_10_7,Adv,109.32234567901234,114.0,193.46974000436967,60,8100
1_10_7,Ele,110.68253205128205,122.0,190.57919426048565,60,6240
1_1_1,Adv,120.94404761904762,136.0,197.3158533624666,60,6720
1_1_1,Ele,111.07580128205129,127.0,189.16839519650654,60,6240
1_1_2,Adv,108.80280235988201,116.0,194.1782047907344,60,6780
1_1_2,Ele,113.16803921568628,127.0,193.02909698996655,60,5100
1_1_3,Adv,120.9577519379845,137.0,195.9629513343799,60,5160
1_1_3,Ele,111.10132275132275,119.0,193.0864367816092,60,3780
1_1_4,Adv,123.51465201465201,140.0,196.21472214140238,60,5460
1_1_4,Ele,116.00656565656566,134.0,189.4375257731959,60,3960
1_1_5,Adv,104.52133333333333,107.0,190.50060753341432,60,4500
1_1_5,Ele,114.37716049382716,131.0,188.01725012683917,60,3240
1_1_6,Adv,116.11584022038568,130.0,192.1150865998177,60,7260
1_1_6,Ele,115.88809523809523,133.0,191.3520371694067,60,4620
1_1_7,Adv,113.23532338308458,127.0,190.38310330405687,60,8040
1_1_7,Ele,112.21841085271318,127.0,191.04157043879908,60,5160
1_2_1,Adv,124.69435897435898,140.0,197.8067927598129,60,7800
1_2_1,Ele,122.29983333333334,139.0,196.0456852791878,60,6000
1_2_2,Adv,125.5104,141.0,198.21604548325962,60,7500
1_2_2,Ele,122.580291005291,137.0,196.33622881355933,60,7560
1_2_3,Adv,119.6201690821256,135.0,198.40845352564102,60,8280
1_2_3,Ele,132.52489711934157,145.5,202.85700787401575,60,4860
1_2_4,Adv,111.36200466200467,119.0,193.222649140546,60,8580
1_2_4,Ele,108.845,117.0,190.73306074766356,60,6000
1_2_5,Adv,118.40159420289855,131.0,196.71827594509992,60,6900
1_2_5,Ele,120.12429718875502,134.0,192.16800513973658,60,4980
1_2_6,Adv,130.37388059701493,145.0,201.42313604919292,60,4020
1_2_6,Ele,115.52385057471264,126.0,196.7807146353402,60,3480
1_3_1,Adv,114.8604938271605,131.0,194.50243902439024,60,4860
1_3_1,Ele,108.83333333333333,117.0,194.85773768216515,60,5160
1_3_2,Adv,131.92543859649123,147.0,199.19867549668874,60,4560
1_3_2,Ele,127.99794871794872,144.0,198.8812749003984,60,3900
1_3_3,Adv,117.32672955974843,134.0,192.36865171435937,60,6360
1_3_3,Ele,105.01982456140351,103.5,191.3112815596037,60,5700
1_3_4,Adv,115.40501474926253,126.0,198.99440488301119,60,6780
1_3_4,Ele,108.54029535864979,118.0,189.70538348082596,60,4740
1_3_5,Adv,119.679375,134.0,198.32936302433973,60,9600
1_3_5,Ele,113.28719806763284,129.5,192.84909539473685,60,4140
1_4_1,Adv,115.85870967741936,128.0,193.96687668766876,60,9300
1_4_1,Ele,116.23932291666667,132.0,191.36505894962485,60,7680
1_4_2,Adv,119.21930379746836,132.0,198.24574636028768,60,9480
1_4_2,Ele,112.74101654846336,125.0,191.02523532946125,60,8460
1_4_3,Adv,126.61305031446541,139.0,197.31903945111492,60,6360
1_4_3,Ele,117.3579268292683,133.0,193.56386188400938,60,4920
1_4_4,Adv,123.99685534591195,137.0,196.14160172442382,60,9540
1_4_4,Ele,119.81449864498644,132.0,197.68186899172815,60,7380
1_4_5,Adv,120.37253787878788,136.0,194.8396689147762,60,5280
1_4_5,Ele,118.80658914728683,132.0,190.62251243781094,60,5160
1_5_1,Adv,111.87777777777778,121.0,194.179188429088,60,4320
1_5_1,Ele,105.04516908212561,108.0,189.163549369291,60,4140
1_5_2,Adv,112.73430735930737,125.0,193.69003346969134,60,9240
1_5_2,Ele,112.47922885572139,123.0,194.14620008587377,60,8040
1_5_3,Adv,133.9008695652174,149.0,200.41561822125814,60,6900
1_5_3,Ele,120.89272030651341,137.0,192.63125763125763,60,5220
1_5_4,Adv,125.48536324786325,141.0,197.2033243787777,60,9360
1_5_4,Ele,121.72484848484848,137.0,198.07297830374753,60,6600
1_5_5,Adv,123.74341563786008,139.0,197.50180623973728,60,4860
1_5_5,Ele,134.24413145539907,148.0,198.9839944328462,60,4260
1_6_1,Adv,117.40387596899225,134.0,192.31873015873015,60,5160
1_6_1,Ele,115.86639344262295,125.0,194.4387895460798,60,3660
1_6_2,Adv,119.18654970760234,134.0,193.82691393247742,60,6840
1_6_2,Ele,116.49267912772585,134.0,189.81802030456853,60,6420
1_6_3,Adv,121.93083333333334,136.0,195.14137103227526,60,6000
1_6_3,Ele,124.70093632958802,138.0,197.36307053941908,60,5340
1_6_4,Adv,111.50220125786163,120.0,195.09050894085283,60,6360
1_6_4,Ele,105.44567307692307,115.0,187.24558907228229,60,6240
1_7_1,Adv,104.81798245614036,100.0,193.6669367909238,60,9120
1_7_1,Ele,108.48457711442786,120.0,187.97758620689655,60,8040
1_7_2,Adv,106.51504975124378,110.0,192.35871518418688,60,8040
1_7_2,Ele,109.95820512820512,119.0,189.03989420321798,60,7800
1_7_3,Adv,120.13682432432432,135.0,192.5311315646995,60,8880
1_7_3,Ele,112.87148760330578,123.0,193.12915390054206,60,7260
1_7_4,Adv,105.18493589743589,109.0,191.84158222915042,60,9360
1_7_4,Ele,104.09365671641791,102.0,190.42389078498294,60,8040
1_8_1,Adv,105.273828125,109.0,188.33053808525506,60,7680
1_8_1,Ele,102.08236111111111,104.0,183.10737419033384,60,7200
1_8_2,Adv,126.44423558897243,139.0,195.16924564796906,60,7980
1_8_2,Ele,123.38003003003003,139.0,193.89122227465785,60,6660
1_8_3,Adv,111.09673423423423,123.0,191.04163439194423,60,8880
1_8_3,Ele,108.58303886925795,112.0,193.99621212121212,60,7075
1_8_4,Adv,120.00673758865248,133.0,195.58023502215372,60,8460
1_8_4,Ele,111.09661835748793,120.0,192.96832389343402,60,8280
1_8_5,Adv,123.68552188552188,138.0,196.91557223264542,60,5940
1_8_5,Ele,121.9890243902439,137.0,191.1420382165605,60,4920
1_9_1,Adv,108.07007575757575,118.0,187.8860717813632,60,5280
1_9_1,Ele,111.29285714285714,125.0,185.63542494042892,60,4200
1_9_2,Adv,121.33633633633633,137.0,194.34824434824435,60,6660
1_9_2,Ele,125.10935875216637,140.5,197.99259462424575,60,5770
1_9_3,Adv,114.5774647887324,130.0,187.65859284890428,60,4260
1_9_3,Ele,109.6198275862069,121.0,186.90690837824596,60,3480
1_9_4,Adv,121.82734082397003,137.0,194.31242532855435,60,5340
1_9_4,Ele,119.26025641025642,135.5,188.79704262104957,60,5460
1_9_5,Adv,114.84513888888888,127.0,194.56117647058824,60,7200
1_9_5,Ele,119.66688888888889,135.0,194.8267004341534,60,4500
1_9_6,Adv,111.36239669421488,116.0,196.42638483965015,60,7260
1_9_6,Ele,113.27669376693767,125.0,193.64883020616168,60,7380
2_10_1,Adv,100.29649122807018,97.0,183.90762867647058,60,7980
2_10_1,Ele,117.06777777777778,131.0,193.12045037968053,60,6300
2_10_2,Adv,109.25089881869543,122.0,185.3694989106754,60,7788
2_10_2,Ele,126.31135693215339,142.0,198.28455661032646,60,6780
2_10_3,Adv,123.62492877492878,138.0,199.68867924528303,60,7020
2_10_3,Ele,104.00275229357798,102.0,188.41495844875345,60,6540
2_10_4,Adv,126.91359649122808,140.0,203.382885257424,60,9120
2_10_4,Ele,115.14065848431716,130.0,189.00447713463385,59,5133
2_1_1,Adv,129.2063559322034,146.0,196.8964700817908,60,7080
2_1_1,Ele,107.42232704402515,121.0,182.82204977254483,60,6360
2_1_2,Adv,119.66007751937984,133.0,198.7060716584424,60,7740
2_1_2,Ele,107.05754385964913,117.0,185.36695018226,60,5700
2_1_3,Adv,103.33050314465409,112.0,183.00807574491785,60,6360
2_1_3,Ele,115.07986111111111,129.0,191.28318584070797,60,4320
2_1_4,Adv,93.49171717171717,69.0,181.62637362637363,60,9900
2_1_4,Ele,113.19456140350877,123.0,196.0525676086296,60,5700
2_1_5,Adv,109.95113314447592,119.0,188.4114077669903,60,8472
2_1_5,Ele,129.91516393442623,143.0,202.59458883681296,60,7320
2_1_6,Adv,128.0152278177458,145.0,197.7856613560578,60,8340
2_1_6,Ele,113.9563725490196,129.5,183.43319305628617,60,6120
2_2_1,Adv,106.18828828828829,115.0,181.94340108052484,60,6660
2_2_1,Ele,118.58663522012579,134.0,194.6853381517811,60,6360
2_2_2,Adv,103.11078431372549,107.0,185.5266562132497,60,9180
2_2_2,Ele,118.90851063829787,132.0,195.4090909090909,60,8460
2_2_3,Adv,116.5140522875817,130.0,188.64179894179895,60,6120
2_2_3,Ele,136.33139534883722,148.0,200.01990332669888,60,5160
2_2_4,Adv,151.08779761904762,161.0,205.6948946515397,60,3360
2_2_4,Ele,120.99933333333334,138.0,185.29760081674323,60,3000
2_2_5,Adv,126.88398185724516,142.0,197.6266964119725,59,8378
2_2_5,Ele,104.66806853582554,115.0,180.63682795698924,60,6420
2_2_6,Adv,123.61468253968253,138.0,196.65972222222223,60,5040
2_2_6,Ele,110.50869565217391,125.0,185.1501416430595,60,4140
2_3_1,Adv,101.81370370370371,104.0,183.75467914438502,60,8100
2_3_1,Ele,117.07051282051282,133.0,191.71740499685072,60,7800
2_3_2,Adv,108.39591836734694,120.0,184.74434782608697,60,8820
2_3_2,Ele,122.5985576923077,138.0,193.57667004048582,60,6240
2_3_3,Adv,121.22952069716776,136.0,195.58646748681898,60,9180
2_3_3,Ele,105.45797872340425,112.0,183.29214175654855,60,5640
2_3_4,Adv,106.15719424460431,108.0,188.61333617383895,60,8340
2_3_4,Ele,123.25913978494624,136.0,198.8395490026019,60,5580
2_4_1,Adv,120.14146341463415,136.0,195.0811881188119,60,4920
2_4_1,Ele,103.65307692307692,110.5,184.4192518248175,60,3900
2_4_2,Adv,131.07549019607842,143.0,203.4342665855143,60,5100
2_4_2,Ele,112.84119047619048,125.0,185.130078125,60,4200
2_4_3,Adv,131.68547854785479,146.0,195.6875919568416,60,6060
2_4_3,Ele,118.10822784810127,135.0,186.79779779779778,60,4740
2_4_4,Adv,124.14539007092199,139.0,196.84565645206635,60,5640
2_4_4,Ele,118.5335294117647,135.0,184.53021978021977,60,5100
2_4_5,Adv,106.4337962962963,120.0,179.79431699687174,60,6480
2_4_5,Ele,122.0731182795699,137.0,193.8992314261315,60,5580
2_4_6,Adv,113.28432835820895,130.0,183.26076458752516,60,4020
2_4_6,Ele,125.89854166666667,144.0,192.3338637810312,60,4800
2_4_7,Adv,125.93231884057971,138.0,202.7848308051342,60,6900
2_4_7,Ele,109.38658536585366,121.0,188.1097518350227,60,4920
2_5_1,Adv,103.11679586563308,106.0,182.76253721089992,60,7740
2_5_1,Ele,116.21195286195287,132.0,191.05978411292554,60,5940
2_5_2,Adv,105.35010482180293,108.5,187.9985035540591,60,9540
2_5_2,Ele,114.24474474474475,124.0,196.70889348500518,60,6660
2_5_3,Adv,119.36319444444445,135.0,194.29125847776942,60,4320
2_5_3,Ele,106.84768518518518,120.0,182.01182965299685,60,4320
2_5_4,Adv,115.9026402640264,133.0,185.4687087404278,60,6060
2_5_4,Ele,130.78455284552845,148.0,197.01775872627067,60,4920
2_5_5,Adv,123.2640589569161,139.0,195.32680560546174,60,8820
2_5_5,Ele,103.74658119658119,113.0,184.8948971820259,60,4680
2_6_1,Adv,105.6369623655914,112.0,185.93304944405014,60,7440
2_6_1,Ele,121.8572033898305,137.0,196.3023890784983,60,7080
2_6_2,Adv,123.94218209757972,139.0,194.4088580897861,60,5206
2_6_2,Ele,102.58740740740741,106.0,184.53431045969353,60,5400
2_6_3,Adv,117.82679324894515,132.0,188.8735204599256,60,4740
2_6_3,Ele,124.38737373737374,139.0,195.15610142630746,60,3960
2_6_4,Adv,125.84237089201878,138.0,196.83807600514044,60,8520
2_6_4,Ele,104.11333333333333,116.0,176.99266666666668,60,5100
2_7_1,Adv,122.65200803212852,136.0,193.29335443037974,60,4980
2_7_1,Ele,103.94611872146119,112.0,182.47855711422847,60,4380
2_7_2,Adv,112.73769063180828,124.0,195.97273243703845,60,9180
2_7_2,Ele,99.07388316151203,99.0,179.85339987523395,60,5820
2_7_3,Adv,104.10240549828178,117.0,180.10582639714625,60,5820
2_7_3,Ele,115.38486842105263,130.0,191.88730853391684,60,4560
2_7_4,Adv,95.15696721311475,82.0,179.89385330578511,60,7320
2_7_4,Ele,109.41132075471698,118.0,191.22176422093983,60,6360
2_7_5,Adv,123.73127705627705,136.0,197.218733827842,60,9240
2_7_5,Ele,106.86882951653944,116.0,184.81606160616062,60,7860
2_7_6,Adv,93.37477477477478,73.0,179.20207477847418,60,8880
2_7_6,Ele,103.12401433691757,104.5,187.62047603521356,60,5580
2_8_1,Adv,108.48219696969697,121.0,184.4721417069243,60,5280
2_8_1,Ele,121.90613026819923,139.0,193.12594840667677,60,5220
2_8_2,Adv,102.66221264367816,108.0,182.79073931951905,60,6960
2_8_2,Ele,110.60662289466171,123.0,188.54257907542578,60,7006
2_8_3,Adv,115.40669934640523,128.0,192.501771599891,60,6120
2_8_3,Ele,98.53566666666667,95.0,180.4131827891364,60,6000
2_8_4,Adv,125.5808908045977,142.0,193.50077485056454,60,6960
2_8_4,Ele,112.4275720164609,127.0,184.4070199122511,60,4860
2_8_5,Adv,108.02648401826484,116.5,182.3688571979187,60,8760
2_8_5,Ele,127.10050505050505,143.0,194.43136749935616,60,5940
2_8_6,Adv,101.74862542955326,103.0,182.99660074165638,60,5820
2_8_6,Ele,115.44761904761904,133.0,187.86516853932585,60,4200
2_9_1,Adv,133.86501650165016,148.0,198.00390529655846,60,6060
2_9_1,Ele,116.06923076923077,132.0,183.63894523326573,60,6240
2_9_2,Adv,125.60700757575758,140.0,196.44697867298578,60,5280
2_9_2,Ele,115.20088888888888,133.0,185.27662616154396,60,4500
2_9_3,Adv,120.37547619047619,132.0,203.00220839188918,60,8400
2_9_3,Ele,105.97708333333334,117.0,182.77971254836928,60,6240
2_9_4,Adv,104.34736842105264,106.0,187.25855962219597,60,9120
2_9_4,Ele,111.14883720930233,120.0,195.03332577646793,60,7740
2_9_5,Adv,133.41778606965175,148.0,200.5007476635514,60,8040
2_9_5,Ele,111.63898305084746,125.0,186.9009222038307,60,7080
2_9_6,Adv,111.99826666666667,125.0,188.25347377857463,60,7500
2_9_6,Ele,132.61580459770116,145.0,198.58132530120483,60,3480
3_10_1,Adv,115.8237089201878,131.0,185.63167795334837,60,4260
3_10_1,Ele,117.59530516431924,133.0,188.04654654654655,60,4260
3_10_2,Adv,113.92537037037037,128.0,188.19118996635058,60,5400
3_10_2,Ele,113.55125,129.0,183.70273003033367,60,4800
3_10_3,Adv,112.58533333333334,124.0,188.47991071428572,60,6000
3_10_3,Ele,107.78252032520325,120.0,183.04798066965827,60,4920
3_10_4,Adv,116.38445273631841,132.0,190.49898208469057,60,8040
3_10_4,Ele,105.46192214111922,111.0,184.13275276125742,60,8220
3_10_5,Adv,97.32313596491228,90.0,180.91867101508356,60,9120
3_10_5,Ele,102.23992537313433,106.0,185.38768606224627,60,8040
3_10_6,Adv,100.00176470588235,95.5,185.2557210316019,60,5100
3_10_6,Ele,100.58353174603175,100.5,183.67427536231884,60,5040
3_1_1,Adv,115.05245398773006,126.0,192.5745336299846,60,9780
3_1_1,Ele,114.31641221374046,123.0,192.5277480179987,60,7860
3_1_2,Adv,124.422,141.0,191.28766655278443,60,4500
3_1_2,Ele,134.14636363636365,147.0,197.01068090787717,60,3300
3_1_3,Adv,114.96636001647673,124.0,191.2517131110096,60,7283
3_1_3,Ele,100.1920227920228,95.0,186.7130342447571,60,7020
3_1_4,Adv,125.51556291390729,138.0,195.9288421778084,60,9060
3_1_4,Ele,120.20137741046833,135.0,189.66789828298195,60,7260
3_1_5,Adv,124.61013513513514,137.0,194.231700895208,60,8880
3_1_5,Ele,118.24662447257384,134.0,189.99627118644068,60,4740
3_2_1,Adv,117.11236111111111,133.0,188.00646599777033,60,7200
3_2_1,Ele,114.32350427350427,127.0,188.7023277686339,60,7020
3_2_2,Adv,136.05309523809524,148.0,202.9200994318182,60,4200
3_2_2,Ele,123.73989898989899,141.0,188.3205226748655,60,3960
3_2_3,Adv,124.46246105919003,138.5,196.66477971941916,60,6420
3_2_3,Ele,117.81442307692308,134.0,187.35015290519877,60,6240
3_2_4,Adv,124.5480122324159,136.0,192.70026023184292,60,6540
3_2_4,Ele,113.8220064724919,130.0,182.65904959750713,60,6180
3_2_5,Adv,112.40283018867925,121.0,191.828801431127,60,9540
3_2_5,Ele,117.1970802919708,130.0,193.5235034150261,60,8220
3_3_1,Adv,121.27315436241611,136.0,192.74346666666668,60,8940
3_3_1,Ele,119.62969483568075,132.0,191.1920840367661,60,8520
3_3_2,Adv,118.50022988505746,134.0,190.2827611664821,60,8700
3_3_2,Ele,119.41236111111111,132.0,194.56189183073093,60,7200
3_3_3,Adv,113.79254385964913,121.0,195.0362713775606,60,9120
3_3_3,Ele,105.33644986449865,108.0,188.54790201309726,60,7380
3_3_4,Adv,119.92938818814099,131.0,196.13668787352998,60,8483
3_3_4,Ele,106.61705729166667,108.0,190.73351968320523,60,7680
3_3_5,Adv,114.08599537037037,125.5,191.51020011657275,60,8640
3_3_5,Ele,117.17125984251969,125.0,195.67061143984222,60,7620
3_4_1,Adv,119.14228650137741,132.0,192.43003337041156,60,7260
3_4_1,Ele,102.85264227642277,112.0,181.37455197132616,60,4920
3_4_2,Adv,117.13860215053764,131.0,189.5248782185108,60,9300
3_4_2,Ele,122.74037356321838,134.0,194.3296178343949,60,6960
3_4_3,Adv,120.76068376068376,135.0,190.0336247478144,60,7020
3_4_3,Ele,114.7375,128.0,190.89774696707104,60,4800
3_4_4,Adv,119.705625,133.0,191.0513715710723,60,9600
3_4_4,Ele,119.22690058479532,132.0,190.45119103222794,60,6840
3_4_5,Adv,121.51469534050179,134.0,187.15208390836324,60,5580
3_4_5,Ele,111.31890243902438,119.0,188.92342186961022,60,4920
3_5_1,Adv,120.66587301587302,134.0,196.10705730606227,60,8820
3_5_1,Ele,117.75272727272727,134.0,188.90811861934856,60,6600
3_5_2,Adv,112.19339430894308,119.0,192.768115942029,60,9840
3_5_2,Ele,107.14572649572649,114.0,189.0094232943837,60,9360
3_5_3,Adv,118.98783783783784,135.0,187.20978029766124,60,6660
3_5_3,Ele,118.89255663430421,132.0,193.40773887865228,60,6180
3_5_4,Adv,116.37002237136466,128.0,192.55006477882657,60,8940
3_5_4,Ele,115.12092592592593,133.0,187.75385080036241,60,5400
3_6_1,Adv,114.84461152882206,128.0,190.92916666666667,60,7980
3_6_1,Ele,111.08673469387755,122.0,188.83781439722463,60,5880
3_6_2,Adv,118.72021857923497,137.0,185.6905982905983,60,3660
3_6_2,Ele,125.83060109289617,141.0,191.0954356846473,60,3660
3_6_3,Adv,132.97938587073224,146.0,195.9762658227848,60,4657
3_6_3,Ele,120.6546568627451,136.0,191.02483507954986,60,4080
3_6_4,Adv,121.53428571428572,136.0,191.99247743229688,60,6300
3_6_4,Ele,122.15708333333333,140.0,190.18942588387935,60,4800
3_6_5,Adv,123.47194835680752,136.0,194.41526520051747,60,8520
3_6_5,Ele,110.93106060606061,124.0,188.01874678993323,60,6600
3_6_6,Adv,103.23979166666666,102.0,186.4024826029716,60,9600
3_6_6,Ele,114.55269953051643,126.0,189.3286129970902,60,8520
3_6_7,Adv,122.73098591549295,138.0,187.12741589119543,60,4260
3_6_7,Ele,112.04166666666667,126.0,187.2716099959033,60,4080
3_7_1,Adv,128.83727735368956,143.0,193.2190421675253,60,7860
3_7_1,Ele,125.19418604651163,141.0,195.20608380338436,60,7740
3_7_2,Adv,109.07,121.0,187.4745242480049,60,8400
3_7_2,Ele,114.24701257861635,128.0,188.48534370946822,60,6360
3_7_3,Adv,122.52463235294118,139.0,190.54716981132074,60,8160
3_7_3,Ele,127.38836206896552,143.0,193.79737704918034,60,6960
3_7_4,Adv,130.23677265300992,144.0,197.76603053435113,60,7957
3_7_4,Ele,113.17404580152672,126.0,191.91974110032362,60,7860
3_7_5,Adv,121.9547947037582,135.0,194.09450830140486,60,7477
3_7_5,Ele,115.46573208722741,130.0,186.0667670682731,60,6420
3_7_6,Adv,111.53618618618619,125.0,184.8758088601294,60,6660
3_7_6,Ele,111.41721611721611,127.5,188.281646549056,60,5460
3_7_7,Adv,112.47792792792792,122.0,191.41510157148332,60,8880
3_7_7,Ele,101.82128205128205,105.0,182.87036610637807,60,7800
3_8_1,Adv,111.19041394335513,119.0,192.4449472096531,60,9180
3_8_1,Ele,101.98770491803279,100.0,185.43219076005963,60,7320
3_8_2,Adv,114.021875,122.0,197.27780638516992,60,6720
3_8_2,Ele,111.79314814814815,123.0,187.88764394646748,60,5400
3_8_3,Adv,102.38961748633879,106.0,182.13657351154313,60,7320
3_8_3,Ele,111.92886597938144,122.5,191.25836758661185,60,5820
3_8_4,Adv,104.5710027100271,112.0,182.6589349112426,60,7380
3_8_4,Ele,107.19540816326531,116.0,186.26152482269504,60,5880
3_8_5,Adv,128.4498106060606,143.0,196.98373511472553,60,5280
3_8_5,Ele,129.28065476190477,145.0,187.07278208441,60,3360
3_8_6,Adv,119.55718157181572,134.0,191.39522776572667,60,7380
3_8_6,Ele,112.65674603174604,127.0,185.73438011122016,60,5040
3_9_1,Adv,113.3209349593496,125.0,192.1223294279807,60,4920
3_9_1,Ele,112.24923076923076,129.0,189.1023758099352,60,3900
3_9_2,Adv,110.57150205761317,119.0,189.4843088857546,60,9720
3_9_2,Ele,116.98429752066116,129.0,192.84877384196184,60,7260
3_9_3,Adv,105.22085889570552,114.0,184.2752490720844,60,8965
3_9_3,Ele,108.9775296200463,118.0,186.09813953488373,60,7343
3_9_4,Adv,118.28306451612903,129.0,191.8940252943742,60,7440
3_9_4,Ele,116.68333333333334,133.0,189.87413073713492,60,4680
