text_id,level,mean_FirstPassGD,median_FirstPassGD,mean_nonzero_FirstPassGD,n_subjects,n_rows
1_10_1,Adv,213.03637713437269,189.0,213.03637713437269,60,2694
1_10_1,Ele,209.06869834710744,185.5,209.06869834710744,60,1936
1_10_2,Adv,217.35955056179776,192.0,217.35955056179776,60,2403
1_10_2,Ele,210.91792656587472,189.0,210.91792656587472,60,2315
1_10_3,Adv,218.8843537414966,191.0,218.8843537414966,60,2793
1_10_3,Ele,207.96060776589758,187.0,207.96060776589758,60,1777
1_10_4,Adv,221.72648599407879,192.0,221.72648599407879,60,4391
1_10_4,Ele,218.75007582650895,193.0,218.75007582650895,60,3297
1_10_5,Adv,223.34237929946354,197.0,223.34237929946354,60,3169
1_10_5,Ele,214.5846348670325,190.0,214.5846348670325,60,2369
1_10_6,Adv,217.15042892156862,194.0,217.15042892156862,60,3264
1_10_6,Ele,223.82173174872665,193.0,223.82173174872665,60,2356
1_10_7,Adv,208.99844382197324,185.0,208.99844382197324,60,3213
1_10_7,Ele,209.04498816101025,189.0,209.04498816101025,60,2534
1_1_1,Adv,221.281799729364,197.0,221.281799729364,60,2956
1_1_1,Ele,208.89696312364424,187.0,208.89696312364424,60,2766
1_1_2,Adv,215.68583752695903,191.0,215.68583752695903,60,2782
1_1_2,Ele,212.67001828153565,188.0,212.67001828153565,60,2188
1_1_3,Adv,224.43334819438252,190.0,224.43334819438252,60,2243
1_1_3,Ele,211.27396373056996,190.0,211.27396373056996,60,1544
1_1_4,Adv,225.12246553122466,197.0,225.12246553122466,60,2466
1_1_4,Ele,205.28372093023256,188.0,205.28372093023256,60,1720
1_1_5,Adv,211.4292817679558,183.5,211.4292817679558,60,1810
1_1_5,Ele,204.79490806223478,184.0,204.79490806223478,60,1414
1_1_6,Adv,212.31416772554002,189.0,212.31416772554002,60,3148
1_1_6,Ele,208.98666666666668,186.0,208.98666666666668,60,2100
1_1_7,Adv,206.4326744904262,184.0,206.4326744904262,60,3238
1_1_7,Ele,206.1124716553288,186.0,206.1124716553288,60,2205
1_2_1,Adv,225.29581993569133,196.0,225.29581993569133,60,3732
1_2_1,Ele,216.9373485635168,196.0,216.9373485635168,60,2889
1_2_2,Adv,220.60512091038407,193.0,220.60512091038407,60,3515
1_2_2,Ele,219.40899971338493,195.0,219.40899971338493,60,3489
1_2_3,Adv,217.61908783783784,194.0,217.61908783783784,60,3552
1_2_3,Ele,218.32407828857532,189.0,218.32407828857532,60,2197
1_2_4,Adv,211.54075104311545,191.0,211.54075104311545,60,3595
1_2_4,Ele,209.17812900469886,186.0,209.17812900469886,60,2341
1_2_5,Adv,213.0075138843515,191.0,213.0075138843515,60,3061
1_2_5,Ele,208.87487487487488,184.0,208.87487487487488,60,1998
1_2_6,Adv,228.83512352309344,200.0,228.83512352309344,60,1862
1_2_6,Ele,213.8173142467621,193.0,213.8173142467621,60,1467
1_3_1,Adv,218.83293211362542,194.0,218.83293211362542,60,2077
1_3_1,Ele,209.2937469704314,189.0,209.2937469704314,60,2063
1_3_2,Adv,223.25696316262355,199.0,223.25696316262355,60,2226
1_3_2,Ele,223.15783475783476,197.0,223.15783475783476,60,1755
1_3_3,Adv,216.57348066298343,190.0,216.57348066298343,60,2715
1_3_3,Ele,216.2880910683012,189.5,216.2880910683012,60,2284
1_3_4,Adv,222.59730848861284,197.0,222.59730848861284,60,2898
1_3_4,Ele,209.13517665130567,186.0,209.13517665130567,60,1953
1_3_5,Adv,221.71708752145133,194.0,221.71708752145133,60,4079
1_3_5,Ele,221.67508610792194,185.0,221.67508610792194,60,1742
1_4_1,Adv,215.24323647294588,193.0,215.24323647294588,60,3992
1_4_1,Ele,208.42663452847242,188.0,208.42663452847242,60,3319
1_4_2,Adv,223.05627807992434,196.0,223.05627807992434,60,4229
1_4_2,Ele,207.8541957067187,187.0,207.8541957067187,60,3587
1_4_3,Adv,229.3889081455806,196.0,229.3889081455806,60,2885
1_4_3,Ele,211.06512505899008,190.0,211.06512505899008,60,2119
1_4_4,Adv,217.62415784408086,190.0,217.62415784408086,60,4156
1_4_4,Ele,212.57246138678934,190.0,212.57246138678934,60,3043
1_4_5,Adv,214.30922477262885,190.0,214.30922477262885,60,2309
1_4_5,Ele,213.51732209737827,186.0,213.51732209737827,60,2136
1_5_1,Adv,215.9197598253275,191.0,215.9197598253275,60,1832
1_5_1,Ele,208.56070381231672,190.0,208.56070381231672,60,1705
1_5_2,Adv,214.7837972166998,188.0,214.7837972166998,60,4024
1_5_2,Ele,209.61041240128694,189.0,209.61041240128694,60,3419
1_5_3,Adv,226.52414641648724,201.0,226.52414641648724,60,3251
1_5_3,Ele,214.63275643731532,188.0,214.63275643731532,60,2369
1_5_4,Adv,223.52313687286897,197.0,223.52313687286897,60,4106
1_5_4,Ele,213.30115542303392,191.0,213.30115542303392,60,2683
1_5_5,Adv,226.70997566909975,199.0,226.70997566909975,60,2055
1_5_5,Ele,231.13061997160435,198.0,231.13061997160435,60,2113
1_6_1,Adv,219.80108877721943,191.0,219.80108877721943,60,2388
1_6_1,Ele,213.34697508896798,189.0,213.34697508896798,60,1686
1_6_2,Adv,214.67581475128645,190.0,214.67581475128645,60,2915
1_6_2,Ele,212.10221402214023,186.0,212.10221402214023,60,2710
1_6_3,Adv,219.7761922643635,188.0,219.7761922643635,60,2663
1_6_3,Ele,214.18856655290102,190.0,214.18856655290102,60,2344
1_6_4,Adv,214.36648044692737,193.0,214.36648044692737,60,2685
1_6_4,Ele,210.1929890689785,187.0,210.1929890689785,60,2653
1_7_1,Adv,212.3637573177222,190.0,212.3637573177222,60,3758
1_7_1,Ele,205.79635949943116,185.0,205.79635949943116,60,3516
1_7_2,Adv,206.06556312885428,188.0,206.06556312885428,60,3081
1_7_2,Ele,203.74005550416283,183.0,203.74005550416283,60,3243
1_7_3,Adv,211.9236641221374,186.0,211.9236641221374,60,4061
1_7_3,Ele,209.40301507537689,188.0,209.40301507537689,60,2985
1_7_4,Adv,210.97740720817643,187.0,210.97740720817643,60,3718
1_7_4,Ele,208.3162819713038,188.0,208.3162819713038,60,3206
1_8_1,Adv,204.79464285714286,184.0,204.79464285714286,60,3248
1_8_1,Ele,201.87081339712918,178.0,201.87081339712918,60,2926
1_8_2,Adv,222.72654016116454,192.0,222.72654016116454,60,3847
1_8_2,Ele,217.03578463558765,191.0,217.03578463558765,60,3046
1_8_3,Adv,209.50354237732878,186.0,209.50354237732878,60,3811
1_8_3,Ele,212.9100169779287,190.0,212.9100169779287,60,2945
1_8_4,Adv,218.00214649852427,189.0,218.00214649852427,60,3727
1_8_4,Ele,208.93899657924743,189.0,208.93899657924743,60,3508
1_8_5,Adv,218.83874665647687,196.0,218.83874665647687,60,2617
1_8_5,Ele,211.7876230661041,187.0,211.7876230661041,60,2133
1_9_1,Adv,206.19536842105262,186.0,206.19536842105262,60,2375
1_9_1,Ele,199.08329075114972,180.0,199.08329075114972,60,1957
1_9_2,Adv,219.32428621783575,190.0,219.32428621783575,60,2837
1_9_2,Ele,212.22822946760215,186.0,212.22822946760215,60,2423
1_9_3,Adv,214.4093851132686,183.0,214.4093851132686,60,1854
1_9_3,Ele,205.1484653818701,183.0,205.1484653818701,60,1401
1_9_4,Adv,213.01730257320318,190.0,213.01730257320318,60,2254
1_9_4,Ele,209.74444444444444,185.0,209.74444444444444,60,2250
1_9_5,Adv,214.8108964206525,190.0,214.8108964206525,60,3157
1_9_5,Ele,214.75563345017525,188.0,214.75563345017525,60,1997
1_9_6,Adv,209.16559865092748,186.0,209.16559865092748,60,2965
1_9_6,Ele,211.06383647798742,187.0,211.06383647798742,60,3180
2_10_1,Adv,213.19126213592233,185.0,213.19126213592233,60,3090
2_10_1,Ele,221.43430656934308,192.0,221.43430656934308,60,2740
2_10_2,Adv,208.69115815691157,186.0,208.69115815691157,60,3212
2_10_2,Ele,224.18577460214354,195.0,224.18577460214354,60,3079
2_10_3,Adv,231.22489705416535,198.0,231.22489705416535,60,3157
2_10_3,Ele,208.08856235107228,181.0,208.08856235107228,60,2518
2_10_4,Adv,243.1947494033413,203.0,243.1947494033413,60,4190
2_10_4,Ele,212.5744292237443,183.0,212.5744292237443,59,2190
2_1_1,Adv,222.47076023391813,197.0,222.47076023391813,60,3420
2_1_1,Ele,199.17579992644355,179.0,199.17579992644355,60,2719
2_1_2,Adv,226.71055825242718,195.0,226.71055825242718,60,3296
2_1_2,Ele,202.91346598796852,181.0,202.91346598796852,60,2161
2_1_3,Adv,201.87176423735565,182.0,201.87176423735565,60,2511
2_1_3,Ele,213.31702011963023,190.0,213.31702011963023,60,1839
2_1_4,Adv,195.32439607114415,178.0,195.32439607114415,60,3767
2_1_4,Ele,218.2077922077922,192.0,218.2077922077922,60,2464
2_1_5,Adv,208.3859343214182,187.0,208.3859343214182,60,3441
2_1_5,Ele,226.47245508982036,200.0,226.47245508982036,60,3340
2_1_6,Adv,230.17748704023697,198.0,230.17748704023697,60,4051
2_1_6,Ele,201.0952743902439,178.0,201.0952743902439,60,2624
2_2_1,Adv,204.52063150340868,180.0,204.52063150340868,60,2787
2_2_1,Ele,223.53544709654435,191.0,223.53544709654435,60,2807
2_2_2,Adv,208.53795093795094,183.0,208.53795093795094,60,3465
2_2_2,Ele,219.04488430443268,189.0,219.04488430443268,60,3587
2_2_3,Adv,211.16362916006338,187.0,211.16362916006338,60,2524
2_2_3,Ele,228.29871741828714,197.0,228.29871741828714,60,2417
2_2_4,Adv,239.16695059625212,203.0,239.16695059625212,60,1761
2_2_4,Ele,202.47345132743362,180.0,202.47345132743362,60,1356
2_2_5,Adv,227.04246170384306,196.0,227.04246170384306,59,3721
2_2_5,Ele,192.4953231292517,177.0,192.4953231292517,60,2352
2_2_6,Adv,221.08491379310345,191.0,221.08491379310345,60,2320
2_2_6,Ele,200.94426852438252,181.0,200.94426852438252,60,1579
2_3_1,Adv,203.9300218681662,182.0,203.9300218681662,60,3201
2_3_1,Ele,214.13191613278974,189.0,214.13191613278974,60,3434
2_3_2,Adv,208.05446740005365,185.0,208.05446740005365,60,3727
2_3_2,Ele,221.5819189470038,190.0,221.5819189470038,60,2887
2_3_3,Adv,220.79313099041534,192.0,220.79313099041534,60,3756
2_3_3,Ele,199.05091743119266,177.0,199.05091743119266,60,2180
2_3_4,Adv,216.91270319084887,191.0,216.91270319084887,60,3322
2_3_4,Ele,233.57835964574508,196.0,233.57835964574508,60,2597
2_4_1,Adv,223.33002705139765,194.0,223.33002705139765,60,2218
2_4_1,Ele,202.87321196358909,183.0,202.87321196358909,60,1538
2_4_2,Adv,262.41719492868464,205.0,262.41719492868464,60,2524
2_4_2,Ele,209.62618384401114,184.0,209.62618384401114,60,1795
2_4_3,Adv,227.1664864864865,196.0,227.1664864864865,60,2775
2_4_3,Ele,212.32091405861897,186.0,212.32091405861897,60,2013
2_4_4,Adv,246.44888237449615,199.0,246.44888237449615,60,2729
2_4_4,Ele,212.21043000914912,182.0,212.21043000914912,60,2186
2_4_5,Adv,217.2239845261122,179.0,217.2239845261122,60,2585
2_4_5,Ele,241.68253400143163,197.0,241.68253400143163,60,2794
2_4_6,Adv,206.4988358556461,180.0,206.4988358556461,60,1718
2_4_6,Ele,219.17421124828533,192.0,219.17421124828533,60,2187
2_4_7,Adv,236.82257561584035,200.0,236.82257561584035,60,3207
2_4_7,Ele,204.31383519837232,183.0,204.31383519837232,60,1966
2_5_1,Adv,202.74708549222797,183.0,202.74708549222797,60,3088
2_5_1,Ele,218.04113110539845,191.0,218.04113110539845,60,2723
2_5_2,Adv,209.46521739130435,188.0,209.46521739130435,60,3680
2_5_2,Ele,217.29489468047126,190.0,217.29489468047126,60,2801
2_5_3,Adv,231.54285714285714,196.0,231.54285714285714,60,1960
2_5_3,Ele,202.02280311457176,181.0,202.02280311457176,60,1798
2_5_4,Adv,206.92846094354215,183.0,206.92846094354215,60,2586
2_5_4,Ele,225.1915529010239,195.0,225.1915529010239,60,2344
2_5_5,Adv,224.22020854021847,197.0,224.22020854021847,60,4028
2_5_5,Ele,205.4013979031453,182.0,205.4013979031453,60,2003
2_6_1,Adv,207.36802363755746,183.0,207.36802363755746,60,3046
2_6_1,Ele,229.7191222570533,197.0,229.7191222570533,60,3190
2_6_2,Adv,235.38118609406953,195.0,235.38118609406953,60,2445
2_6_2,Ele,200.0692124105012,178.0,200.0692124105012,60,2095
2_6_3,Adv,208.84218362282877,187.0,208.84218362282877,60,2015
2_6_3,Ele,218.50193477059148,191.0,218.50193477059148,60,1809
2_6_4,Adv,225.68061555075593,192.5,225.68061555075593,60,3704
2_6_4,Ele,194.2825154835636,176.0,194.2825154835636,60,2099
2_7_1,Adv,222.59473684210528,193.0,222.59473684210528,60,2280
2_7_1,Ele,202.24411764705883,181.0,202.24411764705883,60,1700
2_7_2,Adv,216.4695405265875,190.0,216.4695405265875,60,3874
2_7_2,Ele,189.75896328293737,172.0,189.75896328293737,60,2315
2_7_3,Adv,197.39103690685414,177.0,197.39103690685414,60,2276
2_7_3,Ele,213.84381338742392,187.5,213.84381338742392,60,1972
2_7_4,Adv,190.92684711046087,177.0,190.92684711046087,60,2734
2_7_4,Ele,209.81173690429304,190.0,209.81173690429304,60,2539
2_7_5,Adv,224.01819599688068,193.0,224.01819599688068,60,3847
2_7_5,Ele,198.01581299415608,178.0,198.01581299415608,60,2909
2_7_6,Adv,192.22971360381862,176.0,192.22971360381862,60,3352
2_7_6,Ele,204.61668185961713,183.0,204.61668185961713,60,2194
2_8_1,Adv,201.960647135986,180.0,201.960647135986,60,2287
2_8_1,Ele,223.78949462793474,193.0,223.78949462793474,60,2513
2_8_2,Adv,205.46595509753405,182.0,205.46595509753405,60,2717
2_8_2,Ele,213.1040404040404,186.5,213.1040404040404,60,2970
2_8_3,Adv,223.40171258376768,189.0,223.40171258376768,60,2686
2_8_3,Ele,201.69448010269576,178.0,201.69448010269576,60,2337
2_8_4,Adv,223.7690271343481,196.0,223.7690271343481,60,3022
2_8_4,Ele,207.8798969072165,188.0,207.8798969072165,60,1940
2_8_5,Adv,201.92470655596907,177.0,201.92470655596907,60,3493
2_8_5,Ele,228.37781954887217,191.0,228.37781954887217,60,2660
2_8_6,Adv,203.3091068301226,181.0,203.3091068301226,60,2284
2_8_6,Ele,215.7660850599782,185.0,215.7660850599782,60,1834
2_9_1,Adv,233.8372549019608,198.0,233.8372549019608,60,3060
2_9_1,Ele,210.42915734526474,185.5,210.42915734526474,60,2682
2_9_2,Adv,231.28913219789132,196.0,231.28913219789132,60,2466
2_9_2,Ele,203.48958889482114,181.0,203.48958889482114,60,1873
2_9_3,Adv,236.103618849258,202.0,236.103618849258,60,3841
2_9_3,Ele,200.73333333333332,181.0,200.73333333333332,60,2655
2_9_4,Adv,215.09607951408063,190.0,215.09607951408063,60,3622
2_9_4,Ele,217.61615529117094,190.0,217.61615529117094,60,3194
2_9_5,Adv,238.4290928050052,204.0,238.4290928050052,60,3836
2_9_5,Ele,204.79553264604812,184.0,204.79553264604812,60,2910
2_9_6,Adv,213.85526315789474,190.0,213.85526315789474,60,2964
2_9_6,Ele,228.6691176470588,202.0,228.6691176470588,60,1496
3_10_1,Adv,212.15943661971832,186.0,212.15943661971832,60,1775
3_10_1,Ele,218.73288439955107,189.0,218.73288439955107,60,1782
3_10_2,Adv,205.6442526124489,183.0,205.6442526124489,60,2201
3_10_2,Ele,198.2446437468859,178.0,198.2446437468859,60,2007
3_10_3,Adv,206.77655354781842,180.0,206.77655354781842,60,2269
3_10_3,Ele,201.21466524973434,182.0,201.21466524973434,60,1882
3_10_4,Adv,211.7348556929908,188.0,211.7348556929908,60,3153
3_10_4,Ele,201.9685618729097,182.0,201.9685618729097,60,2990
3_10_5,Adv,196.45659259259259,179.0,196.45659259259259,60,3375
3_10_5,Ele,200.95808775376554,181.0,200.95808775376554,60,3054
3_10_6,Adv,197.19745222929936,179.0,197.19745222929936,60,1884
3_10_6,Ele,193.28778467908901,178.0,193.28778467908901,60,1932
3_1_1,Adv,221.77840755735494,193.0,221.77840755735494,60,3705
3_1_1,Ele,222.35255570117957,190.0,222.35255570117957,60,3052
3_1_2,Adv,221.7568784392196,191.0,221.7568784392196,60,1999
3_1_2,Ele,227.4423213021939,194.0,227.4423213021939,60,1413
3_1_3,Adv,214.26025408348457,188.0,214.26025408348457,60,2755
3_1_3,Ele,203.92894630601535,183.0,203.92894630601535,60,2477
3_1_4,Adv,223.69158345221112,191.0,223.69158345221112,60,3505
3_1_4,Ele,206.9946466809422,185.0,206.9946466809422,60,2802
3_1_5,Adv,221.0113314447592,191.0,221.0113314447592,60,3530
3_1_5,Ele,214.74132804757184,189.0,214.74132804757184,60,2018
3_2_1,Adv,214.80672554347825,189.0,214.80672554347825,60,2944
3_2_1,Ele,214.56494694474935,186.0,214.56494694474935,60,2733
3_2_2,Adv,237.97375954198472,205.0,237.97375954198472,60,2096
3_2_2,Ele,207.8065934065934,186.0,207.8065934065934,60,1820
3_2_3,Adv,226.15232774674115,194.0,226.15232774674115,60,2685
3_2_3,Ele,213.66715650257163,188.0,213.66715650257163,60,2722
3_2_4,Adv,214.66057838660578,185.0,214.66057838660578,60,2628
3_2_4,Ele,203.75333620318554,179.0,203.75333620318554,60,2323
3_2_5,Adv,216.42316448491746,191.0,216.42316448491746,60,3514
3_2_5,Ele,217.12368168744007,190.0,217.12368168744007,60,3129
3_3_1,Adv,225.6422295442065,197.0,225.6422295442065,60,3642
3_3_1,Ele,222.3066242406711,189.0,222.3066242406711,60,3457
3_3_2,Adv,222.126834997064,193.0,222.126834997064,60,3406
3_3_2,Ele,221.6291236254582,193.0,221.6291236254582,60,3001
3_3_3,Adv,221.54146634615384,191.0,221.54146634615384,60,3328
3_3_3,Ele,214.44182566404788,187.0,214.44182566404788,60,2673
3_3_4,Adv,232.25357251444208,195.0,232.25357251444208,60,3289
3_3_4,Ele,222.48214904679375,193.0,222.48214904679375,60,2885
3_3_5,Adv,219.91008089607965,192.0,219.91008089607965,60,3214
3_3_5,Ele,226.93733243967827,198.5,226.93733243967827,60,2984
3_4_1,Adv,218.2088587132234,189.0,218.2088587132234,60,3093
3_4_1,Ele,194.9910447761194,178.0,194.9910447761194,60,2010
3_4_2,Adv,213.62152326488172,188.0,213.62152326488172,60,3847
3_4_2,Ele,221.60341937646663,190.0,221.60341937646663,60,2983
3_4_3,Adv,213.99936061381075,188.5,213.99936061381075,60,3128
3_4_3,Ele,217.7719540229885,193.0,217.7719540229885,60,2175
3_4_4,Adv,218.37865344467642,192.0,218.37865344467642,60,3832
3_4_4,Ele,212.27179487179487,184.0,212.27179487179487,60,2535
3_4_5,Adv,211.7596195417207,187.0,211.7596195417207,60,2313
3_4_5,Ele,214.0611111111111,186.0,214.0611111111111,60,1980
3_5_1,Adv,224.7160012008406,193.0,224.7160012008406,60,3331
3_5_1,Ele,206.81213761113258,187.0,206.81213761113258,60,2587
3_5_2,Adv,211.83139534883722,186.0,211.83139534883722,60,3440
3_5_2,Ele,203.5112443778111,183.0,203.5112443778111,60,3335
3_5_3,Adv,214.80767676767678,192.0,214.80767676767678,60,2475
3_5_3,Ele,222.7487113402062,195.0,222.7487113402062,60,2328
3_5_4,Adv,213.8217468805704,186.0,213.8217468805704,60,3366
3_5_4,Ele,206.66696832579186,188.0,206.66696832579186,60,2210
3_6_1,Adv,214.32003572491814,186.0,214.32003572491814,60,3359
3_6_1,Ele,206.82496989160978,186.0,206.82496989160978,60,2491
3_6_2,Adv,202.22243107769424,182.5,202.22243107769424,60,1596
3_6_2,Ele,210.46336996336996,189.0,210.46336996336996,60,1638
3_6_3,Adv,226.78345388788426,196.5,226.78345388788426,60,2212
3_6_3,Ele,212.6520562770563,186.0,212.6520562770563,60,1848
3_6_4,Adv,226.23149835946043,197.0,226.23149835946043,60,2743
3_6_4,Ele,220.9971975712284,187.0,220.9971975712284,60,2141
3_6_5,Adv,224.36022566995769,194.0,224.36022566995769,60,3545
3_6_5,Ele,210.7689628482972,187.0,210.7689628482972,60,2584
3_6_6,Adv,209.92899940083882,187.0,209.92899940083882,60,3338
3_6_6,Ele,216.44076549210206,187.0,216.44076549210206,60,3292
3_6_7,Adv,216.92191707054388,188.0,216.92191707054388,60,1857
3_6_7,Ele,209.5591766723842,186.0,209.5591766723842,60,1749
3_7_1,Adv,228.7299819385912,199.0,228.7299819385912,60,3322
3_7_1,Ele,223.89102950030102,193.5,223.89102950030102,60,3322
3_7_2,Adv,212.46756667764242,189.0,212.46756667764242,60,3037
3_7_2,Ele,211.1064996084573,190.0,211.1064996084573,60,2554
3_7_3,Adv,222.57327344188658,194.0,222.57327344188658,60,3562
3_7_3,Ele,223.91464155528553,194.0,223.91464155528553,60,3292
3_7_4,Adv,230.02984218077475,200.0,230.02984218077475,60,3485
3_7_4,Ele,222.12847335730632,192.0,222.12847335730632,60,3059
3_7_5,Adv,227.67590822179733,192.0,227.67590822179733,60,3138
3_7_5,Ele,209.2354898336414,186.0,209.2354898336414,60,2705
3_7_6,Adv,211.83878915874692,190.0,211.83878915874692,60,2841
3_7_6,Ele,206.4587765957447,183.5,206.4587765957447,60,2256
3_7_7,Adv,211.1467576791809,187.0,211.1467576791809,60,3516
3_7_7,Ele,197.3752151462995,181.0,197.3752151462995,60,2905
3_8_1,Adv,222.49257142857144,190.0,222.49257142857144,60,3500
3_8_1,Ele,207.18851530034001,184.0,207.18851530034001,60,2647
3_8_2,Adv,229.7114835948645,196.0,229.7114835948645,60,2804
3_8_2,Ele,212.7003910068426,185.0,212.7003910068426,60,2046
3_8_3,Adv,203.79144786196548,181.0,203.79144786196548,60,2666
3_8_3,Ele,211.84435962680237,187.0,211.84435962680237,60,2358
3_8_4,Adv,209.3246454580299,182.0,209.3246454580299,60,2609
3_8_4,Ele,210.50711513583443,184.0,210.50711513583443,60,2319
3_8_5,Adv,218.75,192.0,218.75,60,2296
3_8_5,Ele,205.81993355481728,188.0,205.81993355481728,60,1505
3_8_6,Adv,224.16616110549376,188.0,224.16616110549376,60,2967
3_8_6,Ele,213.77106673161228,184.0,213.77106673161228,60,2053
3_9_1,Adv,218.23417721518987,195.0,218.23417721518987,60,2054
3_9_1,Ele,209.06306852637962,188.0,209.06306852637962,60,1649
3_9_2,Adv,212.1264337156575,190.0,212.1264337156575,60,3749
3_9_2,Ele,216.7398236092266,188.0,216.7398236092266,60,2948
3_9_3,Adv,204.35573818608748,184.0,204.35573818608748,60,3407
3_9_3,Ele,205.3446088794926,186.0,205.3446088794926,60,2838
3_9_4,Adv,215.62474012474013,189.0,215.62474012474013,60,2886
3_9_4,Ele,213.7798913043478,190.0,213.7798913043478,60,1840
