text_id,align_idx,level,SkipRateFirstPass,SkipRateTotal,n_subjects,n_rows
1_10_1,0,Adv,0.5438221462163317,0.39290294997862335,60,2339
1_10_1,0,Ele,0.545959595959596,0.37575757575757573,60,1980
1_10_1,1,Adv,0.5070175438596491,0.33596491228070174,60,1140
1_10_1,1,Ele,0.5956140350877193,0.41228070175438597,60,1140
1_10_1,2,Adv,0.5670731707317073,0.3991869918699187,60,2460
1_10_1,2,Ele,0.5428571428571428,0.38333333333333336,60,1260
1_10_2,3,Adv,0.41770833333333335,0.27708333333333335,60,960
1_10_2,3,Ele,0.5464912280701755,0.3298245614035088,60,1140
1_10_2,4,Adv,0.539080459770115,0.3425287356321839,60,1740
1_10_2,4,Ele,0.5724358974358974,0.3128205128205128,60,1560
1_10_2,5,Adv,0.6467948717948718,0.43974358974358974,60,1560
1_10_2,5,Ele,0.6273809523809524,0.44583333333333336,60,1680
1_10_2,6,Adv,0.5453703703703704,0.3907407407407407,60,1080
1_10_2,6,Ele,0.5324074074074074,0.3472222222222222,60,1080
1_10_3,7,Adv,0.5946078431372549,0.3607843137254902,60,4080
1_10_3,7,Ele,0.5868589743589744,0.39871794871794874,60,3120
1_10_3,8,Adv,0.5369918699186992,0.31585365853658537,60,2460
1_10_3,8,Ele,0.6126984126984127,0.4174603174603175,60,1260
1_10_4,9,Adv,0.5284313725490196,0.32745098039215687,60,2040
1_10_4,9,Ele,0.5046296296296297,0.362962962962963,60,1080
1_10_4,10,Adv,0.571505376344086,0.33602150537634407,60,1860
1_10_4,10,Ele,0.6057291666666667,0.39895833333333336,60,1920
1_10_4,11,Adv,0.5881944444444445,0.43194444444444446,60,1440
1_10_4,11,Ele,0.6314814814814815,0.4083333333333333,60,1080
1_10_4,12,Adv,0.5366666666666666,0.37958333333333333,60,2400
1_10_4,12,Ele,0.5641975308641975,0.39382716049382716,60,1620
1_10_4,13,Adv,0.5708333333333333,0.425462962962963,60,2160
1_10_4,13,Ele,0.5941441441441442,0.45225225225225224,60,2220
1_10_5,14,Adv,0.5049019607843137,0.3352941176470588,60,1020
1_10_5,14,Ele,0.484375,0.33958333333333335,60,960
1_10_5,15,Adv,0.5596491228070175,0.3350877192982456,60,1140
1_10_5,15,Ele,0.5621212121212121,0.37424242424242427,60,1320
1_10_5,16,Adv,0.5284946236559139,0.30752688172043013,60,1860
1_10_5,16,Ele,0.5395833333333333,0.36319444444444443,60,1440
1_10_5,17,Adv,0.5881410256410257,0.3798076923076923,60,3120
1_10_5,17,Ele,0.5942307692307692,0.4307692307692308,60,1560
1_10_6,18,Adv,0.5244047619047619,0.3345238095238095,60,1680
1_10_6,18,Ele,0.4766666666666667,0.3225,60,1200
1_10_6,19,Adv,0.6166666666666667,0.35698924731182796,60,1860
1_10_6,19,Ele,0.5797979797979798,0.38636363636363635,60,1980
1_10_6,20,Adv,0.5798245614035088,0.39035087719298245,60,1140
1_10_6,20,Ele,0.6064814814814815,0.43333333333333335,60,1080
1_10_6,21,Adv,0.5744444444444444,0.4177777777777778,60,900
1_10_6,22,Adv,0.6026315789473684,0.5008771929824561,60,1140
1_10_6,22,Ele,0.5868421052631579,0.47982456140350876,60,1140
1_10_6,23,Adv,0.5447916666666667,0.42083333333333334,60,960
1_10_7,24,Adv,0.5795238095238096,0.42428571428571427,60,2100
1_10_7,24,Ele,0.48055555555555557,0.30694444444444446,60,720
1_10_7,25,Adv,0.5932432432432433,0.3738738738738739,60,2220
1_10_7,25,Ele,0.596875,0.36822916666666666,60,1920
1_10_7,26,Adv,0.595,0.41833333333333333,60,1200
1_10_7,26,Ele,0.5958333333333333,0.4058333333333333,60,1200
1_10_7,27,Adv,0.6352713178294573,0.5038759689922481,60,2580
1_10_7,27,Ele,0.6245833333333334,0.5004166666666666,60,2400
1_1_1,28,Adv,0.575595238095238,0.4011904761904762,60,1680
1_1_1,28,Ele,0.5291666666666667,0.3840277777777778,60,1440
1_1_1,29,Adv,0.61,0.42533333333333334,60,1500
1_1_1,29,Ele,0.5888888888888889,0.40793650793650793,60,1260
1_1_1,30,Adv,0.5206666666666667,0.336,60,1500
1_1_1,30,Ele,0.5761904761904761,0.4375,60,1680
1_1_1,31,Adv,0.5397058823529411,0.38480392156862747,60,2040
1_1_1,31,Ele,0.5387096774193548,0.4161290322580645,60,1860
1_1_2,32,Adv,0.4577777777777778,0.33,60,900
1_1_2,33,Adv,0.603030303030303,0.42424242424242425,60,660
1_1_2,33,Ele,0.4696969696969697,0.3424242424242424,60,660
1_1_2,34,Adv,0.6228070175438597,0.4017543859649123,60,2280
1_1_2,34,Ele,0.6,0.3823809523809524,60,2100
1_1_2,35,Adv,0.6,0.46904761904761905,60,840
1_1_2,35,Ele,0.5488888888888889,0.38555555555555554,60,900
1_1_2,36,Adv,0.5931372549019608,0.5058823529411764,60,1020
1_1_2,36,Ele,0.5947368421052631,0.5035087719298246,60,1140
1_1_2,37,Adv,0.6101851851851852,0.5351851851851852,60,1080
1_1_2,37,Ele,0.5666666666666667,0.5333333333333333,60,300
1_1_3,38,Adv,0.5540650406504065,0.374390243902439,60,2460
1_1_3,38,Ele,0.5895833333333333,0.4320833333333333,60,2400
1_1_3,39,Adv,0.5589285714285714,0.35,60,1680
1_1_3,39,Ele,0.5833333333333334,0.396969696969697,60,660
1_1_3,40,Adv,0.6029411764705882,0.4568627450980392,60,1020
1_1_3,40,Ele,0.6055555555555555,0.425,60,720
1_1_4,41,Adv,0.478735632183908,0.3258620689655172,60,1740
1_1_4,41,Ele,0.5364197530864198,0.3648148148148148,60,1620
1_1_4,42,Adv,0.5902777777777778,0.3861111111111111,60,1440
1_1_4,42,Ele,0.5977272727272728,0.41439393939393937,60,1320
1_1_4,43,Adv,0.5429824561403509,0.3394736842105263,60,1140
1_1_4,43,Ele,0.5705882352941176,0.3892156862745098,60,1020
1_1_4,44,Adv,0.6070175438596491,0.45,60,1140
1_1_5,45,Adv,0.5104166666666666,0.390625,60,960
1_1_5,45,Ele,0.48125,0.35,60,960
1_1_5,46,Adv,0.6442028985507247,0.4985507246376812,60,1380
1_1_5,46,Ele,0.59,0.4166666666666667,60,900
1_1_5,47,Adv,0.6366666666666667,0.5233333333333333,60,600
1_1_5,48,Adv,0.5955128205128205,0.41923076923076924,60,1560
1_1_5,48,Ele,0.6036231884057971,0.4043478260869565,60,1380
1_1_6,49,Adv,0.525,0.3769230769230769,60,1560
1_1_6,50,Adv,0.6305555555555555,0.39814814814814814,60,1080
1_1_6,51,Adv,0.5472222222222223,0.3423611111111111,60,1440
1_1_6,51,Ele,0.4685897435897436,0.3269230769230769,60,1560
1_1_6,52,Adv,0.5735849056603773,0.4279874213836478,60,3180
1_1_6,52,Ele,0.584640522875817,0.4287581699346405,60,3060
1_1_7,53,Adv,0.48541666666666666,0.3145833333333333,60,480
1_1_7,53,Ele,0.45208333333333334,0.29375,60,480
1_1_7,54,Adv,0.6076923076923076,0.45,60,780
1_1_7,55,Adv,0.6958333333333333,0.48020833333333335,60,960
1_1_7,55,Ele,0.6354166666666666,0.4895833333333333,60,960
1_1_7,56,Adv,0.59375,0.390625,60,960
1_1_7,56,Ele,0.525,0.3592592592592593,60,1080
1_1_7,57,Adv,0.5675,0.34,60,1200
1_1_7,57,Ele,0.5816666666666667,0.3616666666666667,60,1200
1_1_7,58,Adv,0.5967948717948718,0.43974358974358974,60,1560
1_1_7,58,Ele,0.5993055555555555,0.48333333333333334,60,1440
1_1_7,59,Adv,0.5791666666666667,0.3020833333333333,60,960
1_1_7,60,Adv,0.6043859649122807,0.47017543859649125,60,1140
1_2_1,61,Adv,0.4311594202898551,0.3108695652173913,60,1380
1_2_1,61,Ele,0.4420289855072464,0.3079710144927536,60,1380
1_2_1,62,Adv,0.5385714285714286,0.32666666666666666,60,2100
1_2_1,62,Ele,0.5231884057971015,0.33768115942028987,60,1380
1_2_1,63,Adv,0.50625,0.353125,60,1920
1_2_1,63,Ele,0.5508771929824562,0.38859649122807016,60,1140
1_2_1,64,Adv,0.5708333333333333,0.45416666666666666,60,2400
1_2_1,64,Ele,0.5480952380952381,0.43952380952380954,60,2100
1_2_2,65,Adv,0.514102564102564,0.32564102564102565,60,780
1_2_2,65,Ele,0.54,0.35833333333333334,60,600
1_2_2,66,Adv,0.5401960784313725,0.40098039215686276,60,1020
1_2_2,66,Ele,0.5333333333333333,0.3678571428571429,60,840
1_2_2,67,Adv,0.5833333333333334,0.3904761904761905,60,840
1_2_2,67,Ele,0.5904761904761905,0.375,60,840
1_2_2,68,Adv,0.535,0.37444444444444447,60,1800
1_2_2,68,Ele,0.5515151515151515,0.3843434343434343,60,1980
1_2_2,69,Adv,0.47333333333333333,0.3075,60,1200
1_2_2,69,Ele,0.5268115942028986,0.3644927536231884,60,1380
1_2_2,70,Adv,0.5440860215053763,0.38548387096774195,60,1860
1_2_2,70,Ele,0.5125,0.38385416666666666,60,1920
1_2_3,71,Adv,0.4993827160493827,0.3358024691358025,60,1620
1_2_3,72,Adv,0.5774691358024692,0.3589506172839506,60,3240
1_2_3,72,Ele,0.5450757575757575,0.3215909090909091,60,2640
1_2_3,73,Adv,0.5523148148148148,0.37592592592592594,60,2160
1_2_3,73,Ele,0.5513513513513514,0.37657657657657656,60,2220
1_2_3,74,Adv,0.6785714285714286,0.6103174603174604,60,1260
1_2_4,75,Adv,0.5102150537634409,0.33225806451612905,60,1860
1_2_4,75,Ele,0.5083333333333333,0.3215277777777778,60,1440
1_2_4,76,Adv,0.5952380952380952,0.40595238095238095,60,1680
1_2_4,76,Ele,0.6351190476190476,0.42797619047619045,60,1680
1_2_4,77,Adv,0.5816666666666667,0.41583333333333333,60,1200
1_2_4,77,Ele,0.662962962962963,0.46111111111111114,60,540
1_2_4,78,Adv,0.5666666666666667,0.4125,60,480
1_2_4,78,Ele,0.6611111111111111,0.4537037037037037,60,540
1_2_4,79,Adv,0.555,0.45166666666666666,60,600
1_2_4,79,Ele,0.6833333333333333,0.48055555555555557,60,360
1_2_4,80,Adv,0.5952380952380952,0.44047619047619047,60,420
1_2_4,80,Ele,0.6166666666666667,0.4722222222222222,60,360
1_2_4,81,Adv,0.6337606837606837,0.5051282051282051,60,2340
1_2_4,81,Ele,0.6268518518518519,0.5157407407407407,60,1080
1_2_5,82,Adv,0.43425925925925923,0.2814814814814815,60,1080
1_2_5,82,Ele,0.48703703703703705,0.27870370370370373,60,1080
1_2_5,83,Adv,0.6241666666666666,0.3525,60,1200
1_2_5,83,Ele,0.6404761904761904,0.3341269841269841,60,1260
1_2_5,84,Adv,0.5625,0.38958333333333334,60,1440
1_2_5,84,Ele,0.6298245614035087,0.4,60,1140
1_2_5,85,Adv,0.5493333333333333,0.43133333333333335,60,1500
1_2_5,85,Ele,0.6206666666666667,0.4593333333333333,60,1500
1_2_5,86,Adv,0.5875,0.48333333333333334,60,1680
1_2_6,87,Adv,0.4935185185185185,0.3055555555555556,60,2160
1_2_6,87,Ele,0.4708333333333333,0.2925,60,1200
1_2_6,88,Adv,0.5858974358974359,0.38333333333333336,60,780
1_2_6,88,Ele,0.5705128205128205,0.36153846153846153,60,780
1_2_6,89,Adv,0.5879629629629629,0.425,60,1080
1_2_6,89,Ele,0.6686666666666666,0.536,60,1500
1_3_1,90,Adv,0.5811827956989247,0.4075268817204301,60,1860
1_3_1,90,Ele,0.5919540229885057,0.4264367816091954,60,1740
1_3_1,91,Adv,0.5,0.29791666666666666,60,960
1_3_1,91,Ele,0.5023809523809524,0.2845238095238095,60,840
1_3_1,92,Adv,0.5549019607843138,0.4,60,1020
1_3_1,92,Ele,0.6282051282051282,0.4724358974358974,60,1560
1_3_1,93,Adv,0.6431372549019608,0.5274509803921569,60,1020
1_3_1,93,Ele,0.6519607843137255,0.5490196078431373,60,1020
1_3_2,94,Adv,0.4696078431372549,0.3176470588235294,60,1020
1_3_2,94,Ele,0.5154761904761904,0.32857142857142857,60,840
1_3_2,95,Adv,0.5066666666666667,0.275,60,1200
1_3_2,95,Ele,0.5846666666666667,0.384,60,1500
1_3_2,96,Adv,0.5303030303030303,0.37803030303030305,60,1320
1_3_2,96,Ele,0.5516666666666666,0.3333333333333333,60,600
1_3_2,97,Adv,0.5362745098039216,0.37941176470588234,60,1020
1_3_2,97,Ele,0.525,0.35208333333333336,60,960
1_3_3,98,Adv,0.5205882352941177,0.33725490196078434,60,1020
1_3_3,98,Ele,0.49916666666666665,0.325,60,1200
1_3_3,99,Adv,0.5444444444444444,0.3388888888888889,60,180
1_3_3,99,Ele,0.5444444444444444,0.3611111111111111,60,180
1_3_3,100,Adv,0.5590909090909091,0.35909090909090907,60,660
1_3_3,100,Ele,0.5897435897435898,0.44871794871794873,60,780
1_3_3,101,Adv,0.6637254901960784,0.4676470588235294,60,1020
1_3_3,101,Ele,0.6041666666666666,0.45,60,240
1_3_3,102,Adv,0.5117647058823529,0.3088235294117647,60,1020
1_3_3,102,Ele,0.6616666666666666,0.48,60,600
1_3_3,103,Adv,0.5958333333333333,0.38333333333333336,60,240
1_3_3,103,Ele,0.7,0.4888888888888889,60,360
1_3_3,104,Adv,0.5865384615384616,0.44487179487179485,60,1560
1_3_3,104,Ele,0.6228395061728395,0.5061728395061729,60,1620
1_3_3,105,Adv,0.5909090909090909,0.39545454545454545,60,660
1_3_3,105,Ele,0.6333333333333333,0.5194444444444445,60,720
1_3_4,106,Adv,0.55,0.37028985507246376,60,1380
1_3_4,106,Ele,0.4357142857142857,0.3404761904761905,60,420
1_3_4,107,Adv,0.5772727272727273,0.3575757575757576,60,660
1_3_4,107,Ele,0.5904761904761905,0.4166666666666667,60,840
1_3_4,108,Adv,0.5935185185185186,0.39444444444444443,60,1080
1_3_4,108,Ele,0.6259259259259259,0.4148148148148148,60,1080
1_3_4,109,Adv,0.593859649122807,0.45789473684210524,60,1140
1_3_4,110,Adv,0.5650793650793651,0.4575396825396825,60,2520
1_3_4,110,Ele,0.5966666666666667,0.4529166666666667,60,2400
1_3_5,111,Adv,0.5216666666666666,0.31333333333333335,60,1200
1_3_5,112,Adv,0.5714285714285714,0.38095238095238093,60,1680
1_3_5,112,Ele,0.459375,0.3541666666666667,60,960
1_3_5,113,Adv,0.5154761904761904,0.31666666666666665,60,840
1_3_5,114,Adv,0.595578231292517,0.429421768707483,60,5880
1_3_5,114,Ele,0.6154088050314466,0.43018867924528303,60,3180
1_4_1,115,Adv,0.5590909090909091,0.4068181818181818,60,1320
1_4_1,115,Ele,0.5174603174603175,0.4103174603174603,60,1260
1_4_1,116,Adv,0.5969696969696969,0.4265151515151515,60,1320
1_4_1,116,Ele,0.6166666666666667,0.42142857142857143,60,1260
1_4_1,117,Adv,0.5680851063829787,0.37127659574468086,60,2820
1_4_1,117,Ele,0.5590909090909091,0.3611111111111111,60,1980
1_4_1,119,Adv,0.5677083333333334,0.4161458333333333,60,3840
1_4_1,119,Ele,0.5738993710691824,0.3937106918238994,60,3180
1_4_2,120,Adv,0.4935897435897436,0.3106837606837607,60,2340
1_4_2,120,Ele,0.5628571428571428,0.41333333333333333,60,2100
1_4_2,121,Adv,0.5933333333333334,0.35444444444444445,60,900
1_4_2,121,Ele,0.5877777777777777,0.36,60,900
1_4_2,122,Adv,0.5363636363636364,0.4101010101010101,60,1980
1_4_2,122,Ele,0.5801075268817204,0.4064516129032258,60,1860
1_4_2,123,Adv,0.6037037037037037,0.4777777777777778,60,1080
1_4_2,123,Ele,0.6547619047619048,0.4166666666666667,60,420
1_4_2,124,Adv,0.5803030303030303,0.4303030303030303,60,660
1_4_2,124,Ele,0.55,0.3696969696969697,60,660
1_4_2,125,Adv,0.5076923076923077,0.3576923076923077,60,780
1_4_2,125,Ele,0.5166666666666667,0.38076923076923075,60,780
1_4_2,126,Adv,0.6096491228070176,0.4728070175438597,60,1140
1_4_2,126,Ele,0.5666666666666667,0.4444444444444444,60,1080
1_4_2,127,Adv,0.6233333333333333,0.505,60,600
1_4_2,127,Ele,0.6515151515151515,0.4893939393939394,60,660
1_4_3,128,Adv,0.49912280701754386,0.33596491228070174,60,1140
1_4_3,128,Ele,0.47192982456140353,0.3140350877192982,60,1140
1_4_3,129,Adv,0.5598484848484848,0.3181818181818182,60,1320
1_4_3,129,Ele,0.6083333333333333,0.39666666666666667,60,1200
1_4_3,130,Adv,0.6077777777777778,0.3788888888888889,60,900
1_4_3,130,Ele,0.5681818181818182,0.39090909090909093,60,660
1_4_3,131,Adv,0.5698412698412698,0.3817460317460317,60,1260
1_4_3,131,Ele,0.6027777777777777,0.41388888888888886,60,1080
1_4_3,132,Adv,0.5183908045977011,0.3758620689655172,60,1740
1_4_3,132,Ele,0.6035714285714285,0.4738095238095238,60,840
1_4_4,133,Adv,0.5402777777777777,0.34791666666666665,60,1440
1_4_4,133,Ele,0.5436507936507936,0.35634920634920636,60,1260
1_4_4,134,Adv,0.6274509803921569,0.39509803921568626,60,1020
1_4_4,134,Ele,0.6401960784313725,0.4,60,1020
1_4_4,135,Adv,0.5166666666666667,0.25384615384615383,60,780
1_4_4,135,Ele,0.5652777777777778,0.30972222222222223,60,720
1_4_4,136,Adv,0.544047619047619,0.35,60,840
1_4_4,136,Ele,0.6515151515151515,0.42424242424242425,60,660
1_4_4,137,Adv,0.5125,0.3888888888888889,60,720
1_4_4,137,Ele,0.5888888888888889,0.4425925925925926,60,540
1_4_4,138,Adv,0.553921568627451,0.35637254901960785,60,2040
1_4_4,138,Ele,0.5863636363636363,0.39191919191919194,60,1980
1_4_4,139,Adv,0.5880952380952381,0.37857142857142856,60,840
1_4_4,139,Ele,0.6023809523809524,0.42857142857142855,60,420
1_4_4,140,Adv,0.5924242424242424,0.34393939393939393,60,660
1_4_4,140,Ele,0.5512820512820513,0.4512820512820513,60,780
1_4_4,141,Adv,0.6016666666666667,0.4675,60,1200
1_4_5,142,Adv,0.46862745098039216,0.3127450980392157,60,1020
1_4_5,142,Ele,0.5092592592592593,0.3453703703703704,60,1080
1_4_5,143,Adv,0.6106666666666667,0.43333333333333335,60,1500
1_4_5,143,Ele,0.6492753623188405,0.39565217391304347,60,1380
1_4_5,144,Adv,0.6006410256410256,0.3967948717948718,60,1560
1_4_5,144,Ele,0.6076388888888888,0.3729166666666667,60,1440
1_4_5,145,Adv,0.5333333333333333,0.35833333333333334,60,1200
1_4_5,145,Ele,0.557936507936508,0.3873015873015873,60,1260
1_5_1,146,Adv,0.5553571428571429,0.3732142857142857,60,1680
1_5_1,146,Ele,0.5568965517241379,0.4166666666666667,60,1740
1_5_1,147,Adv,0.5971014492753624,0.4405797101449275,60,1380
1_5_1,147,Ele,0.6257575757575757,0.4318181818181818,60,1320
1_5_1,148,Adv,0.5801587301587302,0.473015873015873,60,1260
1_5_1,148,Ele,0.5925925925925926,0.5055555555555555,60,1080
1_5_2,149,Adv,0.4780701754385965,0.3482456140350877,60,1140
1_5_2,149,Ele,0.49444444444444446,0.3712962962962963,60,1080
1_5_2,150,Adv,0.6077777777777778,0.41444444444444445,60,900
1_5_2,150,Ele,0.5375,0.4013888888888889,60,720
1_5_2,151,Adv,0.609375,0.45416666666666666,60,960
1_5_2,151,Ele,0.6147058823529412,0.4588235294117647,60,1020
1_5_2,152,Adv,0.5416666666666666,0.3486111111111111,60,1440
1_5_2,152,Ele,0.5746376811594203,0.38405797101449274,60,1380
1_5_2,153,Adv,0.5708333333333333,0.43333333333333335,60,3120
1_5_2,153,Ele,0.5833333333333334,0.4148936170212766,60,2820
1_5_2,154,Adv,0.5821428571428572,0.4773809523809524,60,1680
1_5_2,154,Ele,0.6225490196078431,0.5137254901960784,60,1020
1_5_3,155,Adv,0.5310810810810811,0.2959459459459459,60,2220
1_5_3,155,Ele,0.5101449275362319,0.36086956521739133,60,1380
1_5_3,156,Adv,0.5197916666666667,0.26145833333333335,60,960
1_5_3,156,Ele,0.592156862745098,0.40588235294117647,60,1020
1_5_3,157,Adv,0.5053763440860215,0.339247311827957,60,1860
1_5_3,157,Ele,0.5453125,0.35208333333333336,60,1920
1_5_3,158,Adv,0.5543010752688172,0.40376344086021504,60,1860
1_5_3,158,Ele,0.5511111111111111,0.39555555555555555,60,900
1_5_4,159,Adv,0.32916666666666666,0.17916666666666667,60,240
1_5_4,159,Ele,0.35,0.22916666666666666,60,240
1_5_4,160,Adv,0.5131578947368421,0.3175438596491228,60,1140
1_5_4,160,Ele,0.5743589743589743,0.382051282051282,60,780
1_5_4,161,Adv,0.6322916666666667,0.42604166666666665,60,960
1_5_4,162,Adv,0.625,0.2722222222222222,60,360
1_5_4,163,Adv,0.5459183673469388,0.3442176870748299,60,2940
1_5_4,163,Ele,0.6104761904761905,0.37952380952380954,60,2100
1_5_4,164,Adv,0.5318840579710145,0.29057971014492756,60,1380
1_5_4,164,Ele,0.5946969696969697,0.3477272727272727,60,1320
1_5_4,165,Adv,0.6064102564102564,0.46111111111111114,60,2340
1_5_4,165,Ele,0.6101851851851852,0.43287037037037035,60,2160
1_5_5,166,Adv,0.5376543209876543,0.3351851851851852,60,1620
1_5_5,166,Ele,0.4595238095238095,0.2833333333333333,60,1260
1_5_5,167,Adv,0.6137931034482759,0.35804597701149427,60,1740
1_5_5,167,Ele,0.5475308641975308,0.3308641975308642,60,1620
1_5_5,168,Adv,0.5773333333333334,0.43266666666666664,60,1500
1_5_5,168,Ele,0.4934782608695652,0.3572463768115942,60,1380
1_6_1,169,Adv,0.4909722222222222,0.38055555555555554,60,1440
1_6_1,169,Ele,0.5229166666666667,0.3888888888888889,60,1440
1_6_1,170,Adv,0.5692708333333333,0.38697916666666665,60,1920
1_6_1,170,Ele,0.5746666666666667,0.428,60,1500
1_6_1,171,Adv,0.54,0.39944444444444444,60,1800
1_6_1,171,Ele,0.4986111111111111,0.38472222222222224,60,720
1_6_2,172,Adv,0.4959770114942529,0.3005747126436782,60,1740
1_6_2,172,Ele,0.4855072463768116,0.27318840579710146,60,1380
1_6_2,173,Adv,0.559009009009009,0.3364864864864865,60,2220
1_6_2,173,Ele,0.592929292929293,0.35909090909090907,60,1980
1_6_2,174,Adv,0.5595238095238095,0.319047619047619,60,420
1_6_2,174,Ele,0.5516666666666666,0.35833333333333334,60,600
1_6_2,175,Adv,0.6591397849462366,0.5172043010752688,60,1860
1_6_2,175,Ele,0.6279569892473118,0.47258064516129034,60,1860
1_6_2,176,Adv,0.6,0.44666666666666666,60,600
1_6_2,176,Ele,0.6116666666666667,0.49666666666666665,60,600
1_6_3,177,Adv,0.5424242424242425,0.38484848484848483,60,1980
1_6_3,177,Ele,0.5461111111111111,0.35944444444444446,60,1800
1_6_3,178,Adv,0.6381944444444444,0.4354166666666667,60,1440
1_6_3,178,Ele,0.5891666666666666,0.3858333333333333,60,1200
1_6_3,179,Adv,0.5558333333333333,0.3566666666666667,60,1200
1_6_3,179,Ele,0.568939393939394,0.3522727272727273,60,1320
1_6_3,180,Adv,0.4905797101449275,0.3144927536231884,60,1380
1_6_3,180,Ele,0.5441176470588235,0.38333333333333336,60,1020
1_6_4,181,Adv,0.5125,0.37916666666666665,60,960
1_6_4,181,Ele,0.5659420289855073,0.4420289855072464,60,1380
1_6_4,182,Adv,0.5968253968253968,0.42857142857142855,60,1260
1_6_4,182,Ele,0.611904761904762,0.44841269841269843,60,1260
1_6_4,183,Adv,0.6140350877192983,0.42894736842105263,60,1140
1_6_4,183,Ele,0.5745098039215686,0.4470588235294118,60,1020
1_6_4,184,Adv,0.6061728395061728,0.4679012345679012,60,1620
1_6_4,184,Ele,0.5561403508771929,0.39473684210526316,60,1140
1_6_4,185,Adv,0.5427536231884058,0.41594202898550725,60,1380
1_6_4,185,Ele,0.5659722222222222,0.4479166666666667,60,1440
1_7_1,186,Adv,0.5738888888888889,0.45944444444444443,60,1800
1_7_1,186,Ele,0.532051282051282,0.4012820512820513,60,1560
1_7_1,187,Adv,0.5977777777777777,0.42277777777777775,60,1800
1_7_1,187,Ele,0.575,0.39166666666666666,60,1080
1_7_1,188,Adv,0.5945945945945946,0.48243243243243245,60,2220
1_7_1,188,Ele,0.6135416666666667,0.45260416666666664,60,1920
1_7_1,189,Adv,0.5561403508771929,0.46578947368421053,60,1140
1_7_1,189,Ele,0.5348484848484848,0.4356060606060606,60,1320
1_7_1,190,Adv,0.5688888888888889,0.41888888888888887,60,900
1_7_1,190,Ele,0.5479166666666667,0.37083333333333335,60,960
1_7_1,191,Adv,0.638095238095238,0.46904761904761905,60,420
1_7_1,191,Ele,0.6071428571428571,0.4666666666666667,60,420
1_7_1,192,Adv,0.655,0.5483333333333333,60,600
1_7_1,192,Ele,0.58,0.5016666666666667,60,600
1_7_1,193,Adv,0.525,0.37916666666666665,60,240
1_7_1,193,Ele,0.3333333333333333,0.3,60,180
1_7_2,194,Adv,0.6028571428571429,0.4257142857142857,60,2100
1_7_2,194,Ele,0.5820175438596491,0.43026315789473685,60,2280
1_7_2,195,Adv,0.6615942028985508,0.4666666666666667,60,1380
1_7_2,195,Ele,0.5791666666666667,0.41833333333333333,60,1200
1_7_2,196,Adv,0.5728395061728395,0.37777777777777777,60,1620
1_7_2,196,Ele,0.5806666666666667,0.38,60,1500
1_7_2,197,Adv,0.6326923076923077,0.48333333333333334,60,1560
1_7_2,197,Ele,0.5873333333333334,0.41733333333333333,60,1500
1_7_2,198,Adv,0.6268115942028986,0.4956521739130435,60,1380
1_7_2,198,Ele,0.5931818181818181,0.44242424242424244,60,1320
1_7_3,199,Adv,0.5027777777777778,0.3685185185185185,60,1080
1_7_3,199,Ele,0.5441176470588235,0.42549019607843136,60,1020
1_7_3,200,Adv,0.5984848484848485,0.47575757575757577,60,660
1_7_3,200,Ele,0.6229166666666667,0.4708333333333333,60,480
1_7_3,201,Adv,0.5166666666666667,0.2816666666666667,60,600
1_7_3,201,Ele,0.5983333333333334,0.36666666666666664,60,600
1_7_3,202,Adv,0.5304878048780488,0.3747967479674797,60,2460
1_7_3,202,Ele,0.6126126126126126,0.4261261261261261,60,2220
1_7_3,203,Adv,0.5333333333333333,0.391025641025641,60,780
1_7_3,203,Ele,0.5833333333333334,0.41833333333333333,60,600
1_7_3,204,Adv,0.5634408602150538,0.3951612903225806,60,1860
1_7_3,204,Ele,0.5873333333333334,0.41,60,1500
1_7_3,205,Adv,0.5569444444444445,0.34444444444444444,60,1440
1_7_3,205,Ele,0.5607142857142857,0.3869047619047619,60,840
1_7_4,206,Adv,0.5722222222222222,0.46458333333333335,60,1440
1_7_4,206,Ele,0.5650793650793651,0.4452380952380952,60,1260
1_7_4,207,Adv,0.5625,0.38333333333333336,60,480
1_7_4,208,Adv,0.649074074074074,0.44537037037037036,60,1080
1_7_4,208,Ele,0.6111111111111112,0.3638888888888889,60,1080
1_7_4,209,Adv,0.6316666666666667,0.4508333333333333,60,1200
1_7_4,209,Ele,0.645,0.45,60,1200
1_7_4,210,Adv,0.5909090909090909,0.4484848484848485,60,660
1_7_4,210,Ele,0.5981481481481481,0.4740740740740741,60,540
1_7_4,211,Adv,0.5666666666666667,0.346875,60,960
1_7_4,211,Ele,0.56875,0.375,60,960
1_7_4,212,Adv,0.6036458333333333,0.47760416666666666,60,1920
1_7_4,212,Ele,0.614367816091954,0.5132183908045977,60,1740
1_7_4,213,Adv,0.6148148148148148,0.4981481481481482,60,1620
1_7_4,213,Ele,0.5952380952380952,0.5095238095238095,60,1260
1_8_1,214,Adv,0.5837037037037037,0.45185185185185184,60,2700
1_8_1,214,Ele,0.6035087719298246,0.49298245614035086,60,2280
1_8_1,215,Adv,0.5956140350877193,0.4359649122807018,60,1140
1_8_1,215,Ele,0.6219298245614036,0.42719298245614035,60,1140
1_8_1,216,Adv,0.5473958333333333,0.3953125,60,1920
1_8_1,216,Ele,0.591025641025641,0.42264957264957265,60,2340
1_8_1,217,Adv,0.5864583333333333,0.4744791666666667,60,1920
1_8_1,217,Ele,0.5597222222222222,0.40694444444444444,60,1440
1_8_2,218,Adv,0.4925925925925926,0.3685185185185185,60,1080
1_8_2,218,Ele,0.5037037037037037,0.36203703703703705,60,1080
1_8_2,219,Adv,0.519298245614035,0.3307017543859649,60,1140
1_8_2,219,Ele,0.48627450980392156,0.28823529411764703,60,1020
1_8_2,220,Adv,0.5288617886178861,0.38902439024390245,60,2460
1_8_2,220,Ele,0.5818627450980393,0.4147058823529412,60,2040
1_8_2,221,Adv,0.4666666666666667,0.2857142857142857,60,840
1_8_2,222,Adv,0.5245614035087719,0.3131578947368421,60,1140
1_8_2,222,Ele,0.549074074074074,0.32407407407407407,60,1080
1_8_2,223,Adv,0.543939393939394,0.3643939393939394,60,1320
1_8_2,223,Ele,0.5513888888888889,0.37569444444444444,60,1440
1_8_3,224,Adv,0.5,0.38,60,1200
1_8_3,224,Ele,0.5083333333333333,0.3641666666666667,60,1200
1_8_3,225,Adv,0.6196078431372549,0.4681372549019608,60,2040
1_8_3,225,Ele,0.628921568627451,0.44509803921568625,60,2040
1_8_3,226,Adv,0.5796296296296296,0.3851851851851852,60,540
1_8_3,226,Ele,0.69375,0.47291666666666665,60,480
1_8_3,227,Adv,0.552020202020202,0.3994949494949495,60,1980
1_8_3,227,Ele,0.5628482972136223,0.45139318885448915,60,1615
1_8_3,228,Adv,0.6004504504504504,0.4445945945945946,60,2220
1_8_3,228,Ele,0.5718390804597702,0.46781609195402296,60,1740
1_8_3,229,Adv,0.5177777777777778,0.35444444444444445,60,900
1_8_4,230,Adv,0.5596899224806201,0.3755813953488372,60,2580
1_8_4,230,Ele,0.5658730158730159,0.41349206349206347,60,2520
1_8_4,231,Adv,0.548,0.312,60,1500
1_8_4,231,Ele,0.5694444444444444,0.37777777777777777,60,1800
1_8_4,232,Adv,0.585,0.4038888888888889,60,1800
1_8_4,232,Ele,0.5911111111111111,0.415,60,1800
1_8_4,233,Adv,0.548062015503876,0.42829457364341084,60,2580
1_8_4,233,Ele,0.5819444444444445,0.48333333333333334,60,2160
1_8_5,234,Adv,0.536,0.30466666666666664,60,1500
1_8_5,234,Ele,0.5363636363636364,0.3212121212121212,60,1320
1_8_5,235,Adv,0.5512820512820513,0.34102564102564104,60,2340
1_8_5,235,Ele,0.5777777777777777,0.32474747474747473,60,1980
1_8_5,236,Adv,0.5852380952380952,0.4542857142857143,60,2100
1_8_5,236,Ele,0.5771604938271605,0.44012345679012344,60,1620
1_9_1,237,Adv,0.5727272727272728,0.45606060606060606,60,1320
1_9_1,237,Ele,0.5483333333333333,0.43416666666666665,60,1200
1_9_1,238,Adv,0.5757936507936507,0.430952380952381,60,2520
1_9_1,238,Ele,0.5472222222222223,0.39111111111111113,60,1800
1_9_1,239,Adv,0.4847222222222222,0.3854166666666667,60,1440
1_9_1,239,Ele,0.5,0.38083333333333336,60,1200
1_9_2,240,Adv,0.565,0.37433333333333335,60,3000
1_9_2,240,Ele,0.5394059405940594,0.33584158415841586,60,2525
1_9_2,241,Adv,0.5371794871794872,0.28974358974358977,60,780
1_9_2,241,Ele,0.5621301775147929,0.3076923076923077,60,845
1_9_2,242,Adv,0.606140350877193,0.44035087719298244,60,1140
1_9_2,242,Ele,0.6620370370370371,0.48148148148148145,60,1080
1_9_2,243,Adv,0.5850574712643678,0.3741379310344828,60,1740
1_9_2,243,Ele,0.6022727272727273,0.37575757575757573,60,1320
1_9_3,244,Adv,0.5380952380952381,0.4238095238095238,60,840
1_9_3,244,Ele,0.5678571428571428,0.4119047619047619,60,840
1_9_3,245,Adv,0.6178571428571429,0.4380952380952381,60,840
1_9_3,245,Ele,0.6047619047619047,0.4583333333333333,60,840
1_9_3,246,Adv,0.5651960784313725,0.3715686274509804,60,2040
1_9_3,246,Ele,0.6301587301587301,0.4031746031746032,60,1260
1_9_3,247,Adv,0.5222222222222223,0.3277777777777778,60,540
1_9_3,247,Ele,0.5555555555555556,0.37037037037037035,60,540
1_9_4,248,Adv,0.5236111111111111,0.3888888888888889,60,720
1_9_4,248,Ele,0.525,0.40555555555555556,60,720
1_9_4,249,Adv,0.5743589743589743,0.38333333333333336,60,780
1_9_4,249,Ele,0.6282051282051282,0.4205128205128205,60,780
1_9_4,250,Adv,0.5772727272727273,0.325,60,1320
1_9_4,250,Ele,0.553623188405797,0.28405797101449276,60,1380
1_9_4,251,Adv,0.6647058823529411,0.4147058823529412,60,1020
1_9_4,251,Ele,0.6657407407407407,0.40185185185185185,60,1080
1_9_4,252,Adv,0.5473333333333333,0.374,60,1500
1_9_4,252,Ele,0.5726666666666667,0.37666666666666665,60,1500
1_9_5,253,Adv,0.5737373737373738,0.40050505050505053,60,1980
1_9_5,254,Adv,0.5356666666666666,0.36,60,3000
1_9_5,254,Ele,0.5329365079365079,0.33214285714285713,60,2520
1_9_5,255,Adv,0.5397435897435897,0.40897435897435896,60,780
1_9_5,255,Ele,0.5569444444444445,0.4,60,720
1_9_5,256,Adv,0.6104166666666667,0.5263888888888889,60,1440
1_9_5,256,Ele,0.6023809523809524,0.4849206349206349,60,1260
1_9_6,257,Adv,0.5119047619047619,0.38571428571428573,60,840
1_9_6,257,Ele,0.43214285714285716,0.34523809523809523,60,840
1_9_6,258,Adv,0.615625,0.4427083333333333,60,960
1_9_6,258,Ele,0.5969696969696969,0.42348484848484846,60,1320
1_9_6,259,Adv,0.5972222222222222,0.425,60,1080
1_9_6,259,Ele,0.5956140350877193,0.40614035087719297,60,1140
1_9_6,260,Adv,0.6208333333333333,0.39375,60,960
1_9_6,260,Ele,0.6125,0.4270833333333333,60,960
1_9_6,261,Adv,0.5266666666666666,0.35,60,300
1_9_6,261,Ele,0.5033333333333333,0.36666666666666664,60,300
1_9_6,262,Adv,0.6055555555555555,0.4469135802469136,60,1620
1_9_6,262,Ele,0.5944444444444444,0.42430555555555555,60,1440
1_9_6,263,Adv,0.6055555555555555,0.4222222222222222,60,180
1_9_6,263,Ele,0.43333333333333335,0.3333333333333333,60,180
1_9_6,264,Adv,0.5946969696969697,0.4946969696969697,60,1320
1_9_6,264,Ele,0.5808333333333333,0.4666666666666667,60,1200
2_10_1,265,Adv,0.6064102564102564,0.4935897435897436,60,780
2_10_1,266,Adv,0.6385802469135803,0.4783950617283951,60,3240
2_10_1,266,Ele,0.6013333333333334,0.4226666666666667,60,3000
2_10_1,267,Adv,0.5928571428571429,0.430952380952381,60,1680
2_10_1,267,Ele,0.5739130434782609,0.40797101449275364,60,1380
2_10_1,268,Adv,0.5929824561403508,0.425,60,2280
2_10_1,268,Ele,0.5020833333333333,0.3385416666666667,60,1920
2_10_2,269,Adv,0.4831730769230769,0.30288461538461536,60,1248
2_10_2,269,Ele,0.4395833333333333,0.23854166666666668,60,960
2_10_2,270,Adv,0.6259259259259259,0.43796296296296294,60,1080
2_10_2,270,Ele,0.6015151515151516,0.4318181818181818,60,660
2_10_2,271,Adv,0.5461538461538461,0.36025641025641025,60,780
2_10_2,271,Ele,0.6322916666666667,0.43854166666666666,60,960
2_10_2,272,Adv,0.6101449275362318,0.41195652173913044,60,2760
2_10_2,272,Ele,0.546969696969697,0.3409090909090909,60,2640
2_10_2,273,Adv,0.6182291666666667,0.48385416666666664,60,1920
2_10_2,273,Ele,0.5326923076923077,0.4012820512820513,60,1560
2_10_3,274,Adv,0.4880952380952381,0.3119047619047619,60,840
2_10_3,274,Ele,0.5297619047619048,0.3869047619047619,60,840
2_10_3,275,Adv,0.5592592592592592,0.3314814814814815,60,540
2_10_3,275,Ele,0.6092592592592593,0.3851851851851852,60,540
2_10_3,276,Adv,0.5181818181818182,0.3409090909090909,60,1320
2_10_3,276,Ele,0.5916666666666667,0.4116666666666667,60,1200
2_10_3,277,Adv,0.5904040404040404,0.40505050505050505,60,1980
2_10_3,277,Ele,0.6478494623655914,0.45698924731182794,60,1860
2_10_3,278,Adv,0.545,0.4066666666666667,60,600
2_10_3,278,Ele,0.5083333333333333,0.25,60,240
2_10_3,279,Adv,0.5580459770114943,0.4235632183908046,60,1740
2_10_3,279,Ele,0.6510752688172043,0.5338709677419354,60,1860
2_10_4,280,Adv,0.5270833333333333,0.33125,60,2400
2_10_4,280,Ele,0.5712322491983509,0.3692166743014201,59,2183
2_10_4,281,Adv,0.5627450980392157,0.35490196078431374,60,1020
2_10_4,281,Ele,0.6150121065375302,0.4188861985472155,59,413
2_10_4,282,Adv,0.5037037037037037,0.32037037037037036,60,540
2_10_4,282,Ele,0.5205811138014528,0.2929782082324455,59,413
2_10_4,283,Adv,0.5277777777777778,0.37936507936507935,60,1260
2_10_4,283,Ele,0.5208012326656395,0.37442218798151,59,649
2_10_4,284,Adv,0.561965811965812,0.4017094017094017,60,2340
2_10_4,285,Adv,0.5378205128205128,0.43653846153846154,60,1560
2_10_4,285,Ele,0.6027118644067797,0.44949152542372883,59,1475
2_1_1,286,Adv,0.5147540983606558,0.3396174863387978,60,3660
2_1_1,286,Ele,0.5652046783625732,0.40906432748538013,60,3420
2_1_1,287,Adv,0.5224806201550387,0.3422480620155039,60,2580
2_1_1,287,Ele,0.5819047619047619,0.40095238095238095,60,2100
2_1_1,288,Adv,0.5095238095238095,0.36666666666666664,60,840
2_1_1,288,Ele,0.5785714285714286,0.45476190476190476,60,840
2_1_2,289,Adv,0.5302083333333333,0.37916666666666665,60,1920
2_1_2,289,Ele,0.6161458333333333,0.45364583333333336,60,1920
2_1_2,290,Adv,0.5607142857142857,0.3101190476190476,60,1680
2_1_2,290,Ele,0.5938271604938271,0.3574074074074074,60,1620
2_1_2,291,Adv,0.6208333333333333,0.44305555555555554,60,720
2_1_2,291,Ele,0.6791666666666667,0.4736111111111111,60,720
2_1_2,292,Adv,0.5855555555555556,0.4494444444444444,60,1800
2_1_2,292,Ele,0.5566666666666666,0.38333333333333336,60,300
2_1_2,293,Adv,0.6067901234567902,0.43333333333333335,60,1620
2_1_2,293,Ele,0.6473684210526316,0.44035087719298244,60,1140
2_1_3,294,Adv,0.55,0.37575757575757573,60,660
2_1_3,294,Ele,0.46805555555555556,0.33194444444444443,60,720
2_1_3,295,Adv,0.6054166666666667,0.4075,60,2400
2_1_3,295,Ele,0.5935897435897436,0.38076923076923075,60,1560
2_1_3,296,Adv,0.6287878787878788,0.45984848484848484,60,1320
2_1_3,297,Adv,0.6075757575757575,0.4727272727272727,60,1980
2_1_3,297,Ele,0.5970588235294118,0.43529411764705883,60,2040
2_1_4,298,Adv,0.5210144927536232,0.391304347826087,60,1380
2_1_4,298,Ele,0.3541666666666667,0.2520833333333333,60,480
2_1_4,299,Adv,0.6095238095238096,0.4722222222222222,60,1260
2_1_4,299,Ele,0.5783333333333334,0.4275,60,1200
2_1_4,300,Adv,0.64375,0.44375,60,480
2_1_4,300,Ele,0.6354166666666666,0.4270833333333333,60,480
2_1_4,301,Adv,0.6555555555555556,0.46296296296296297,60,540
2_1_4,302,Adv,0.625,0.5055555555555555,60,360
2_1_4,303,Adv,0.6712962962962963,0.5361111111111111,60,1080
2_1_4,304,Adv,0.5468253968253968,0.43412698412698414,60,1260
2_1_4,304,Ele,0.5863636363636363,0.4159090909090909,60,1320
2_1_4,305,Adv,0.6621468926553672,0.5361581920903955,60,3540
2_1_4,305,Ele,0.5824324324324325,0.45990990990990993,60,2220
2_1_5,306,Adv,0.5950450450450451,0.43963963963963965,60,2220
2_1_5,306,Ele,0.5413978494623656,0.38333333333333336,60,1860
2_1_5,307,Adv,0.5724885844748858,0.3658675799086758,60,1752
2_1_5,307,Ele,0.5307692307692308,0.3211538461538462,60,1560
2_1_5,308,Adv,0.5122222222222222,0.37222222222222223,60,900
2_1_5,308,Ele,0.44666666666666666,0.2633333333333333,60,600
2_1_5,309,Adv,0.6166666666666667,0.45606060606060606,60,1320
2_1_5,309,Ele,0.5342592592592592,0.36574074074074076,60,1080
2_1_5,310,Adv,0.6106060606060606,0.396969696969697,60,1320
2_1_5,310,Ele,0.5896825396825397,0.35634920634920636,60,1260
2_1_5,311,Adv,0.6520833333333333,0.46875,60,960
2_1_5,311,Ele,0.5802083333333333,0.4270833333333333,60,960
2_1_6,312,Adv,0.46066666666666667,0.27266666666666667,60,1500
2_1_6,312,Ele,0.5576388888888889,0.30416666666666664,60,1440
2_1_6,313,Adv,0.4774509803921569,0.3122549019607843,60,2040
2_1_6,313,Ele,0.5178571428571429,0.34523809523809523,60,840
2_1_6,314,Adv,0.5962962962962963,0.46296296296296297,60,1080
2_1_6,314,Ele,0.65,0.5055555555555555,60,360
2_1_6,315,Adv,0.51625,0.3625,60,2400
2_1_6,315,Ele,0.5895833333333333,0.4058333333333333,60,2400
2_1_6,316,Adv,0.5613636363636364,0.3984848484848485,60,1320
2_1_6,316,Ele,0.5638888888888889,0.40185185185185185,60,1080
2_2_1,317,Adv,0.26666666666666666,0.14583333333333334,60,240
2_2_1,317,Ele,0.16666666666666666,0.08888888888888889,60,180
2_2_1,318,Adv,0.6205882352941177,0.4068627450980392,60,1020
2_2_1,318,Ele,0.5427083333333333,0.403125,60,960
2_2_1,319,Adv,0.42777777777777776,0.2777777777777778,60,180
2_2_1,319,Ele,0.44166666666666665,0.3333333333333333,60,240
2_2_1,320,Adv,0.6008333333333333,0.43083333333333335,60,1200
2_2_1,320,Ele,0.628125,0.39791666666666664,60,960
2_2_1,321,Adv,0.67,0.43,60,300
2_2_1,321,Ele,0.662962962962963,0.4444444444444444,60,540
2_2_1,322,Adv,0.5666666666666667,0.39444444444444443,60,540
2_2_1,322,Ele,0.6020833333333333,0.40625,60,480
2_2_1,323,Adv,0.6285714285714286,0.530952380952381,60,420
2_2_1,323,Ele,0.6,0.4261904761904762,60,420
2_2_1,324,Adv,0.6350877192982456,0.4421052631578947,60,1140
2_2_1,324,Ele,0.496875,0.35520833333333335,60,960
2_2_1,325,Adv,0.5450617283950617,0.42407407407407405,60,1620
2_2_1,325,Ele,0.5660493827160494,0.4111111111111111,60,1620
2_2_2,326,Adv,0.5617283950617284,0.4154320987654321,60,1620
2_2_2,326,Ele,0.4666666666666667,0.325,60,840
2_2_2,327,Adv,0.5924242424242424,0.4318181818181818,60,660
2_2_2,327,Ele,0.62,0.39111111111111113,60,900
2_2_2,328,Adv,0.5819444444444445,0.4041666666666667,60,720
2_2_2,328,Ele,0.5987179487179487,0.3782051282051282,60,780
2_2_2,329,Adv,0.6631578947368421,0.44649122807017544,60,1140
2_2_2,329,Ele,0.5991228070175438,0.40087719298245617,60,1140
2_2_2,330,Adv,0.6075757575757575,0.3575757575757576,60,660
2_2_2,330,Ele,0.5615384615384615,0.31794871794871793,60,780
2_2_2,331,Adv,0.6393939393939394,0.4303030303030303,60,660
2_2_2,331,Ele,0.5983333333333334,0.41833333333333333,60,600
2_2_2,332,Adv,0.6611111111111111,0.47638888888888886,60,720
2_2_2,332,Ele,0.48787878787878786,0.3287878787878788,60,660
2_2_2,333,Adv,0.6466666666666666,0.4856666666666667,60,3000
2_2_2,333,Ele,0.5992753623188406,0.44166666666666665,60,2760
2_2_3,334,Adv,0.4166666666666667,0.22916666666666666,60,240
2_2_3,335,Adv,0.5833333333333334,0.345679012345679,60,1620
2_2_3,335,Ele,0.47246376811594204,0.2492753623188406,60,1380
2_2_3,336,Adv,0.4533333333333333,0.23333333333333334,60,300
2_2_3,336,Ele,0.38333333333333336,0.18,60,300
2_2_3,337,Adv,0.646875,0.46875,60,960
2_2_3,337,Ele,0.5656862745098039,0.3431372549019608,60,1020
2_2_3,338,Adv,0.6182539682539683,0.3817460317460317,60,1260
2_2_3,338,Ele,0.5787878787878787,0.353030303030303,60,1320
2_2_3,339,Adv,0.5833333333333334,0.4160919540229885,60,1740
2_2_3,339,Ele,0.5570175438596491,0.3763157894736842,60,1140
2_2_4,340,Adv,0.355,0.20333333333333334,60,600
2_2_4,340,Ele,0.4738095238095238,0.2571428571428571,60,840
2_2_4,341,Adv,0.4119047619047619,0.19523809523809524,60,420
2_2_4,341,Ele,0.5854166666666667,0.3458333333333333,60,480
2_2_4,342,Adv,0.5183760683760684,0.294017094017094,60,2340
2_2_4,342,Ele,0.5744047619047619,0.39226190476190476,60,1680
2_2_5,343,Adv,0.4406779661016949,0.3075060532687651,59,826
2_2_5,343,Ele,0.5243589743589744,0.33076923076923076,60,780
2_2_5,344,Adv,0.557909604519774,0.3050847457627119,59,708
2_2_5,344,Ele,0.6138888888888889,0.37222222222222223,60,720
2_2_5,345,Adv,0.620527306967985,0.3709981167608286,59,1062
2_2_5,345,Ele,0.6491666666666667,0.3958333333333333,60,1200
2_2_5,346,Adv,0.5898305084745763,0.4194915254237288,59,1180
2_2_5,347,Adv,0.4745762711864407,0.2669491525423729,59,236
2_2_5,347,Ele,0.7166666666666667,0.4925925925925926,60,540
2_2_5,348,Adv,0.5423728813559322,0.2966101694915254,59,354
2_2_5,348,Ele,0.7277777777777777,0.5208333333333334,60,720
2_2_5,349,Adv,0.5457627118644067,0.3135593220338983,59,590
2_2_5,349,Ele,0.6016666666666667,0.3933333333333333,60,600
2_2_5,350,Adv,0.5734463276836158,0.4025423728813559,59,708
2_2_5,351,Adv,0.6257062146892656,0.4251412429378531,59,708
2_2_5,352,Adv,0.5706214689265536,0.3728813559322034,59,177
2_2_5,353,Adv,0.519774011299435,0.31412429378531076,59,885
2_2_5,353,Ele,0.6033333333333334,0.4266666666666667,60,900
2_2_5,354,Adv,0.5370762711864406,0.3781779661016949,59,944
2_2_5,354,Ele,0.6489583333333333,0.45625,60,960
2_2_6,355,Adv,0.4256410256410256,0.2833333333333333,60,780
2_2_6,355,Ele,0.44375,0.22083333333333333,60,480
2_2_6,356,Adv,0.5180555555555556,0.3277777777777778,60,720
2_2_6,356,Ele,0.5916666666666667,0.4041666666666667,60,480
2_2_6,357,Adv,0.5397435897435897,0.34615384615384615,60,780
2_2_6,357,Ele,0.6525641025641026,0.4064102564102564,60,780
2_2_6,358,Adv,0.5952380952380952,0.3952380952380952,60,420
2_2_6,358,Ele,0.6805555555555556,0.4777777777777778,60,360
2_2_6,359,Adv,0.625,0.4527777777777778,60,1080
2_2_6,359,Ele,0.6538461538461539,0.4166666666666667,60,780
2_2_6,360,Adv,0.5371794871794872,0.3525641025641026,60,780
2_2_6,360,Ele,0.6166666666666667,0.3871794871794872,60,780
2_2_6,361,Adv,0.5208333333333334,0.4479166666666667,60,480
2_2_6,361,Ele,0.6645833333333333,0.5270833333333333,60,480
2_3_1,362,Adv,0.5192307692307693,0.4205128205128205,60,780
2_3_1,362,Ele,0.441025641025641,0.34615384615384615,60,780
2_3_1,363,Adv,0.6134146341463415,0.416260162601626,60,2460
2_3_1,363,Ele,0.55125,0.36083333333333334,60,2400
2_3_1,364,Adv,0.5845679012345679,0.3950617283950617,60,1620
2_3_1,364,Ele,0.6016129032258064,0.4,60,1860
2_3_1,365,Adv,0.6388888888888888,0.5055555555555555,60,540
2_3_1,366,Adv,0.60625,0.475,60,1440
2_3_1,366,Ele,0.5993055555555555,0.41458333333333336,60,1440
2_3_1,367,Adv,0.6507936507936508,0.5261904761904762,60,1260
2_3_1,367,Ele,0.5431818181818182,0.42424242424242425,60,1320
2_3_2,368,Adv,0.567741935483871,0.41559139784946236,60,1860
2_3_2,368,Ele,0.5091397849462366,0.3774193548387097,60,1860
2_3_2,369,Adv,0.6425925925925926,0.43333333333333335,60,540
2_3_2,370,Adv,0.6376811594202898,0.4492753623188406,60,1380
2_3_2,370,Ele,0.6,0.40606060606060607,60,660
2_3_2,371,Adv,0.6087719298245614,0.42543859649122806,60,1140
2_3_2,371,Ele,0.6166666666666667,0.3466666666666667,60,900
2_3_2,372,Adv,0.5166666666666667,0.37222222222222223,60,1440
2_3_2,372,Ele,0.5638888888888889,0.3736111111111111,60,720
2_3_2,373,Adv,0.5577235772357724,0.40528455284552845,60,2460
2_3_2,373,Ele,0.49952380952380954,0.35095238095238096,60,2100
2_3_3,374,Adv,0.5328125,0.34375,60,1920
2_3_3,374,Ele,0.5802469135802469,0.37160493827160496,60,1620
2_3_3,375,Adv,0.6023809523809524,0.3119047619047619,60,2100
2_3_3,375,Ele,0.5938888888888889,0.35777777777777775,60,1800
2_3_3,376,Adv,0.555,0.3022222222222222,60,1800
2_3_3,377,Adv,0.6069444444444444,0.40555555555555556,60,720
2_3_3,378,Adv,0.6439393939393939,0.5071969696969697,60,2640
2_3_3,378,Ele,0.6536036036036036,0.5175675675675676,60,2220
2_3_4,379,Adv,0.5342105263157895,0.35,60,1140
2_3_4,379,Ele,0.4935185185185185,0.3351851851851852,60,1080
2_3_4,380,Adv,0.5990196078431372,0.40784313725490196,60,2040
2_3_4,380,Ele,0.49,0.2811111111111111,60,900
2_3_4,381,Adv,0.5521739130434783,0.3826086956521739,60,1380
2_3_4,381,Ele,0.5489583333333333,0.3177083333333333,60,960
2_3_4,382,Adv,0.6037037037037037,0.42962962962962964,60,1080
2_3_4,382,Ele,0.5551282051282052,0.41923076923076924,60,780
2_3_4,383,Adv,0.6066666666666667,0.4216666666666667,60,600
2_3_4,383,Ele,0.5388888888888889,0.41388888888888886,60,720
2_3_4,384,Adv,0.6811594202898551,0.572463768115942,60,1380
2_3_4,384,Ele,0.5798245614035088,0.5052631578947369,60,1140
2_3_4,385,Adv,0.6513888888888889,0.5277777777777778,60,720
2_4_1,386,Adv,0.572514619883041,0.3950292397660819,60,3420
2_4_1,386,Ele,0.607516339869281,0.42810457516339867,60,3060
2_4_1,387,Adv,0.496,0.35933333333333334,60,1500
2_4_1,387,Ele,0.5988095238095238,0.4738095238095238,60,840
2_4_2,388,Adv,0.45,0.30142857142857143,60,2100
2_4_2,388,Ele,0.5106060606060606,0.3414141414141414,60,1980
2_4_2,389,Adv,0.5439814814814815,0.3851851851851852,60,2160
2_4_2,389,Ele,0.64375,0.4361111111111111,60,1440
2_4_2,390,Adv,0.5428571428571428,0.4154761904761905,60,840
2_4_2,390,Ele,0.5987179487179487,0.4307692307692308,60,780
2_4_3,391,Adv,0.5144736842105263,0.3118421052631579,60,2280
2_4_3,391,Ele,0.5655913978494623,0.3467741935483871,60,1860
2_4_3,392,Adv,0.5693548387096774,0.3150537634408602,60,1860
2_4_3,392,Ele,0.6020833333333333,0.37083333333333335,60,960
2_4_3,393,Adv,0.5794871794871795,0.35,60,780
2_4_3,393,Ele,0.5897435897435898,0.38461538461538464,60,780
2_4_3,394,Adv,0.5271929824561403,0.36140350877192984,60,1140
2_4_3,394,Ele,0.5587719298245614,0.387719298245614,60,1140
2_4_4,395,Adv,0.49166666666666664,0.33541666666666664,60,2400
2_4_4,395,Ele,0.540530303030303,0.3321969696969697,60,2640
2_4_4,396,Adv,0.5277777777777778,0.36736111111111114,60,1440
2_4_4,396,Ele,0.5977272727272728,0.3416666666666667,60,1320
2_4_4,397,Adv,0.5394444444444444,0.4161111111111111,60,1800
2_4_4,397,Ele,0.612280701754386,0.43508771929824563,60,1140
2_4_5,398,Adv,0.5476190476190477,0.35119047619047616,60,1680
2_4_5,398,Ele,0.4185897435897436,0.3076923076923077,60,1560
2_4_5,399,Adv,0.6520833333333333,0.4201388888888889,60,1440
2_4_5,399,Ele,0.5020833333333333,0.396875,60,960
2_4_5,400,Adv,0.5754901960784313,0.35,60,1020
2_4_5,400,Ele,0.46190476190476193,0.28095238095238095,60,420
2_4_5,401,Adv,0.6444444444444445,0.5006944444444444,60,1440
2_4_5,401,Ele,0.5608974358974359,0.441025641025641,60,1560
2_4_5,402,Adv,0.5788888888888889,0.4122222222222222,60,900
2_4_5,402,Ele,0.5388888888888889,0.37037037037037035,60,1080
2_4_6,403,Adv,0.4935897435897436,0.358974358974359,60,780
2_4_6,403,Ele,0.5259259259259259,0.3638888888888889,60,1080
2_4_6,404,Adv,0.6185185185185185,0.39814814814814814,60,1080
2_4_6,404,Ele,0.5558333333333333,0.36916666666666664,60,1200
2_4_6,405,Adv,0.5981481481481481,0.40370370370370373,60,540
2_4_6,405,Ele,0.5652777777777778,0.37222222222222223,60,720
2_4_6,406,Adv,0.571604938271605,0.37469135802469133,60,1620
2_4_6,406,Ele,0.5394444444444444,0.30777777777777776,60,1800
2_4_7,407,Adv,0.444047619047619,0.24821428571428572,60,1680
2_4_7,407,Ele,0.5375,0.32321428571428573,60,1680
2_4_7,408,Adv,0.5333333333333333,0.37142857142857144,60,1260
2_4_7,408,Ele,0.625,0.3972222222222222,60,1080
2_4_7,409,Adv,0.5401960784313725,0.3764705882352941,60,1020
2_4_7,409,Ele,0.6583333333333333,0.46041666666666664,60,480
2_4_7,410,Adv,0.6129629629629629,0.48333333333333334,60,1080
2_4_7,411,Adv,0.5709677419354838,0.443010752688172,60,1860
2_4_7,411,Ele,0.6309523809523809,0.5154761904761904,60,1680
2_5_1,412,Adv,0.5438271604938272,0.4271604938271605,60,1620
2_5_1,412,Ele,0.5173611111111112,0.40902777777777777,60,1440
2_5_1,413,Adv,0.5968253968253968,0.43412698412698414,60,1260
2_5_1,414,Adv,0.5833333333333334,0.4380952380952381,60,420
2_5_1,415,Adv,0.6347222222222222,0.4439814814814815,60,2160
2_5_1,415,Ele,0.5527027027027027,0.3810810810810811,60,2220
2_5_1,416,Adv,0.6153508771929824,0.43464912280701756,60,2280
2_5_1,416,Ele,0.5460526315789473,0.3912280701754386,60,2280
2_5_2,417,Adv,0.6339080459770114,0.4614942528735632,60,1740
2_5_2,417,Ele,0.58125,0.43472222222222223,60,1440
2_5_2,418,Adv,0.646875,0.51875,60,960
2_5_2,418,Ele,0.6370370370370371,0.4685185185185185,60,540
2_5_2,419,Adv,0.6190476190476191,0.4369047619047619,60,840
2_5_2,420,Adv,0.6338541666666667,0.4348958333333333,60,1920
2_5_2,420,Ele,0.5786458333333333,0.3932291666666667,60,1920
2_5_2,421,Adv,0.5551282051282052,0.32051282051282054,60,1560
2_5_2,422,Adv,0.6190476190476191,0.4523809523809524,60,840
2_5_2,422,Ele,0.569047619047619,0.4357142857142857,60,840
2_5_2,423,Adv,0.6409090909090909,0.4803030303030303,60,660
2_5_2,423,Ele,0.5845238095238096,0.41309523809523807,60,840
2_5_2,424,Adv,0.5784313725490197,0.4843137254901961,60,1020
2_5_2,424,Ele,0.5537037037037037,0.41203703703703703,60,1080
2_5_3,425,Adv,0.4444444444444444,0.29907407407407405,60,1080
2_5_3,425,Ele,0.4981481481481482,0.3287037037037037,60,1080
2_5_3,426,Adv,0.6,0.4117647058823529,60,1020
2_5_3,426,Ele,0.6137254901960785,0.453921568627451,60,1020
2_5_3,427,Adv,0.5711711711711712,0.4157657657657658,60,2220
2_5_3,427,Ele,0.6117117117117117,0.43513513513513513,60,2220
2_5_4,428,Adv,0.5827777777777777,0.41944444444444445,60,1800
2_5_4,428,Ele,0.5028735632183908,0.3471264367816092,60,1740
2_5_4,429,Adv,0.55,0.3233333333333333,60,900
2_5_4,430,Adv,0.5648809523809524,0.32142857142857145,60,1680
2_5_4,430,Ele,0.5453333333333333,0.30666666666666664,60,1500
2_5_4,431,Adv,0.5388888888888889,0.35185185185185186,60,540
2_5_4,431,Ele,0.47,0.2916666666666667,60,600
2_5_4,432,Adv,0.6052631578947368,0.4359649122807018,60,1140
2_5_4,432,Ele,0.5564814814814815,0.38425925925925924,60,1080
2_5_5,433,Adv,0.5038888888888889,0.3277777777777778,60,1800
2_5_5,433,Ele,0.5725806451612904,0.4376344086021505,60,1860
2_5_5,434,Adv,0.5403508771929825,0.34035087719298246,60,1140
2_5_5,435,Adv,0.573076923076923,0.391025641025641,60,1560
2_5_5,436,Adv,0.53,0.26,60,600
2_5_5,437,Adv,0.5692307692307692,0.36666666666666664,60,780
2_5_5,438,Adv,0.5726190476190476,0.4446428571428571,60,1680
2_5_5,438,Ele,0.6051282051282051,0.4596153846153846,60,1560
2_5_5,439,Adv,0.5166666666666667,0.37857142857142856,60,1260
2_5_5,439,Ele,0.5301587301587302,0.4150793650793651,60,1260
2_6_1,440,Adv,0.6111111111111112,0.45601851851851855,60,2160
2_6_1,440,Ele,0.5565656565656566,0.36464646464646466,60,1980
2_6_1,441,Adv,0.5993589743589743,0.3993589743589744,60,1560
2_6_1,441,Ele,0.5369565217391304,0.37028985507246376,60,1380
2_6_1,442,Adv,0.5691358024691358,0.3851851851851852,60,1620
2_6_1,442,Ele,0.5413333333333333,0.3273333333333333,60,1500
2_6_1,443,Adv,0.5795238095238096,0.46714285714285714,60,2100
2_6_1,443,Ele,0.5563063063063063,0.4328828828828829,60,2220
2_6_2,444,Adv,0.45,0.319047619047619,60,840
2_6_2,444,Ele,0.5401960784313725,0.4303921568627451,60,1020
2_6_2,445,Adv,0.463768115942029,0.2898550724637681,60,1380
2_6_2,445,Ele,0.592,0.436,60,1500
2_6_2,446,Adv,0.5826306913996627,0.40219224283305227,60,1186
2_6_2,446,Ele,0.6543859649122807,0.4394736842105263,60,1140
2_6_2,447,Adv,0.6185185185185185,0.362962962962963,60,540
2_6_2,447,Ele,0.5925925925925926,0.3537037037037037,60,540
2_6_2,448,Adv,0.5698412698412698,0.43333333333333335,60,1260
2_6_2,448,Ele,0.6666666666666666,0.5108333333333334,60,1200
2_6_3,449,Adv,0.5078431372549019,0.34705882352941175,60,1020
2_6_3,449,Ele,0.44375,0.325,60,960
2_6_3,450,Adv,0.6322222222222222,0.4088888888888889,60,900
2_6_3,450,Ele,0.5944444444444444,0.3411111111111111,60,900
2_6_3,451,Adv,0.6358974358974359,0.37564102564102564,60,780
2_6_3,452,Adv,0.6012820512820513,0.38076923076923075,60,780
2_6_3,452,Ele,0.6333333333333333,0.4076923076923077,60,780
2_6_3,453,Adv,0.5341269841269841,0.3738095238095238,60,1260
2_6_3,453,Ele,0.5272727272727272,0.37803030303030305,60,1320
2_6_4,454,Adv,0.5118055555555555,0.28402777777777777,60,1440
2_6_4,454,Ele,0.5307017543859649,0.36403508771929827,60,1140
2_6_4,455,Adv,0.6,0.39365079365079364,60,1260
2_6_4,455,Ele,0.6087301587301587,0.44206349206349205,60,1260
2_6_4,456,Adv,0.5546296296296296,0.3398148148148148,60,2160
2_6_4,457,Adv,0.5756410256410256,0.3814102564102564,60,1560
2_6_4,457,Ele,0.5855072463768116,0.3673913043478261,60,1380
2_6_4,458,Adv,0.5576923076923077,0.367948717948718,60,780
2_6_4,458,Ele,0.6038461538461538,0.43333333333333335,60,780
2_6_4,459,Adv,0.6,0.41818181818181815,60,1320
2_6_4,459,Ele,0.6481481481481481,0.524074074074074,60,540
2_7_1,460,Adv,0.49266666666666664,0.29333333333333333,60,1500
2_7_1,460,Ele,0.48928571428571427,0.3380952380952381,60,840
2_7_1,461,Adv,0.549074074074074,0.32222222222222224,60,1080
2_7_1,461,Ele,0.5833333333333334,0.3277777777777778,60,1080
2_7_1,462,Adv,0.57,0.43,60,2400
2_7_1,462,Ele,0.666260162601626,0.5069105691056911,60,2460
2_7_2,463,Adv,0.4866666666666667,0.3566666666666667,60,900
2_7_2,464,Adv,0.6025,0.41333333333333333,60,1200
2_7_2,464,Ele,0.565,0.42083333333333334,60,1200
2_7_2,465,Adv,0.7611111111111111,0.45555555555555555,60,180
2_7_2,465,Ele,0.67,0.4866666666666667,60,300
2_7_2,466,Adv,0.5958333333333333,0.38472222222222224,60,720
2_7_2,467,Adv,0.5633333333333334,0.42583333333333334,60,1200
2_7_2,467,Ele,0.6177083333333333,0.43125,60,960
2_7_2,468,Adv,0.6277777777777778,0.48777777777777775,60,900
2_7_2,468,Ele,0.6294871794871795,0.49615384615384617,60,780
2_7_2,469,Adv,0.6166666666666667,0.5049019607843137,60,1020
2_7_2,469,Ele,0.655952380952381,0.5035714285714286,60,840
2_7_2,470,Adv,0.5958333333333333,0.4395833333333333,60,960
2_7_2,471,Adv,0.5414285714285715,0.3980952380952381,60,2100
2_7_2,471,Ele,0.5695402298850575,0.4247126436781609,60,1740
2_7_3,472,Adv,0.5988888888888889,0.3985185185185185,60,2700
2_7_3,472,Ele,0.532183908045977,0.3448275862068966,60,1740
2_7_3,473,Adv,0.626984126984127,0.4357142857142857,60,1260
2_7_3,473,Ele,0.590625,0.38958333333333334,60,960
2_7_3,474,Adv,0.6074074074074074,0.46111111111111114,60,540
2_7_3,474,Ele,0.6,0.4185185185185185,60,540
2_7_3,475,Adv,0.6128787878787879,0.4409090909090909,60,1320
2_7_3,475,Ele,0.5840909090909091,0.4681818181818182,60,1320
2_7_4,476,Adv,0.5481481481481482,0.43703703703703706,60,540
2_7_4,476,Ele,0.49444444444444446,0.387037037037037,60,540
2_7_4,477,Adv,0.6344444444444445,0.44666666666666666,60,900
2_7_4,477,Ele,0.5466666666666666,0.36777777777777776,60,900
2_7_4,478,Adv,0.6777777777777778,0.4888888888888889,60,540
2_7_4,478,Ele,0.5962962962962963,0.40925925925925927,60,540
2_7_4,479,Adv,0.6761904761904762,0.5023809523809524,60,420
2_7_4,479,Ele,0.7095238095238096,0.4785714285714286,60,420
2_7_4,480,Adv,0.6254901960784314,0.4196078431372549,60,1020
2_7_4,480,Ele,0.6229166666666667,0.43854166666666666,60,960
2_7_4,481,Adv,0.6283333333333333,0.47,60,600
2_7_4,481,Ele,0.6314814814814815,0.4666666666666667,60,540
2_7_4,482,Adv,0.6875,0.4652777777777778,60,720
2_7_4,482,Ele,0.6597222222222222,0.44305555555555554,60,720
2_7_4,483,Adv,0.66,0.47833333333333333,60,600
2_7_4,483,Ele,0.6466666666666666,0.44166666666666665,60,600
2_7_4,484,Adv,0.5873737373737373,0.5065656565656566,60,1980
2_7_4,484,Ele,0.5614035087719298,0.44035087719298244,60,1140
2_7_5,485,Adv,0.5166666666666667,0.3627450980392157,60,1020
2_7_5,485,Ele,0.596875,0.4125,60,960
2_7_5,486,Adv,0.6191919191919192,0.3747474747474748,60,1980
2_7_5,486,Ele,0.662962962962963,0.40617283950617283,60,1620
2_7_5,487,Adv,0.55,0.22777777777777777,60,360
2_7_5,488,Adv,0.578125,0.28229166666666666,60,960
2_7_5,488,Ele,0.6044444444444445,0.3511111111111111,60,900
2_7_5,489,Adv,0.5746031746031746,0.3388888888888889,60,1260
2_7_5,489,Ele,0.6160256410256411,0.43141025641025643,60,1560
2_7_5,490,Adv,0.6311111111111111,0.39,60,900
2_7_5,490,Ele,0.6364583333333333,0.3875,60,960
2_7_5,491,Adv,0.5666666666666667,0.4083333333333333,60,840
2_7_5,491,Ele,0.6583333333333333,0.45595238095238094,60,840
2_7_5,492,Adv,0.5903508771929824,0.44035087719298244,60,1140
2_7_5,492,Ele,0.6225490196078431,0.5068627450980392,60,1020
2_7_5,493,Adv,0.5717948717948718,0.4551282051282051,60,780
2_7_6,494,Adv,0.4740740740740741,0.3314814814814815,60,540
2_7_6,494,Ele,0.35555555555555557,0.2388888888888889,60,360
2_7_6,495,Adv,0.6133333333333333,0.4658333333333333,60,1200
2_7_6,495,Ele,0.5879629629629629,0.4287037037037037,60,1080
2_7_6,496,Adv,0.5851851851851851,0.4046296296296296,60,1080
2_7_6,496,Ele,0.6245098039215686,0.4294117647058823,60,1020
2_7_6,497,Adv,0.58,0.43,60,300
2_7_6,498,Adv,0.6616666666666666,0.51,60,600
2_7_6,499,Adv,0.6020833333333333,0.38333333333333336,60,480
2_7_6,500,Adv,0.6201754385964913,0.44035087719298244,60,1140
2_7_6,500,Ele,0.634090909090909,0.4553030303030303,60,1320
2_7_6,501,Adv,0.5851851851851851,0.4351851851851852,60,540
2_7_6,502,Adv,0.6774509803921569,0.5745098039215686,60,1020
2_7_6,502,Ele,0.6878787878787879,0.5136363636363637,60,660
2_7_6,503,Adv,0.6805555555555556,0.55,60,1080
2_7_6,503,Ele,0.5761904761904761,0.4714285714285714,60,420
2_7_6,504,Adv,0.693939393939394,0.6287878787878788,60,660
2_7_6,504,Ele,0.6875,0.5708333333333333,60,480
2_7_6,505,Adv,0.5708333333333333,0.5291666666666667,60,240
2_7_6,505,Ele,0.5125,0.475,60,240
2_8_1,506,Adv,0.5456790123456791,0.3493827160493827,60,1620
2_8_1,506,Ele,0.4737179487179487,0.2878205128205128,60,1560
2_8_1,507,Adv,0.6303030303030303,0.5007575757575757,60,1320
2_8_1,507,Ele,0.5880952380952381,0.4507936507936508,60,1260
2_8_1,508,Adv,0.5484848484848485,0.3977272727272727,60,1320
2_8_1,508,Ele,0.4971014492753623,0.35434782608695653,60,1380
2_8_1,509,Adv,0.5,0.37592592592592594,60,540
2_8_1,509,Ele,0.4685185185185185,0.36666666666666664,60,540
2_8_1,510,Adv,0.5895833333333333,0.4583333333333333,60,480
2_8_1,510,Ele,0.6,0.46041666666666664,60,480
2_8_2,511,Adv,0.535483870967742,0.3467741935483871,60,1860
2_8_2,511,Ele,0.5310185185185186,0.3333333333333333,60,2160
2_8_2,512,Adv,0.5833333333333334,0.4125,60,720
2_8_2,512,Ele,0.5430809399477807,0.36553524804177545,60,766
2_8_2,513,Adv,0.6666666666666666,0.42833333333333334,60,600
2_8_2,513,Ele,0.5683333333333334,0.4033333333333333,60,600
2_8_2,514,Adv,0.638095238095238,0.4523809523809524,60,840
2_8_2,514,Ele,0.5976190476190476,0.41309523809523807,60,840
2_8_2,515,Adv,0.5743589743589743,0.4128205128205128,60,780
2_8_2,515,Ele,0.5270833333333333,0.3770833333333333,60,480
2_8_2,516,Adv,0.6515151515151515,0.5060606060606061,60,660
2_8_2,516,Ele,0.6151515151515151,0.49393939393939396,60,660
2_8_2,517,Adv,0.68125,0.5166666666666667,60,480
2_8_2,517,Ele,0.6041666666666666,0.5416666666666666,60,480
2_8_2,518,Adv,0.6725490196078432,0.5568627450980392,60,1020
2_8_2,518,Ele,0.6676470588235294,0.5294117647058824,60,1020
2_8_3,519,Adv,0.5210144927536232,0.2876811594202899,60,1380
2_8_3,519,Ele,0.571969696969697,0.3446969696969697,60,1320
2_8_3,520,Adv,0.5462962962962963,0.36666666666666664,60,1080
2_8_3,520,Ele,0.5754385964912281,0.43508771929824563,60,1140
2_8_3,521,Adv,0.4861111111111111,0.35138888888888886,60,720
2_8_3,521,Ele,0.5916666666666667,0.4583333333333333,60,720
2_8_3,522,Adv,0.656,0.538,60,1500
2_8_3,522,Ele,0.7046666666666667,0.5693333333333334,60,1500
2_8_3,523,Adv,0.5529411764705883,0.44901960784313727,60,1020
2_8_3,523,Ele,0.6,0.4588888888888889,60,900
2_8_3,524,Adv,0.5404761904761904,0.3333333333333333,60,420
2_8_3,524,Ele,0.5452380952380952,0.4166666666666667,60,420
2_8_4,525,Adv,0.4393939393939394,0.18484848484848485,60,660
2_8_4,525,Ele,0.43125,0.20833333333333334,60,480
2_8_4,526,Adv,0.5850574712643678,0.3488505747126437,60,1740
2_8_4,526,Ele,0.6097701149425288,0.3718390804597701,60,1740
2_8_4,527,Adv,0.5514492753623188,0.35579710144927534,60,1380
2_8_4,528,Adv,0.6128205128205129,0.3974358974358974,60,1560
2_8_4,528,Ele,0.6479166666666667,0.4326388888888889,60,1440
2_8_4,529,Adv,0.5635802469135802,0.37222222222222223,60,1620
2_8_4,529,Ele,0.5991666666666666,0.43916666666666665,60,1200
2_8_5,530,Adv,0.5490196078431373,0.403921568627451,60,1020
2_8_5,530,Ele,0.49722222222222223,0.28055555555555556,60,360
2_8_5,531,Adv,0.6666666666666666,0.45416666666666666,60,240
2_8_5,532,Adv,0.628030303030303,0.45681818181818185,60,1320
2_8_5,532,Ele,0.5625,0.4041666666666667,60,720
2_8_5,533,Adv,0.55,0.29555555555555557,60,1800
2_8_5,533,Ele,0.5378787878787878,0.25,60,1320
2_8_5,534,Adv,0.5972222222222222,0.38680555555555557,60,1440
2_8_5,534,Ele,0.5507246376811594,0.3442028985507246,60,1380
2_8_5,535,Adv,0.5925925925925926,0.34074074074074073,60,540
2_8_5,535,Ele,0.5351851851851852,0.29814814814814816,60,540
2_8_5,536,Adv,0.5916666666666667,0.40694444444444444,60,720
2_8_5,536,Ele,0.5555555555555556,0.375,60,720
2_8_5,537,Adv,0.691025641025641,0.514102564102564,60,780
2_8_5,538,Adv,0.6477777777777778,0.5333333333333333,60,900
2_8_5,538,Ele,0.5966666666666667,0.4766666666666667,60,900
2_8_6,539,Adv,0.50625,0.31354166666666666,60,960
2_8_6,539,Ele,0.4782051282051282,0.2923076923076923,60,780
2_8_6,540,Adv,0.5727272727272728,0.3893939393939394,60,1320
2_8_6,540,Ele,0.553623188405797,0.3181159420289855,60,1380
2_8_6,541,Adv,0.6366666666666667,0.5033333333333333,60,1500
2_8_6,541,Ele,0.584375,0.42291666666666666,60,960
2_8_6,542,Adv,0.6563725490196078,0.4970588235294118,60,2040
2_8_6,542,Ele,0.6185185185185185,0.5055555555555555,60,1080
2_9_1,543,Adv,0.45944444444444443,0.2777777777777778,60,1800
2_9_1,543,Ele,0.5474747474747474,0.3712121212121212,60,1980
2_9_1,544,Adv,0.5051724137931034,0.3132183908045977,60,1740
2_9_1,544,Ele,0.5431034482758621,0.332183908045977,60,1740
2_9_1,545,Adv,0.5134920634920634,0.36428571428571427,60,2520
2_9_1,545,Ele,0.6067460317460317,0.3900793650793651,60,2520
2_9_2,546,Adv,0.37962962962962965,0.25,60,540
2_9_2,546,Ele,0.49393939393939396,0.37575757575757573,60,660
2_9_2,547,Adv,0.5277777777777778,0.31805555555555554,60,720
2_9_2,547,Ele,0.5833333333333334,0.4,60,480
2_9_2,548,Adv,0.5648148148148148,0.3907407407407407,60,1080
2_9_2,548,Ele,0.6105263157894737,0.3815789473684211,60,1140
2_9_2,549,Adv,0.53125,0.34444444444444444,60,1440
2_9_2,549,Ele,0.6022222222222222,0.37777777777777777,60,900
2_9_2,550,Adv,0.5693333333333334,0.4146666666666667,60,1500
2_9_2,550,Ele,0.5931818181818181,0.36893939393939396,60,1320
2_9_3,551,Adv,0.4850574712643678,0.34942528735632183,60,1740
2_9_3,551,Ele,0.4766666666666667,0.30666666666666664,60,1200
2_9_3,552,Adv,0.6066666666666667,0.4216666666666667,60,1200
2_9_3,552,Ele,0.6237179487179487,0.48653846153846153,60,1560
2_9_3,553,Adv,0.555,0.42194444444444446,60,3600
2_9_3,553,Ele,0.6011111111111112,0.43444444444444447,60,2700
2_9_3,554,Adv,0.5317204301075269,0.42258064516129035,60,1860
2_9_3,554,Ele,0.5346153846153846,0.4128205128205128,60,780
2_9_4,555,Adv,0.5666666666666667,0.38870967741935486,60,1860
2_9_4,555,Ele,0.5396551724137931,0.3632183908045977,60,1740
2_9_4,556,Adv,0.615,0.44166666666666665,60,600
2_9_4,557,Adv,0.6141025641025641,0.4166666666666667,60,780
2_9_4,558,Adv,0.5782051282051283,0.3935897435897436,60,780
2_9_4,558,Ele,0.6456140350877193,0.47543859649122805,60,1140
2_9_4,559,Adv,0.6116666666666667,0.43083333333333335,60,1200
2_9_4,559,Ele,0.6143939393939394,0.45227272727272727,60,1320
2_9_4,560,Adv,0.6416666666666667,0.5147435897435897,60,1560
2_9_4,560,Ele,0.5933333333333334,0.4513333333333333,60,1500
2_9_4,561,Adv,0.6025641025641025,0.46923076923076923,60,2340
2_9_4,561,Ele,0.5735294117647058,0.43186274509803924,60,2040
2_9_5,562,Adv,0.4641975308641975,0.2851851851851852,60,1620
2_9_5,562,Ele,0.558,0.34933333333333333,60,1500
2_9_5,563,Adv,0.5993333333333334,0.3586666666666667,60,1500
2_9_5,563,Ele,0.6231884057971014,0.38913043478260867,60,1380
2_9_5,564,Adv,0.5190476190476191,0.34444444444444444,60,1260
2_9_5,564,Ele,0.5916666666666667,0.4027777777777778,60,1080
2_9_5,565,Adv,0.5394736842105263,0.3333333333333333,60,1140
2_9_5,565,Ele,0.5791666666666667,0.40166666666666667,60,1200
2_9_5,566,Adv,0.5095238095238095,0.3047619047619048,60,420
2_9_5,566,Ele,0.54375,0.3729166666666667,60,480
2_9_5,567,Adv,0.4922222222222222,0.3422222222222222,60,900
2_9_5,568,Adv,0.5416666666666666,0.3416666666666667,60,240
2_9_5,569,Adv,0.5177083333333333,0.3729166666666667,60,960
2_9_5,569,Ele,0.6097222222222223,0.48194444444444445,60,1440
2_9_6,570,Adv,0.5919047619047619,0.35285714285714287,60,2100
2_9_6,570,Ele,0.5297619047619048,0.2869047619047619,60,1680
2_9_6,571,Adv,0.6345679012345679,0.43148148148148147,60,1620
2_9_6,572,Adv,0.5681159420289855,0.3992753623188406,60,1380
2_9_6,573,Adv,0.5818181818181818,0.36666666666666664,60,660
2_9_6,573,Ele,0.6203703703703703,0.3333333333333333,60,540
2_9_6,574,Adv,0.6304597701149425,0.46264367816091956,60,1740
2_9_6,574,Ele,0.6023809523809524,0.39206349206349206,60,1260
3_10_1,575,Adv,0.4027777777777778,0.19444444444444445,60,360
3_10_1,575,Ele,0.375,0.16944444444444445,60,360
3_10_1,576,Adv,0.5633333333333334,0.31833333333333336,60,600
3_10_1,576,Ele,0.585,0.35,60,600
3_10_1,577,Adv,0.5966666666666667,0.365,60,1800
3_10_1,577,Ele,0.6229885057471264,0.4,60,1740
3_10_1,578,Adv,0.6186666666666667,0.456,60,1500
3_10_1,578,Ele,0.5820512820512821,0.4032051282051282,60,1560
3_10_2,579,Adv,0.4666666666666667,0.31979166666666664,60,960
3_10_2,579,Ele,0.47962962962962963,0.3611111111111111,60,1080
3_10_2,580,Adv,0.6355555555555555,0.38222222222222224,60,900
3_10_2,580,Ele,0.6577777777777778,0.40444444444444444,60,900
3_10_2,581,Adv,0.6432098765432098,0.44320987654320987,60,1620
3_10_2,581,Ele,0.6378787878787879,0.4265151515151515,60,1320
3_10_2,582,Adv,0.5921875,0.396875,60,1920
3_10_2,582,Ele,0.5606666666666666,0.344,60,1500
3_10_3,583,Adv,0.5972972972972973,0.4072072072072072,60,2220
3_10_3,583,Ele,0.5913333333333334,0.4093333333333333,60,1500
3_10_3,584,Adv,0.628030303030303,0.38333333333333336,60,1320
3_10_3,584,Ele,0.6070175438596491,0.40964912280701754,60,1140
3_10_3,585,Adv,0.6625,0.38666666666666666,60,1200
3_10_3,585,Ele,0.6245098039215686,0.35294117647058826,60,1020
3_10_3,586,Adv,0.6155555555555555,0.42,60,900
3_10_3,586,Ele,0.6311111111111111,0.44555555555555554,60,900
3_10_3,587,Adv,0.6305555555555555,0.45555555555555555,60,360
3_10_3,587,Ele,0.7055555555555556,0.5027777777777778,60,360
3_10_4,588,Adv,0.532608695652174,0.3282608695652174,60,1380
3_10_4,588,Ele,0.5571428571428572,0.34365079365079365,60,1260
3_10_4,589,Adv,0.6018518518518519,0.37925925925925924,60,2700
3_10_4,589,Ele,0.6305555555555555,0.40868055555555555,60,2880
3_10_4,590,Adv,0.6131944444444445,0.37569444444444444,60,1440
3_10_4,590,Ele,0.6314102564102564,0.4173076923076923,60,1560
3_10_4,591,Adv,0.645,0.44,60,600
3_10_4,591,Ele,0.65,0.44166666666666665,60,600
3_10_4,592,Adv,0.6546875,0.440625,60,1920
3_10_4,592,Ele,0.6963541666666667,0.5135416666666667,60,1920
3_10_5,593,Adv,0.5858585858585859,0.4595959595959596,60,1980
3_10_5,593,Ele,0.586764705882353,0.42598039215686273,60,2040
3_10_5,594,Adv,0.6427083333333333,0.4354166666666667,60,960
3_10_5,594,Ele,0.6864583333333333,0.4395833333333333,60,960
3_10_5,595,Adv,0.6305555555555555,0.45694444444444443,60,720
3_10_5,595,Ele,0.6236111111111111,0.43472222222222223,60,720
3_10_5,596,Adv,0.6035714285714285,0.43452380952380953,60,840
3_10_5,596,Ele,0.6088888888888889,0.42777777777777776,60,900
3_10_5,597,Adv,0.5583333333333333,0.39444444444444443,60,360
3_10_5,597,Ele,0.5333333333333333,0.3904761904761905,60,420
3_10_5,598,Adv,0.6691666666666667,0.4483333333333333,60,1200
3_10_5,599,Adv,0.6483333333333333,0.46166666666666667,60,1800
3_10_5,599,Ele,0.6408602150537634,0.46182795698924733,60,1860
3_10_5,600,Adv,0.6634920634920635,0.5404761904761904,60,1260
3_10_5,600,Ele,0.6289473684210526,0.5210526315789473,60,1140
3_10_6,601,Adv,0.5758064516129032,0.4295698924731183,60,1860
3_10_6,601,Ele,0.5683333333333334,0.4027777777777778,60,1800
3_10_6,602,Adv,0.6658333333333334,0.47583333333333333,60,1200
3_10_6,602,Ele,0.6436507936507937,0.44365079365079363,60,1260
3_10_6,603,Adv,0.6598039215686274,0.478921568627451,60,2040
3_10_6,603,Ele,0.6434343434343435,0.503030303030303,60,1980
3_1_1,604,Adv,0.580952380952381,0.3529761904761905,60,1680
3_1_1,604,Ele,0.532051282051282,0.3628205128205128,60,780
3_1_1,606,Adv,0.5976190476190476,0.30873015873015874,60,2520
3_1_1,606,Ele,0.5505050505050505,0.3297979797979798,60,1980
3_1_1,607,Adv,0.6271929824561403,0.41403508771929826,60,1140
3_1_1,607,Ele,0.6429824561403509,0.43333333333333335,60,1140
3_1_1,608,Adv,0.6618279569892473,0.443010752688172,60,1860
3_1_1,608,Ele,0.6483333333333333,0.43222222222222223,60,1800
3_1_1,609,Adv,0.6383720930232558,0.49224806201550386,60,2580
3_1_1,609,Ele,0.649537037037037,0.45601851851851855,60,2160
3_1_2,610,Adv,0.49122807017543857,0.30350877192982456,60,1140
3_1_2,610,Ele,0.412962962962963,0.20555555555555555,60,540
3_1_2,611,Adv,0.5485507246376812,0.32608695652173914,60,1380
3_1_2,611,Ele,0.5980392156862745,0.3254901960784314,60,1020
3_1_2,612,Adv,0.597979797979798,0.3924242424242424,60,1980
3_1_2,612,Ele,0.6057471264367816,0.3505747126436782,60,1740
3_1_3,613,Adv,0.532051282051282,0.36538461538461536,60,780
3_1_3,613,Ele,0.5764705882352941,0.44313725490196076,60,1020
3_1_3,614,Adv,0.6096491228070176,0.40307017543859647,60,2280
3_1_3,614,Ele,0.6297979797979798,0.447979797979798,60,1980
3_1_3,615,Adv,0.6307017543859649,0.45526315789473687,60,1140
3_1_3,615,Ele,0.6989583333333333,0.5364583333333334,60,960
3_1_3,616,Adv,0.6198717948717949,0.2948717948717949,60,1560
3_1_3,616,Ele,0.6397435897435897,0.35705128205128206,60,1560
3_1_3,617,Adv,0.6724782067247821,0.3823163138231631,60,803
3_1_3,617,Ele,0.6782051282051282,0.5102564102564102,60,780
3_1_3,618,Adv,0.6902777777777778,0.5763888888888888,60,720
3_1_3,618,Ele,0.7083333333333334,0.6166666666666667,60,720
3_1_4,619,Adv,0.6004504504504504,0.3207207207207207,60,2220
3_1_4,619,Ele,0.5796747967479675,0.3089430894308943,60,2460
3_1_4,620,Adv,0.553921568627451,0.3029411764705882,60,1020
3_1_4,621,Adv,0.6196969696969697,0.36363636363636365,60,1980
3_1_4,621,Ele,0.6267857142857143,0.3523809523809524,60,1680
3_1_4,622,Adv,0.6754385964912281,0.4666666666666667,60,1140
3_1_4,622,Ele,0.7177083333333333,0.521875,60,960
3_1_4,623,Adv,0.610919540229885,0.332183908045977,60,1740
3_1_4,623,Ele,0.5894736842105263,0.3412280701754386,60,1140
3_1_4,624,Adv,0.621875,0.421875,60,960
3_1_4,624,Ele,0.6058823529411764,0.4088235294117647,60,1020
3_1_5,625,Adv,0.5477011494252874,0.31494252873563217,60,1740
3_1_5,625,Ele,0.5267857142857143,0.3244047619047619,60,1680
3_1_5,626,Adv,0.5801587301587302,0.25793650793650796,60,1260
3_1_5,627,Adv,0.5719298245614035,0.3298245614035088,60,1140
3_1_5,628,Adv,0.5784313725490197,0.35980392156862745,60,1020
3_1_5,628,Ele,0.6151515151515151,0.3484848484848485,60,660
3_1_5,629,Adv,0.6506410256410257,0.4153846153846154,60,1560
3_1_5,629,Ele,0.5884615384615385,0.3346153846153846,60,780
3_1_5,630,Adv,0.6561728395061729,0.412962962962963,60,1620
3_1_5,630,Ele,0.587037037037037,0.44814814814814813,60,1080
3_1_5,631,Adv,0.6407407407407407,0.46296296296296297,60,540
3_1_5,631,Ele,0.6259259259259259,0.5,60,540
3_2_1,632,Adv,0.552991452991453,0.3371794871794872,60,2340
3_2_1,632,Ele,0.5983739837398374,0.37845528455284555,60,2460
3_2_1,633,Adv,0.62,0.38666666666666666,60,1500
3_2_1,633,Ele,0.6104166666666667,0.3763888888888889,60,1440
3_2_1,634,Adv,0.6148148148148148,0.42314814814814816,60,1080
3_2_1,634,Ele,0.6210526315789474,0.44912280701754387,60,1140
3_2_1,635,Adv,0.6130434782608696,0.3818840579710145,60,1380
3_2_1,635,Ele,0.6472222222222223,0.3888888888888889,60,1080
3_2_1,636,Adv,0.58,0.4022222222222222,60,900
3_2_1,636,Ele,0.5877777777777777,0.4022222222222222,60,900
3_2_2,637,Adv,0.49916666666666665,0.31333333333333335,60,1200
3_2_2,637,Ele,0.41888888888888887,0.23444444444444446,60,900
3_2_2,638,Adv,0.3972222222222222,0.2013888888888889,60,720
3_2_2,638,Ele,0.5233333333333333,0.3055555555555556,60,900
3_2_2,639,Adv,0.5333333333333333,0.3521739130434783,60,1380
3_2_2,639,Ele,0.6135416666666667,0.4125,60,960
3_2_2,640,Adv,0.5366666666666666,0.41888888888888887,60,900
3_2_2,640,Ele,0.5858333333333333,0.39666666666666667,60,1200
3_2_3,641,Adv,0.4828125,0.2635416666666667,60,1920
3_2_3,641,Ele,0.4976190476190476,0.30238095238095236,60,2100
3_2_3,642,Adv,0.621505376344086,0.42258064516129035,60,1860
3_2_3,642,Ele,0.6238888888888889,0.4116666666666667,60,1800
3_2_3,643,Adv,0.6372549019607843,0.4166666666666667,60,1020
3_2_3,643,Ele,0.5448717948717948,0.36538461538461536,60,780
3_2_3,644,Adv,0.6523809523809524,0.41904761904761906,60,1260
3_2_3,644,Ele,0.6238095238095238,0.44285714285714284,60,1260
3_2_3,645,Adv,0.5,0.3111111111111111,60,360
3_2_3,645,Ele,0.4633333333333333,0.3233333333333333,60,300
3_2_4,646,Adv,0.41041666666666665,0.22083333333333333,60,480
3_2_4,646,Ele,0.3875,0.2604166666666667,60,480
3_2_4,647,Adv,0.59,0.37333333333333335,60,1500
3_2_4,647,Ele,0.6008333333333333,0.4141666666666667,60,1200
3_2_4,648,Adv,0.6057971014492753,0.3181159420289855,60,1380
3_2_4,648,Ele,0.6603174603174603,0.3357142857142857,60,1260
3_2_4,649,Adv,0.5763888888888888,0.3236111111111111,60,720
3_2_4,649,Ele,0.65,0.38333333333333336,60,840
3_2_4,650,Adv,0.6535714285714286,0.38095238095238093,60,840
3_2_4,650,Ele,0.6355555555555555,0.36444444444444446,60,900
3_2_4,651,Adv,0.6358024691358025,0.404320987654321,60,1620
3_2_4,651,Ele,0.6666666666666666,0.4226666666666667,60,1500
3_2_5,652,Adv,0.5272727272727272,0.3287878787878788,60,1320
3_2_5,652,Ele,0.5674242424242424,0.32045454545454544,60,1320
3_2_5,653,Adv,0.6275641025641026,0.3974358974358974,60,1560
3_2_5,653,Ele,0.6410256410256411,0.366025641025641,60,1560
3_2_5,654,Adv,0.6217948717948718,0.3487179487179487,60,1560
3_2_5,654,Ele,0.6066666666666667,0.3675,60,1200
3_2_5,655,Adv,0.625,0.3838888888888889,60,1800
3_2_5,655,Ele,0.596078431372549,0.3735294117647059,60,1020
3_2_5,656,Adv,0.6013888888888889,0.3486111111111111,60,720
3_2_5,656,Ele,0.6569444444444444,0.3958333333333333,60,720
3_2_5,657,Adv,0.6988095238095238,0.48095238095238096,60,840
3_2_5,657,Ele,0.6974358974358974,0.48333333333333334,60,780
3_2_5,658,Adv,0.7125,0.5444444444444444,60,720
3_2_5,658,Ele,0.6430555555555556,0.4847222222222222,60,720
3_2_5,659,Adv,0.7088235294117647,0.6019607843137255,60,1020
3_2_5,659,Ele,0.5844444444444444,0.46111111111111114,60,900
3_3_1,660,Adv,0.5723809523809524,0.3433333333333333,60,2100
3_3_1,660,Ele,0.5696428571428571,0.36904761904761907,60,1680
3_3_1,661,Adv,0.5181818181818182,0.3015151515151515,60,660
3_3_1,661,Ele,0.5875,0.3641666666666667,60,1200
3_3_1,662,Adv,0.6041666666666666,0.37083333333333335,60,480
3_3_1,662,Ele,0.5895833333333333,0.38958333333333334,60,480
3_3_1,663,Adv,0.5990196078431372,0.42745098039215684,60,1020
3_3_1,663,Ele,0.5848484848484848,0.4037878787878788,60,1320
3_3_1,664,Adv,0.5927777777777777,0.36,60,1800
3_3_1,664,Ele,0.5384615384615384,0.31153846153846154,60,780
3_3_1,665,Adv,0.6214285714285714,0.3333333333333333,60,840
3_3_1,665,Ele,0.63125,0.3072916666666667,60,960
3_3_1,666,Adv,0.631159420289855,0.39565217391304347,60,1380
3_3_1,666,Ele,0.6347222222222222,0.4048611111111111,60,1440
3_3_1,667,Adv,0.5954545454545455,0.46515151515151515,60,660
3_3_1,667,Ele,0.6151515151515151,0.4409090909090909,60,660
3_3_2,668,Adv,0.4955555555555556,0.3322222222222222,60,900
3_3_2,669,Adv,0.5944444444444444,0.39305555555555555,60,720
3_3_2,669,Ele,0.4954545454545455,0.3484848484848485,60,660
3_3_2,670,Adv,0.6083333333333333,0.3706140350877193,60,2280
3_3_2,670,Ele,0.5865591397849462,0.3865591397849462,60,1860
3_3_2,671,Adv,0.5933333333333334,0.35333333333333333,60,300
3_3_2,671,Ele,0.52,0.3233333333333333,60,300
3_3_2,672,Adv,0.6530303030303031,0.38712121212121214,60,1320
3_3_2,672,Ele,0.6265151515151515,0.3931818181818182,60,1320
3_3_2,673,Adv,0.584920634920635,0.30793650793650795,60,1260
3_3_2,673,Ele,0.5355072463768116,0.34492753623188405,60,1380
3_3_2,674,Adv,0.6183333333333333,0.3616666666666667,60,600
3_3_2,674,Ele,0.6166666666666667,0.3878787878787879,60,660
3_3_2,675,Adv,0.6704545454545454,0.47954545454545455,60,1320
3_3_2,675,Ele,0.6392156862745098,0.4745098039215686,60,1020
3_3_3,676,Adv,0.5,0.3175438596491228,60,1140
3_3_3,676,Ele,0.5148148148148148,0.3592592592592593,60,1080
3_3_3,677,Adv,0.6630952380952381,0.4297619047619048,60,840
3_3_3,677,Ele,0.5923076923076923,0.3858974358974359,60,780
3_3_3,678,Adv,0.6105769230769231,0.39487179487179486,60,3120
3_3_3,678,Ele,0.59,0.3953333333333333,60,1500
3_3_3,679,Adv,0.6033333333333334,0.3333333333333333,60,300
3_3_3,680,Adv,0.6861111111111111,0.4398148148148148,60,1080
3_3_3,680,Ele,0.6979166666666666,0.49236111111111114,60,1440
3_3_3,681,Adv,0.7333333333333333,0.4863636363636364,60,1320
3_3_3,681,Ele,0.753968253968254,0.5190476190476191,60,1260
3_3_3,682,Adv,0.6574074074074074,0.43703703703703706,60,540
3_3_3,682,Ele,0.6481481481481481,0.45555555555555555,60,540
3_3_3,683,Adv,0.6602564102564102,0.5012820512820513,60,780
3_3_3,683,Ele,0.6397435897435897,0.46923076923076923,60,780
3_3_4,684,Adv,0.5691919191919191,0.3792929292929293,60,1980
3_3_4,684,Ele,0.5801801801801801,0.3963963963963964,60,2220
3_3_4,685,Adv,0.6144444444444445,0.37555555555555553,60,1800
3_3_4,685,Ele,0.5916666666666667,0.395,60,1200
3_3_4,686,Adv,0.6916666666666667,0.25416666666666665,60,240
3_3_4,686,Ele,0.5416666666666666,0.29583333333333334,60,240
3_3_4,687,Adv,0.6020358700920989,0.3819680077556956,60,2063
3_3_4,687,Ele,0.6375,0.4494047619047619,60,1680
3_3_4,688,Adv,0.6680555555555555,0.42430555555555555,60,1440
3_3_4,688,Ele,0.6959770114942528,0.5114942528735632,60,1740
3_3_4,689,Adv,0.615625,0.42604166666666665,60,960
3_3_4,689,Ele,0.6416666666666667,0.5283333333333333,60,600
3_3_5,690,Adv,0.24583333333333332,0.10416666666666667,60,240
3_3_5,690,Ele,0.3,0.14583333333333334,60,240
3_3_5,691,Adv,0.5757575757575758,0.3560606060606061,60,660
3_3_5,691,Ele,0.5454545454545454,0.30606060606060603,60,660
3_3_5,692,Adv,0.6075757575757575,0.3207070707070707,60,1980
3_3_5,692,Ele,0.589247311827957,0.2946236559139785,60,1860
3_3_5,693,Adv,0.6838888888888889,0.4583333333333333,60,1800
3_3_5,693,Ele,0.6566666666666666,0.48933333333333334,60,1500
3_3_5,694,Adv,0.6602564102564102,0.44487179487179485,60,780
3_3_5,695,Adv,0.6897435897435897,0.46794871794871795,60,780
3_3_5,695,Ele,0.6711111111111111,0.5155555555555555,60,900
3_3_5,696,Adv,0.6722222222222223,0.4930555555555556,60,720
3_3_5,696,Ele,0.6606060606060606,0.4666666666666667,60,660
3_3_5,697,Adv,0.6805555555555556,0.48055555555555557,60,360
3_3_5,697,Ele,0.6166666666666667,0.41904761904761906,60,420
3_3_5,698,Adv,0.6116666666666667,0.37666666666666665,60,600
3_3_5,698,Ele,0.625,0.39666666666666667,60,600
3_3_5,699,Adv,0.5611111111111111,0.4263888888888889,60,720
3_3_5,699,Ele,0.5756410256410256,0.4512820512820513,60,780
3_4_1,700,Adv,0.4537037037037037,0.2518518518518518,60,540
3_4_1,700,Ele,0.4738095238095238,0.3904761904761905,60,420
3_4_1,701,Adv,0.5901960784313726,0.4117647058823529,60,1020
3_4_1,701,Ele,0.5370370370370371,0.4740740740740741,60,540
3_4_1,702,Adv,0.5474358974358975,0.3628205128205128,60,780
3_4_1,702,Ele,0.6472222222222223,0.4527777777777778,60,720
3_4_1,703,Adv,0.5946236559139785,0.42473118279569894,60,1860
3_4_1,703,Ele,0.6083333333333333,0.44743589743589746,60,1560
3_4_1,704,Adv,0.5839869281045752,0.3712418300653595,60,3060
3_4_1,704,Ele,0.5988095238095238,0.4083333333333333,60,1680
3_4_2,705,Adv,0.5523148148148148,0.32916666666666666,60,2160
3_4_2,705,Ele,0.5,0.2985294117647059,60,2040
3_4_2,706,Adv,0.5583333333333333,0.3258333333333333,60,1200
3_4_2,706,Ele,0.6201754385964913,0.40614035087719297,60,1140
3_4_2,707,Adv,0.5523809523809524,0.33690476190476193,60,1680
3_4_2,707,Ele,0.556,0.36333333333333334,60,1500
3_4_2,708,Adv,0.5826666666666667,0.35333333333333333,60,1500
3_4_2,709,Adv,0.6478260869565218,0.4905797101449275,60,2760
3_4_2,709,Ele,0.6210526315789474,0.41535087719298247,60,2280
3_4_3,710,Adv,0.55,0.36097560975609755,60,2460
3_4_3,710,Ele,0.5388888888888889,0.4067901234567901,60,1620
3_4_3,711,Adv,0.5601449275362319,0.391304347826087,60,1380
3_4_3,711,Ele,0.5719298245614035,0.4149122807017544,60,1140
3_4_3,712,Adv,0.52,0.28,60,900
3_4_3,712,Ele,0.5541666666666667,0.3638888888888889,60,720
3_4_3,713,Adv,0.5692982456140351,0.38552631578947366,60,2280
3_4_3,713,Ele,0.531060606060606,0.3946969696969697,60,1320
3_4_4,714,Adv,0.5922222222222222,0.3827777777777778,60,1800
3_4_4,714,Ele,0.5994444444444444,0.3655555555555556,60,1800
3_4_4,715,Adv,0.6045454545454545,0.35848484848484846,60,3300
3_4_4,715,Ele,0.6316239316239316,0.39786324786324784,60,2340
3_4_4,717,Adv,0.6258333333333334,0.42916666666666664,60,1200
3_4_4,718,Adv,0.5895833333333333,0.3260416666666667,60,1920
3_4_4,718,Ele,0.6564814814814814,0.3435185185185185,60,1080
3_4_4,719,Adv,0.6378787878787879,0.3878787878787879,60,660
3_4_4,719,Ele,0.6742424242424242,0.346969696969697,60,660
3_4_4,720,Adv,0.5597222222222222,0.4388888888888889,60,720
3_4_4,720,Ele,0.61875,0.384375,60,960
3_4_5,721,Adv,0.5508333333333333,0.305,60,1200
3_4_5,721,Ele,0.5535714285714286,0.36666666666666664,60,1680
3_4_5,722,Adv,0.5770833333333333,0.3173611111111111,60,1440
3_4_5,722,Ele,0.6133333333333333,0.40166666666666667,60,1200
3_4_5,723,Adv,0.6611111111111111,0.3263888888888889,60,720
3_4_5,723,Ele,0.6388888888888888,0.375,60,720
3_4_5,724,Adv,0.5851351351351352,0.404954954954955,60,2220
3_4_5,724,Ele,0.6166666666666667,0.4946969696969697,60,1320
3_5_1,725,Adv,0.5442857142857143,0.3252380952380952,60,2100
3_5_1,725,Ele,0.525,0.30227272727272725,60,1320
3_5_1,726,Adv,0.6170542635658914,0.40348837209302324,60,2580
3_5_1,726,Ele,0.5981481481481481,0.3567901234567901,60,1620
3_5_1,727,Adv,0.6611111111111111,0.4266666666666667,60,1800
3_5_1,727,Ele,0.6183333333333333,0.39666666666666667,60,1200
3_5_1,728,Adv,0.6683760683760683,0.38504273504273506,60,2340
3_5_1,728,Ele,0.6540650406504065,0.4199186991869919,60,2460
3_5_2,729,Adv,0.632,0.42766666666666664,60,3000
3_5_2,729,Ele,0.6029629629629629,0.4014814814814815,60,2700
3_5_2,730,Adv,0.609313725490196,0.3622549019607843,60,2040
3_5_2,730,Ele,0.6276190476190476,0.39095238095238094,60,2100
3_5_2,731,Adv,0.6395833333333333,0.35208333333333336,60,1440
3_5_2,731,Ele,0.632,0.38866666666666666,60,1500
3_5_2,732,Adv,0.696078431372549,0.4549019607843137,60,1020
3_5_2,732,Ele,0.7127450980392157,0.5166666666666667,60,1020
3_5_2,733,Adv,0.6965811965811965,0.47863247863247865,60,2340
3_5_2,733,Ele,0.6882352941176471,0.509313725490196,60,2040
3_5_3,734,Adv,0.44166666666666665,0.203125,60,960
3_5_3,734,Ele,0.4411111111111111,0.23,60,900
3_5_3,735,Adv,0.6694444444444444,0.33611111111111114,60,360
3_5_3,735,Ele,0.6666666666666666,0.4023809523809524,60,420
3_5_3,736,Adv,0.6543859649122807,0.4166666666666667,60,2280
3_5_3,736,Ele,0.6675438596491228,0.43157894736842106,60,2280
3_5_3,737,Adv,0.6808823529411765,0.353921568627451,60,2040
3_5_3,737,Ele,0.641358024691358,0.37839506172839504,60,1620
3_5_3,738,Adv,0.6264705882352941,0.4303921568627451,60,1020
3_5_3,738,Ele,0.6395833333333333,0.425,60,960
3_5_4,739,Adv,0.5333333333333333,0.30495495495495495,60,2220
3_5_4,739,Ele,0.5091666666666667,0.3566666666666667,60,1200
3_5_4,740,Adv,0.6150793650793651,0.3603174603174603,60,2520
3_5_4,740,Ele,0.6073170731707317,0.3443089430894309,60,2460
3_5_4,741,Adv,0.6508771929824562,0.4105263157894737,60,1140
3_5_4,742,Adv,0.6666666666666666,0.4722222222222222,60,1080
3_5_4,743,Adv,0.695959595959596,0.4919191919191919,60,1980
3_5_4,743,Ele,0.6235632183908046,0.46781609195402296,60,1740
3_6_1,744,Adv,0.5513157894736842,0.387719298245614,60,2280
3_6_1,744,Ele,0.5578947368421052,0.4087719298245614,60,2280
3_6_1,745,Adv,0.5611111111111111,0.38055555555555554,60,1080
3_6_1,745,Ele,0.6383333333333333,0.43666666666666665,60,600
3_6_1,746,Adv,0.6309523809523809,0.4357142857142857,60,420
3_6_1,747,Adv,0.5992424242424242,0.3893939393939394,60,1320
3_6_1,747,Ele,0.5717391304347826,0.377536231884058,60,1380
3_6_1,748,Adv,0.5666666666666667,0.38,60,300
3_6_1,748,Ele,0.6305555555555555,0.38055555555555554,60,360
3_6_1,749,Adv,0.5738095238095238,0.4007936507936508,60,1260
3_6_1,749,Ele,0.5698412698412698,0.4515873015873016,60,1260
3_6_1,750,Adv,0.6314814814814815,0.42962962962962964,60,540
3_6_1,751,Adv,0.6,0.43205128205128207,60,780
3_6_2,752,Adv,0.546969696969697,0.3409090909090909,60,660
3_6_2,752,Ele,0.5243589743589744,0.33205128205128204,60,780
3_6_2,753,Adv,0.5208333333333334,0.30083333333333334,60,1200
3_6_2,753,Ele,0.56,0.29833333333333334,60,1200
3_6_2,754,Adv,0.6416666666666667,0.43333333333333335,60,480
3_6_2,754,Ele,0.6481481481481481,0.44074074074074077,60,540
3_6_2,755,Adv,0.5833333333333334,0.3984848484848485,60,1320
3_6_2,755,Ele,0.5184210526315789,0.34649122807017546,60,1140
3_6_3,756,Adv,0.5066666666666667,0.31277777777777777,60,1800
3_6_3,756,Ele,0.5346153846153846,0.35192307692307695,60,1560
3_6_3,757,Adv,0.5801075268817204,0.3602150537634409,60,1860
3_6_3,757,Ele,0.566,0.4126666666666667,60,1500
3_6_3,758,Adv,0.45536609829488467,0.26479438314944836,60,997
3_6_3,758,Ele,0.538235294117647,0.3284313725490196,60,1020
3_6_4,759,Adv,0.48541666666666666,0.33229166666666665,60,960
3_6_4,759,Ele,0.42291666666666666,0.29583333333333334,60,960
3_6_4,760,Adv,0.5011111111111111,0.33555555555555555,60,900
3_6_4,760,Ele,0.6111111111111112,0.41388888888888886,60,720
3_6_4,761,Adv,0.5666666666666667,0.3333333333333333,60,1200
3_6_4,761,Ele,0.5988888888888889,0.3611111111111111,60,900
3_6_4,762,Adv,0.5733333333333334,0.275,60,600
3_6_4,762,Ele,0.5018518518518519,0.24259259259259258,60,540
3_6_4,763,Adv,0.6310810810810811,0.4261261261261261,60,2220
3_6_4,763,Ele,0.6134920634920635,0.4126984126984127,60,1260
3_6_4,764,Adv,0.5119047619047619,0.42857142857142855,60,420
3_6_4,764,Ele,0.5476190476190477,0.37857142857142856,60,420
3_6_5,765,Adv,0.4925,0.2825,60,1200
3_6_5,765,Ele,0.515079365079365,0.33174603174603173,60,1260
3_6_5,766,Adv,0.5838888888888889,0.335,60,1800
3_6_5,766,Ele,0.5988095238095238,0.37142857142857144,60,1680
3_6_5,767,Adv,0.562037037037037,0.32407407407407407,60,1080
3_6_5,768,Adv,0.5666666666666667,0.3678571428571429,60,840
3_6_5,769,Adv,0.5657894736842105,0.3087719298245614,60,1140
3_6_5,769,Ele,0.61875,0.36354166666666665,60,960
3_6_5,770,Adv,0.6615942028985508,0.4572463768115942,60,1380
3_6_5,770,Ele,0.663768115942029,0.48405797101449277,60,1380
3_6_5,771,Adv,0.6407407407407407,0.4861111111111111,60,1080
3_6_5,771,Ele,0.6446969696969697,0.49015151515151517,60,1320
3_6_6,772,Adv,0.5811594202898551,0.38333333333333336,60,1380
3_6_6,772,Ele,0.553623188405797,0.3181159420289855,60,1380
3_6_6,773,Adv,0.5984848484848485,0.4015151515151515,60,660
3_6_6,773,Ele,0.5393939393939394,0.35909090909090907,60,660
3_6_6,774,Adv,0.6693939393939394,0.46060606060606063,60,3300
3_6_6,774,Ele,0.6207207207207207,0.37882882882882885,60,2220
3_6_6,776,Adv,0.65,0.3983333333333333,60,1200
3_6_6,776,Ele,0.6411458333333333,0.4041666666666667,60,1920
3_6_6,777,Adv,0.672972972972973,0.4698198198198198,60,2220
3_6_6,777,Ele,0.648,0.44866666666666666,60,1500
3_6_6,778,Adv,0.6928571428571428,0.5333333333333333,60,840
3_6_6,778,Ele,0.6273809523809524,0.475,60,840
3_6_7,779,Adv,0.43974358974358974,0.24358974358974358,60,780
3_6_7,779,Ele,0.4638888888888889,0.3541666666666667,60,720
3_6_7,780,Adv,0.6121794871794872,0.3730769230769231,60,1560
3_6_7,780,Ele,0.56875,0.38680555555555557,60,1440
3_6_7,781,Adv,0.5955555555555555,0.3388888888888889,60,900
3_6_7,781,Ele,0.6355555555555555,0.43666666666666665,60,900
3_6_7,782,Adv,0.5642857142857143,0.38333333333333336,60,420
3_6_7,782,Ele,0.6738095238095239,0.4785714285714286,60,420
3_6_7,783,Adv,0.5777777777777777,0.3888888888888889,60,360
3_6_7,783,Ele,0.5694444444444444,0.42777777777777776,60,360
3_6_7,784,Adv,0.5166666666666667,0.36666666666666664,60,240
3_6_7,784,Ele,0.49166666666666664,0.32916666666666666,60,240
3_7_1,785,Adv,0.5107142857142857,0.3,60,840
3_7_1,785,Ele,0.44583333333333336,0.2013888888888889,60,720
3_7_1,786,Adv,0.5543478260869565,0.24565217391304348,60,1380
3_7_1,786,Ele,0.5308333333333334,0.2808333333333333,60,1200
3_7_1,787,Adv,0.608641975308642,0.39444444444444443,60,1620
3_7_1,787,Ele,0.5993589743589743,0.4083333333333333,60,1560
3_7_1,788,Adv,0.6262820512820513,0.3782051282051282,60,1560
3_7_1,788,Ele,0.555,0.38333333333333336,60,1200
3_7_1,789,Adv,0.575595238095238,0.3130952380952381,60,1680
3_7_1,789,Ele,0.5772222222222222,0.36833333333333335,60,1800
3_7_1,790,Adv,0.5307692307692308,0.35,60,780
3_7_1,790,Ele,0.6507936507936508,0.4238095238095238,60,1260
3_7_2,791,Adv,0.6059523809523809,0.47619047619047616,60,840
3_7_2,792,Adv,0.6473484848484848,0.43863636363636366,60,2640
3_7_2,792,Ele,0.5816666666666667,0.4375,60,1200
3_7_2,793,Adv,0.6125,0.3466666666666667,60,2400
3_7_2,793,Ele,0.6227272727272727,0.35075757575757577,60,2640
3_7_2,794,Adv,0.6646825396825397,0.44563492063492066,60,2520
3_7_2,794,Ele,0.580952380952381,0.41825396825396827,60,2520
3_7_3,795,Adv,0.38333333333333336,0.20208333333333334,60,480
3_7_3,795,Ele,0.39166666666666666,0.20416666666666666,60,480
3_7_3,796,Adv,0.5779569892473119,0.38333333333333336,60,1860
3_7_3,796,Ele,0.5833333333333334,0.375,60,1080
3_7_3,797,Adv,0.538235294117647,0.33431372549019606,60,2040
3_7_3,797,Ele,0.47552083333333334,0.29635416666666664,60,1920
3_7_3,798,Adv,0.5928571428571429,0.37592592592592594,60,3780
3_7_3,798,Ele,0.5566091954022988,0.37729885057471263,60,3480
3_7_4,799,Adv,0.5303921568627451,0.3990196078431373,60,1020
3_7_4,799,Ele,0.5731481481481482,0.45185185185185184,60,1080
3_7_4,800,Adv,0.5956521739130435,0.39202898550724635,60,1380
3_7_4,800,Ele,0.6275641025641026,0.4493589743589744,60,1560
3_7_4,801,Adv,0.5129752564876282,0.27097163548581776,60,1657
3_7_4,801,Ele,0.5557971014492754,0.35797101449275365,60,1380
3_7_4,802,Adv,0.5106060606060606,0.2702020202020202,60,1980
3_7_4,802,Ele,0.6078703703703704,0.32916666666666666,60,2160
3_7_4,803,Adv,0.65,0.4088541666666667,60,1920
3_7_4,803,Ele,0.6684523809523809,0.49464285714285716,60,1680
3_7_5,804,Adv,0.5682078716087122,0.334734428735193,60,2617
3_7_5,804,Ele,0.5314285714285715,0.29285714285714287,60,2100
3_7_5,805,Adv,0.4888888888888889,0.3333333333333333,60,360
3_7_5,806,Adv,0.59,0.39666666666666667,60,600
3_7_5,806,Ele,0.6033333333333334,0.4266666666666667,60,600
3_7_5,807,Adv,0.5954545454545455,0.4257575757575758,60,1980
3_7_5,807,Ele,0.6068627450980392,0.44019607843137254,60,2040
3_7_5,808,Adv,0.6006666666666667,0.35733333333333334,60,1500
3_7_5,808,Ele,0.5992063492063492,0.3873015873015873,60,1260
3_7_5,809,Adv,0.5761904761904761,0.3952380952380952,60,420
3_7_5,809,Ele,0.580952380952381,0.4261904761904762,60,420
3_7_6,810,Adv,0.5456140350877193,0.3482456140350877,60,1140
3_7_6,810,Ele,0.5375,0.35138888888888886,60,720
3_7_6,811,Adv,0.5537037037037037,0.3388888888888889,60,1080
3_7_6,811,Ele,0.5854166666666667,0.3572916666666667,60,960
3_7_6,812,Adv,0.5619047619047619,0.3634920634920635,60,1260
3_7_6,812,Ele,0.5462962962962963,0.3425925925925926,60,1080
3_7_6,813,Adv,0.5866666666666667,0.4066666666666667,60,300
3_7_6,814,Adv,0.49047619047619045,0.36428571428571427,60,420
3_7_6,814,Ele,0.5595238095238095,0.37142857142857144,60,420
3_7_6,815,Adv,0.6138888888888889,0.4618055555555556,60,1440
3_7_6,815,Ele,0.6269230769230769,0.4846153846153846,60,1560
3_7_6,816,Adv,0.6127450980392157,0.4715686274509804,60,1020
3_7_6,816,Ele,0.6277777777777778,0.4875,60,720
3_7_7,817,Adv,0.5638888888888889,0.38222222222222224,60,1800
3_7_7,817,Ele,0.5632183908045977,0.39655172413793105,60,1740
3_7_7,818,Adv,0.6243589743589744,0.4358974358974359,60,780
3_7_7,818,Ele,0.6076923076923076,0.4153846153846154,60,780
3_7_7,819,Adv,0.5462121212121213,0.3856060606060606,60,1320
3_7_7,819,Ele,0.5766666666666667,0.35,60,600
3_7_7,820,Adv,0.5630952380952381,0.36428571428571427,60,840
3_7_7,820,Ele,0.6309523809523809,0.4523809523809524,60,840
3_7_7,821,Adv,0.6545454545454545,0.45454545454545453,60,660
3_7_7,821,Ele,0.6893939393939394,0.5181818181818182,60,660
3_7_7,822,Adv,0.6416666666666667,0.4322916666666667,60,1920
3_7_7,822,Ele,0.6684523809523809,0.4720238095238095,60,1680
3_7_7,823,Adv,0.6435897435897436,0.44166666666666665,60,1560
3_7_7,823,Ele,0.658,0.4786666666666667,60,1500
3_8_1,824,Adv,0.4976190476190476,0.33630952380952384,60,1680
3_8_1,824,Ele,0.5480769230769231,0.33076923076923076,60,1560
3_8_1,825,Adv,0.6350574712643678,0.47183908045977013,60,1740
3_8_1,825,Ele,0.6626666666666666,0.4766666666666667,60,1500
3_8_1,826,Adv,0.6055555555555555,0.4666666666666667,60,540
3_8_1,826,Ele,0.6462962962962963,0.5148148148148148,60,540
3_8_1,827,Adv,0.6888888888888889,0.5194444444444445,60,720
3_8_1,827,Ele,0.6575757575757576,0.4818181818181818,60,660
3_8_1,828,Adv,0.7083333333333334,0.5083333333333333,60,600
3_8_1,828,Ele,0.6816666666666666,0.5266666666666666,60,600
3_8_1,829,Adv,0.63,0.39866666666666667,60,1500
3_8_1,829,Ele,0.6922222222222222,0.4888888888888889,60,900
3_8_1,830,Adv,0.6576190476190477,0.40095238095238095,60,2100
3_8_1,830,Ele,0.6446969696969697,0.45681818181818185,60,1320
3_8_1,831,Adv,0.55,0.39666666666666667,60,300
3_8_1,831,Ele,0.6583333333333333,0.45,60,240
3_8_2,832,Adv,0.5703703703703704,0.42824074074074076,60,2160
3_8_2,832,Ele,0.5876543209876544,0.39444444444444443,60,1620
3_8_2,833,Adv,0.6041666666666666,0.40572916666666664,60,1920
3_8_2,833,Ele,0.6458333333333334,0.35833333333333334,60,1200
3_8_2,834,Adv,0.5733333333333334,0.435,60,1800
3_8_2,834,Ele,0.6413793103448275,0.4166666666666667,60,1740
3_8_2,835,Adv,0.5857142857142857,0.4154761904761905,60,840
3_8_2,835,Ele,0.6083333333333333,0.46785714285714286,60,840
3_8_3,836,Adv,0.5905797101449275,0.38623188405797104,60,1380
3_8_3,836,Ele,0.6115942028985507,0.40217391304347827,60,1380
3_8_3,837,Adv,0.6752688172043011,0.4349462365591398,60,1860
3_8_3,837,Ele,0.6288461538461538,0.44551282051282054,60,1560
3_8_3,838,Adv,0.6875,0.41458333333333336,60,480
3_8_3,838,Ele,0.5208333333333334,0.3645833333333333,60,480
3_8_3,839,Adv,0.6238095238095238,0.45476190476190476,60,1260
3_8_3,839,Ele,0.5583333333333333,0.3194444444444444,60,360
3_8_3,840,Adv,0.6365384615384615,0.4673076923076923,60,1560
3_8_3,840,Ele,0.5958333333333333,0.4091666666666667,60,1200
3_8_3,841,Adv,0.6076923076923076,0.4641025641025641,60,780
3_8_3,841,Ele,0.5607142857142857,0.45595238095238094,60,840
3_8_4,842,Adv,0.5568627450980392,0.35784313725490197,60,1020
3_8_4,842,Ele,0.48,0.35444444444444445,60,900
3_8_4,843,Adv,0.6714285714285714,0.38095238095238093,60,420
3_8_4,843,Ele,0.65,0.35,60,300
3_8_4,844,Adv,0.6216666666666667,0.3275,60,1200
3_8_4,844,Ele,0.5888888888888889,0.3511111111111111,60,900
3_8_4,845,Adv,0.6241666666666666,0.41333333333333333,60,1200
3_8_4,845,Ele,0.6620370370370371,0.4212962962962963,60,1080
3_8_4,846,Adv,0.6833333333333333,0.44696969696969696,60,660
3_8_4,846,Ele,0.6576923076923077,0.4564102564102564,60,780
3_8_4,847,Adv,0.6666666666666666,0.4621212121212121,60,660
3_8_4,848,Adv,0.6264705882352941,0.40294117647058825,60,1020
3_8_4,848,Ele,0.5642857142857143,0.40476190476190477,60,840
3_8_4,849,Adv,0.7466666666666667,0.6083333333333333,60,1200
3_8_4,849,Ele,0.65,0.5601851851851852,60,1080
3_8_5,850,Adv,0.5277777777777778,0.3,60,1800
3_8_5,850,Ele,0.4583333333333333,0.16875,60,960
3_8_5,851,Adv,0.591025641025641,0.36025641025641025,60,780
3_8_5,851,Ele,0.6314814814814815,0.32037037037037036,60,540
3_8_5,852,Adv,0.5738095238095238,0.3630952380952381,60,840
3_8_5,852,Ele,0.6089743589743589,0.4012820512820513,60,780
3_8_5,853,Adv,0.5865591397849462,0.38225806451612904,60,1860
3_8_5,853,Ele,0.5546296296296296,0.3611111111111111,60,1080
3_8_6,854,Adv,0.5247474747474747,0.3338383838383838,60,1980
3_8_6,854,Ele,0.4552083333333333,0.28020833333333334,60,960
3_8_6,855,Adv,0.6455555555555555,0.41555555555555557,60,900
3_8_6,855,Ele,0.6833333333333333,0.4681818181818182,60,660
3_8_6,856,Adv,0.6148148148148148,0.44074074074074077,60,540
3_8_6,857,Adv,0.6219298245614036,0.3815789473684211,60,1140
3_8_6,857,Ele,0.6235294117647059,0.4088235294117647,60,1020
3_8_6,858,Adv,0.6253086419753087,0.3888888888888889,60,1620
3_8_6,858,Ele,0.6133333333333333,0.42,60,1500
3_8_6,859,Adv,0.6158333333333333,0.36,60,1200
3_8_6,859,Ele,0.6033333333333334,0.3977777777777778,60,900
3_9_1,860,Adv,0.5196969696969697,0.35,60,660
3_9_1,860,Ele,0.4666666666666667,0.2857142857142857,60,420
3_9_1,861,Adv,0.5458333333333333,0.38333333333333336,60,1200
3_9_1,861,Ele,0.59,0.3811111111111111,60,900
3_9_1,862,Adv,0.6333333333333333,0.4586206896551724,60,1740
3_9_1,862,Ele,0.6318840579710145,0.47391304347826085,60,1380
3_9_1,863,Adv,0.6071428571428571,0.42023809523809524,60,840
3_9_1,863,Ele,0.5708333333333333,0.40694444444444444,60,720
3_9_1,864,Adv,0.5333333333333333,0.36666666666666664,60,480
3_9_1,864,Ele,0.5020833333333333,0.3645833333333333,60,480
3_9_2,865,Adv,0.5282828282828282,0.3575757575757576,60,1980
3_9_2,865,Ele,0.49166666666666664,0.2875,60,1200
3_9_2,866,Adv,0.5947916666666667,0.415625,60,960
3_9_2,866,Ele,0.5383333333333333,0.3283333333333333,60,600
3_9_2,867,Adv,0.6392156862745098,0.4284313725490196,60,1020
3_9_2,867,Ele,0.6285714285714286,0.39285714285714285,60,840
3_9_2,868,Adv,0.5941176470588235,0.3813725490196078,60,1020
3_9_2,868,Ele,0.5633333333333334,0.345,60,600
3_9_2,869,Adv,0.6684210526315789,0.4149122807017544,60,1140
3_9_2,869,Ele,0.5979166666666667,0.3958333333333333,60,960
3_9_2,870,Adv,0.5911111111111111,0.34444444444444444,60,900
3_9_2,870,Ele,0.6526315789473685,0.43333333333333335,60,1140
3_9_2,871,Adv,0.6243589743589744,0.45256410256410257,60,780
3_9_2,872,Adv,0.6821428571428572,0.5011904761904762,60,840
3_9_2,872,Ele,0.6714285714285714,0.4928571428571429,60,840
3_9_2,873,Adv,0.7102564102564103,0.5128205128205128,60,780
3_9_2,873,Ele,0.6294871794871795,0.45,60,780
3_9_2,874,Adv,0.6266666666666667,0.5266666666666666,60,300
3_9_2,874,Ele,0.5333333333333333,0.46,60,300
3_9_3,875,Adv,0.51,0.35,60,1200
3_9_3,875,Ele,0.5222222222222223,0.30694444444444446,60,720
3_9_3,876,Adv,0.5260416666666666,0.3177083333333333,60,960
3_9_3,876,Ele,0.5983680870353582,0.39981867633726204,60,1103
3_9_3,877,Adv,0.5916666666666667,0.3902777777777778,60,720
3_9_3,877,Ele,0.6128787878787879,0.42348484848484846,60,1320
3_9_3,878,Adv,0.6291666666666667,0.46041666666666664,60,960
3_9_3,879,Adv,0.6817460317460318,0.5087301587301587,60,1260
3_9_3,879,Ele,0.6614035087719298,0.4868421052631579,60,1140
3_9_3,880,Adv,0.6576512455516014,0.43558718861209966,60,1405
3_9_3,880,Ele,0.6063492063492063,0.4166666666666667,60,1260
3_9_3,881,Adv,0.6833333333333333,0.45526315789473687,60,1140
3_9_3,881,Ele,0.6743589743589744,0.4256410256410256,60,780
3_9_3,882,Adv,0.6431818181818182,0.47424242424242424,60,1320
3_9_3,882,Ele,0.6039215686274509,0.4019607843137255,60,1020
3_9_4,883,Adv,0.5652777777777778,0.2986111111111111,60,1440
3_9_4,883,Ele,0.5580246913580247,0.32098765432098764,60,1620
3_9_4,884,Adv,0.5969696969696969,0.32727272727272727,60,660
3_9_4,884,Ele,0.5984848484848485,0.3939393939393939,60,660
3_9_4,885,Adv,0.6115384615384616,0.38461538461538464,60,1560
3_9_4,886,Adv,0.6294117647058823,0.44509803921568625,60,1020
3_9_4,887,Adv,0.6340579710144928,0.4181159420289855,60,2760
3_9_4,887,Ele,0.6420833333333333,0.4266666666666667,60,2400
