batch,article_id,Adv_flesch_reading_ease,Adv_dale_chall_score,Adv_gunning_fog_index,Adv_ARI,Adv_smog_index,Adv_coleman_liau_index,Adv_flesch_kincaid_grade_score,Adv_CML2RI,Adv_CAREC,Adv_CARES,Adv_SBERT,Adv_gpt-4o_clear_prompt,Adv_gpt-5_clear_prompt,Adv_gemini-2.0-flash_clear_prompt,Adv_gemini-2.5-pro_clear_prompt,Adv_llama-3.3-70b-versatile_clear_prompt,Adv_claude-sonnet-4-0_clear_prompt,Adv_lexile,Adv_text_evaluator,Adv_cpidr_density,Adv_avg_integration_cost,Adv_avg_embedding_depth,Adv_mean_entropy_pythia,Adv_word_length,Adv_wordFreq_frequency,Adv_depid_density,Adv_max_embedding_depth,Adv_max_integration_cost,Adv_total_integration_cost,Adv_CAREC_M,Adv_mean_entropy_gpt2,Adv_gpt-4o_simple_prompt,Adv_gpt-5_simple_prompt,Adv_gemini-2.0-flash_simple_prompt,Adv_gemini-2.5-pro_simple_prompt,Adv_llama-3.3-70b-versatile_simple_prompt,Adv_claude-sonnet-4-0_simple_prompt,Adv_gpt-4o_clear_specific_prompt,Adv_gpt-5_clear_specific_prompt,Adv_gemini-2.0-flash_clear_specific_prompt,Adv_gemini-2.5-pro_clear_specific_prompt,Adv_llama-3.3-70b-versatile_clear_specific_prompt,Adv_claude-sonnet-4-0_clear_specific_prompt,Adv_mean_FirstPassGD,Adv_SkipRateTotal,Adv_RegRateTotal,Adv_mean_nonzero_FF,Adv_mean_nonzero_TF,Adv_reading_speed,Adv_mean_NF,Adv_mean_FD,Adv_mean_GD,Adv_SkipRateFirstPass,Adv_RegRateFirstPass,Adv_Pythia 70M Mean,Adv_Pythia 160M Mean,Adv_Pythia 410M Mean,Adv_Pythia 1B Mean,Adv_Pythia 1.4B Mean,Adv_Pythia 2.8B Mean,Adv_Pythia 6.9B Mean,Adv_GPT-2 117M Mean,Adv_GPT-2 345M Mean,Adv_GPT-2 774M Mean,Adv_GPT-2 1558M Mean,Adv_GPT-J 6B Mean,Adv_GPT-Neo 125M Mean,Adv_GPT-Neo 1.3B Mean,Adv_GPT-Neo 2.7B Mean,Adv_Llama-2 7B Mean,Adv_Llama-2 13B Mean,Adv_OPT 350M Mean,Adv_OPT 1.3B Mean,Adv_OPT 2.7B Mean,Adv_OPT 6.7B Mean,Adv_Mistral-v0.1 7B Mean,Adv_Mistral-v0.3 7B Mean,Adv_Gemma 7B Mean,Adv_Gemma-2 9B Mean,Adv_Recurrent-Gemma 9B Mean,Adv_Mamba 370M Mean,Adv_Mamba 790M Mean,Adv_Mamba 1.4B Mean,Adv_Mamba 2.8B Mean,Adv_Pythia 70M Max,Ele_flesch_reading_ease,Ele_dale_chall_score,Ele_gunning_fog_index,Ele_ARI,Ele_smog_index,Ele_coleman_liau_index,Ele_flesch_kincaid_grade_score,Ele_CML2RI,Ele_CAREC,Ele_CARES,Ele_SBERT,Ele_gpt-4o_clear_prompt,Ele_gpt-5_clear_prompt,Ele_gemini-2.0-flash_clear_prompt,Ele_gemini-2.5-pro_clear_prompt,Ele_llama-3.3-70b-versatile_clear_prompt,Ele_claude-sonnet-4-0_clear_prompt,Ele_lexile,Ele_text_evaluator,Ele_cpidr_density,Ele_avg_integration_cost,Ele_avg_embedding_depth,Ele_mean_entropy_pythia,Ele_word_length,Ele_wordFreq_frequency,Ele_depid_density,Ele_max_embedding_depth,Ele_max_integration_cost,Ele_total_integration_cost,Ele_CAREC_M,Ele_mean_entropy_gpt2,Ele_gpt-4o_simple_prompt,Ele_gpt-5_simple_prompt,Ele_gemini-2.0-flash_simple_prompt,Ele_gemini-2.5-pro_simple_prompt,Ele_llama-3.3-70b-versatile_simple_prompt,Ele_claude-sonnet-4-0_simple_prompt,Ele_gpt-4o_clear_specific_prompt,Ele_gpt-5_clear_specific_prompt,Ele_gemini-2.0-flash_clear_specific_prompt,Ele_gemini-2.5-pro_clear_specific_prompt,Ele_llama-3.3-70b-versatile_clear_specific_prompt,Ele_claude-sonnet-4-0_clear_specific_prompt,Ele_mean_FirstPassGD,Ele_SkipRateTotal,Ele_RegRateTotal,Ele_mean_nonzero_FF,Ele_mean_nonzero_TF,Ele_reading_speed,Ele_mean_NF,Ele_mean_FD,Ele_mean_GD,Ele_SkipRateFirstPass,Ele_RegRateFirstPass,Ele_Pythia 70M Mean,Ele_Pythia 160M Mean,Ele_Pythia 410M Mean,Ele_Pythia 1B Mean,Ele_Pythia 1.4B Mean,Ele_Pythia 2.8B Mean,Ele_Pythia 6.9B Mean,Ele_GPT-2 117M Mean,Ele_GPT-2 345M Mean,Ele_GPT-2 774M Mean,Ele_GPT-2 1558M Mean,Ele_GPT-J 6B Mean,Ele_GPT-Neo 125M Mean,Ele_GPT-Neo 1.3B Mean,Ele_GPT-Neo 2.7B Mean,Ele_Llama-2 7B Mean,Ele_Llama-2 13B Mean,Ele_OPT 350M Mean,Ele_OPT 1.3B Mean,Ele_OPT 2.7B Mean,Ele_OPT 6.7B Mean,Ele_Mistral-v0.1 7B Mean,Ele_Mistral-v0.3 7B Mean,Ele_Gemma 7B Mean,Ele_Gemma-2 9B Mean,Ele_Recurrent-Gemma 9B Mean,Ele_Mamba 370M Mean,Ele_Mamba 790M Mean,Ele_Mamba 1.4B Mean,Ele_Mamba 2.8B Mean,Ele_Pythia 70M Max,diff_flesch_reading_ease,diff_dale_chall_score,diff_gunning_fog_index,diff_ARI,diff_smog_index,diff_coleman_liau_index,diff_flesch_kincaid_grade_score,diff_CML2RI,diff_CAREC,diff_CARES,diff_SBERT,diff_gpt-4o_clear_prompt,diff_gpt-5_clear_prompt,diff_gemini-2.0-flash_clear_prompt,diff_gemini-2.5-pro_clear_prompt,diff_llama-3.3-70b-versatile_clear_prompt,diff_claude-sonnet-4-0_clear_prompt,diff_lexile,diff_text_evaluator,diff_cpidr_density,diff_avg_integration_cost,diff_avg_embedding_depth,diff_mean_entropy_pythia,diff_word_length,diff_wordFreq_frequency,diff_depid_density,diff_max_embedding_depth,diff_max_integration_cost,diff_total_integration_cost,diff_CAREC_M,diff_mean_entropy_gpt2,diff_gpt-4o_simple_prompt,diff_gpt-5_simple_prompt,diff_gemini-2.0-flash_simple_prompt,diff_gemini-2.5-pro_simple_prompt,diff_llama-3.3-70b-versatile_simple_prompt,diff_claude-sonnet-4-0_simple_prompt,diff_gpt-4o_clear_specific_prompt,diff_gpt-5_clear_specific_prompt,diff_gemini-2.0-flash_clear_specific_prompt,diff_gemini-2.5-pro_clear_specific_prompt,diff_llama-3.3-70b-versatile_clear_specific_prompt,diff_claude-sonnet-4-0_clear_specific_prompt,diff_mean_FirstPassGD,diff_SkipRateTotal,diff_RegRateTotal,diff_mean_nonzero_FF,diff_mean_nonzero_TF,diff_reading_speed,diff_mean_NF,diff_mean_FD,diff_mean_GD,diff_SkipRateFirstPass,diff_RegRateFirstPass,diff_Pythia 70M Mean,diff_Pythia 160M Mean,diff_Pythia 410M Mean,diff_Pythia 1B Mean,diff_Pythia 1.4B Mean,diff_Pythia 2.8B Mean,diff_Pythia 6.9B Mean,diff_GPT-2 117M Mean,diff_GPT-2 345M Mean,diff_GPT-2 774M Mean,diff_GPT-2 1558M Mean,diff_GPT-J 6B Mean,diff_GPT-Neo 125M Mean,diff_GPT-Neo 1.3B Mean,diff_GPT-Neo 2.7B Mean,diff_Llama-2 7B Mean,diff_Llama-2 13B Mean,diff_OPT 350M Mean,diff_OPT 1.3B Mean,diff_OPT 2.7B Mean,diff_OPT 6.7B Mean,diff_Mistral-v0.1 7B Mean,diff_Mistral-v0.3 7B Mean,diff_Gemma 7B Mean,diff_Gemma-2 9B Mean,diff_Recurrent-Gemma 9B Mean,diff_Mamba 370M Mean,diff_Mamba 790M Mean,diff_Mamba 1.4B Mean,diff_Mamba 2.8B Mean,diff_Pythia 70M Max
1,1,66.67,8.25,11.52,12.1,12.1,9.81,9.3,28.30734535245736,0.50579,2.480132270489413,-0.44794,45,40,65,30,54,25,1180,1130,0.4711409395973154,0.4170932467533226,3.057142857142857,6.5603633,4.693570451436388,10.824107084771434,0.4242021276595745,6,11.0,376.0,0.12844,5.7877054,11,10,11,11,9,10,45,40,65,32,42,25,245.64537785171103,0.3651837319051911,0.2283525107375788,207.25179585699968,371.5488916771225,3.403749520996241,1.1488944270640014,208.1190520145844,151.8376372023967,0.5537409194549021,0.2436430608365019,4.3635583,3.8738637,3.417838,3.249846,3.1244562,2.9715612,2.9059534,3.5939615,3.3105054,3.1292255,2.9994202,2.895762,3.7825317,3.2226136,3.0424953,2.6700156,2.513714,3.4263456,3.0433247,2.9280083,2.803516,2.511733,2.543358,2.6385717,2.6245894,2.6463788,3.3069205,3.12005,3.0325634,2.9147243,20.001057,70.33,7.71,9.21,9.2,9.9,8.41,7.9,30.22850753771716,0.33026,1.7729040453939544,-0.15781,15,32,62,25,40,25,1080,890,0.449814126394052,0.4762802479577562,2.533333333333333,6.2231374,4.502803738317757,10.649970394782656,0.4051565377532228,5,12.0,305.0,0.10042,5.4031177,8,8,7,8,8,8,45,35,48,15,40,25,237.10450932556856,0.3675365685456063,0.2035860767304272,203.6083787661406,340.43068795222234,3.741048721832084,1.060397081775616,204.52058873866164,146.66019382236578,0.5387826213204603,0.225072794522704,4.0068655,3.5520625,3.1233125,2.983318,2.8579895,2.7856987,2.7018783,3.2808042,3.0358405,2.9030533,2.8009012,2.667754,3.512594,2.9644618,2.834352,2.5486045,2.4382093,3.1273534,2.8302321,2.7311614,2.6323576,2.391417,2.3978846,2.5268004,2.4750047,2.5235076,2.9753375,2.877111,2.8159368,2.6947074,17.19541,-3.6599999999999966,0.54,2.3099999999999987,2.9000000000000004,2.1999999999999993,1.4000000000000004,1.4000000000000004,-1.9211621852597993,0.17552999999999996,0.7072282250954585,-0.29013,30.0,8.0,3.0,5.0,14.0,0.0,100.0,240.0,0.021326813203263406,-0.0591870012044336,0.5238095238095237,0.33722589999999997,0.1907667131186308,0.17413668998877796,0.01904558990635169,1.0,-1.0,71.0,0.028020000000000003,0.3845877,3.0,2.0,4.0,3.0,1.0,2.0,0.0,5.0,17.0,17.0,2.0,0.0,8.540868526142475,-0.00235283664041519,0.024766434007151616,3.6434170908590886,31.118203724900184,-0.33729920083584286,0.08849734528838527,3.598463275922768,5.1774433800309225,0.014958298134441828,0.01857026631379788,0.35669280000000025,0.3218011999999999,0.2945255000000002,0.26652799999999965,0.26646670000000006,0.18586249999999982,0.20407509999999984,0.31315729999999986,0.2746648999999999,0.22617220000000016,0.19851899999999967,0.228008,0.26993769999999984,0.2581517999999998,0.20814330000000014,0.1214111,0.07550469999999976,0.2989921999999998,0.21309259999999997,0.19684690000000016,0.17115839999999993,0.12031599999999987,0.1454734000000002,0.11177130000000002,0.14958470000000013,0.12287120000000007,0.33158299999999974,0.2429389999999998,0.2166266000000001,0.22001690000000007,2.8056470000000004
1,2,55.68,8.91,13.46,14.9,13.5,12.36,11.4,23.936447586249603,0.60855,2.5501445270289214,-1.04653,45,55,62,42,57,25,1350,1280,0.5034578146611342,0.4902142752223916,3.9,5.7213573,5.065459610027856,11.04437581413529,0.4234482758620689,10,19.0,451.0,0.22484,4.90139,12,12,10,12,9,10,45,44,68,55,42,25,245.64830508474577,0.3516242555495398,0.2168110449377368,208.40127760845056,364.0096519450132,3.410681094369626,1.1477260422306443,206.97523409675213,156.26922035733622,0.5400108283703303,0.2335805084745762,3.8836575,3.4479375,3.0236146,2.8470328,2.7785048,2.6379979,2.5712075,3.255418,2.961892,2.8262458,2.737235,2.53428,3.3961184,2.831961,2.6813738,2.440991,2.363397,3.1872401,2.8524857,2.7152324,2.5685716,2.324953,2.3172498,2.3947146,2.3719099,2.4043398,2.8828387,2.7420137,2.6647463,2.61172,18.39293,62.58,7.51,9.32,10.7,11.0,10.67,8.8,29.81302420273564,0.37733,1.8930091347590368,-0.53131,45,30,68,25,64,25,990,1060,0.4945652173913043,0.4634952964035382,2.8125,5.70297,4.881386861313868,10.775430532826242,0.4195298372513562,7,19.0,317.0,0.15488,5.0587964,10,10,9,9,9,8,45,40,65,22,64,25,238.01138708444785,0.3404579611512831,0.23365943570112,205.5383995270597,358.05366456955426,3.4000685677312696,1.1576988515525308,205.83996203423044,153.60470721678718,0.5361902736424217,0.245854031333588,3.7661252,3.2083755,2.8696933,2.7172515,2.622564,2.5011404,2.4781904,3.0833569,2.8383427,2.7055984,2.6018076,2.4549956,3.202839,2.6716597,2.5962136,2.3265433,2.244981,3.018208,2.6968138,2.594127,2.4922152,2.2446375,2.2365913,2.257054,2.2619047,2.2942214,2.7356355,2.6545506,2.5839424,2.5379865,18.168766,-6.899999999999999,1.4000000000000004,4.140000000000001,4.200000000000001,2.5,1.6899999999999995,2.5999999999999996,-5.876576616486037,0.23122000000000004,0.6571353922698846,-0.51522,0.0,25.0,-6.0,17.0,-7.0,0.0,360.0,220.0,0.008892597269829827,0.02671897881885338,1.0875,0.01838730000000055,0.18407274871398815,0.2689452813090476,0.003918438610712727,3.0,0.0,134.0,0.06996000000000002,-0.15740640000000017,2.0,2.0,1.0,3.0,0.0,2.0,0.0,4.0,3.0,33.0,-22.0,0.0,7.636918000297925,0.011166294398256726,-0.01684839076338318,2.8628780813908463,5.95598737545896,0.010612526638356545,-0.009972809321886489,1.1352720625216932,2.6645131405490474,0.003820554727908654,-0.012273522859011787,0.11753230000000014,0.23956200000000027,0.15392130000000037,0.12978129999999988,0.15594079999999977,0.13685749999999963,0.09301709999999996,0.17206110000000008,0.12354930000000008,0.12064740000000018,0.1354274000000002,0.0792843999999997,0.1932794000000002,0.16030129999999998,0.0851601999999998,0.11444769999999993,0.11841599999999985,0.1690320999999999,0.15567189999999975,0.12110540000000025,0.07635639999999988,0.08031549999999976,0.08065849999999974,0.1376605999999998,0.1100051999999998,0.11011839999999973,0.1472032000000003,0.08746310000000035,0.08080389999999982,0.0737334999999999,0.22416399999999825
1,3,62.38,8.59,10.2,9.7,10.7,9.05,8.9,27.27565030338981,0.44308,1.7812842716593498,-1.15106,45,44,68,28,36,25,1090,1430,0.5147058823529411,0.4071098563985446,3.096774193548387,6.6331735,4.6138059701492535,10.613928019605977,0.4517304189435337,7,11.0,244.0,0.17598,5.972696,11,11,9,10,9,10,45,42,68,34,42,25,250.83056747348823,0.353413508701813,0.2291174653925807,208.92717464598783,380.03685780203705,3.2841318261279504,1.186498564836682,209.51384125428712,157.1166660611125,0.5511753805907786,0.2471464421597992,4.5217133,4.0610294,3.6877518,3.572153,3.4725313,3.3492212,3.2412255,3.8814483,3.55885,3.3836348,3.2842686,3.1749156,4.0739336,3.5081167,3.402246,3.0445993,2.9166932,3.7550442,3.4125018,3.3488424,3.2019496,3.0062525,3.0155654,3.0651734,3.1168356,3.1077552,3.5836408,3.5050693,3.374338,3.242037,26.587173,82.65,7.14,7.33,6.1,8.5,6.55,5.2,32.15498911529052,0.18236,1.1768269214204916,-0.74188,45,25,62,10,32,25,880,830,0.4747474747474747,0.4326263577214478,2.357142857142857,6.26464,4.220812182741117,10.224830319919246,0.4164588528678304,6,8.0,203.0,0.05716,5.610043,8,8,7,6,8,8,45,24,62,8,32,25,241.24242424242425,0.37435367114788,0.2202688728024819,206.01707988980715,350.3072498029945,3.6932258747428537,1.0701236026985768,207.17992729280752,146.81627025163738,0.5531097651056286,0.2499173553719008,4.0272355,3.6316302,3.276146,3.1295645,3.0532112,2.952372,2.8679733,3.454433,3.1810114,3.1049297,2.9726417,2.8097372,3.6278229,3.1273637,2.9890852,2.702819,2.5433302,3.3613727,3.0182269,2.940431,2.8699927,2.5961716,2.6172903,2.6297867,2.620088,2.656013,3.1240938,3.0044308,3.0010087,2.8415525,28.128521,-20.270000000000003,1.4500000000000002,2.869999999999999,3.5999999999999996,2.1999999999999993,2.500000000000001,3.7,-4.879338811900709,0.26071999999999995,0.6044573502388582,-0.40918,0.0,19.0,6.0,18.0,4.0,0.0,210.0,600.0,0.03995840760546643,-0.02551650132290323,0.7396313364055298,0.36853349999999985,0.3929937874081366,0.38909769968673125,0.03527156607570331,1.0,3.0,41.0,0.11882,0.3626529999999999,3.0,3.0,2.0,4.0,1.0,2.0,0.0,18.0,6.0,26.0,10.0,0.0,9.588143231063981,-0.020940162446067,0.00884859259009882,2.9100947561806834,29.72960799904257,-0.4090940486149033,0.11637496213810516,2.3339139614795954,10.300395809475134,-0.0019343845148499517,-0.0027709132121016,0.4944778000000003,0.42939919999999976,0.41160580000000024,0.4425885000000003,0.4193201000000002,0.3968492000000001,0.37325220000000003,0.4270153000000003,0.3778386,0.2787050999999998,0.3116268999999998,0.3651784,0.4461107000000002,0.3807529999999999,0.4131608,0.3417802999999999,0.3733629999999999,0.39367149999999995,0.39427489999999965,0.4084114000000003,0.3319568999999998,0.4100809000000001,0.39827509999999977,0.4353867,0.49674759999999996,0.4517422,0.45954700000000015,0.5006385,0.3733293,0.4004844999999997,-1.5413479999999993
1,4,68.1,8.41,11.16,11.6,11.6,9.75,8.7,28.946007117675528,0.53647,2.394669677982779,-0.81292,65,40,62,58,56,25,1070,1060,0.5170370370370371,0.4427655207773623,2.606060606060606,6.7717247,4.657657657657658,11.012374060389948,0.4318840579710145,6,11.0,382.0,0.17353,6.0172486,12,12,11,11,10,11,65,52,62,60,36,25,249.15651544083755,0.3472291198036867,0.2402208524436914,208.0606399641978,380.3758960573477,3.228479671521836,1.2063918670211211,207.90764238667185,158.5342233647863,0.5563378224416464,0.2593665635082636,4.683609,4.2029386,3.7978306,3.6611834,3.545552,3.4280195,3.3764455,3.996209,3.7615256,3.6271167,3.5191016,3.3567188,4.139169,3.6089025,3.47992,3.1655097,3.1178799,3.8600924,3.507675,3.4438756,3.2513611,3.095063,3.088675,3.1313639,3.1909902,3.133142,3.6936903,3.505807,3.4383812,3.3370872,28.161324,80.72,7.16,7.95,8.0,9.2,7.65,6.0,35.79078934328504,0.35592,1.987623693941416,-0.05046,65,35,55,15,46,25,900,800,0.4982142857142857,0.4830043648807591,2.085714285714286,6.2704263,4.335714285714285,10.620984452805432,0.411660777385159,6,14.0,357.0,0.09509,6.0334864,8,8,8,8,9,8,45,34,62,12,40,25,236.1468586801709,0.3560089918727304,0.2432993256095452,205.2972450459159,358.8795808704997,3.477385219577271,1.132180529137126,205.41335491951003,148.45381289987895,0.562925817049974,0.2677638866909321,4.320714,3.9228115,3.55122,3.4253469,3.4063275,3.2600355,3.265405,3.7409968,3.5293067,3.4443371,3.3322206,3.2114718,3.858463,3.4454904,3.338358,3.080218,3.0013556,3.598762,3.3956134,3.296619,3.1522334,3.0256631,3.0321465,3.0228589,3.0478904,3.054795,3.4552565,3.3844018,3.3406518,3.2644475,19.717335,-12.620000000000005,1.25,3.21,3.5999999999999996,2.4000000000000004,2.0999999999999996,2.6999999999999993,-6.844782225609514,0.18055,0.40704598404136316,-0.76246,0.0,5.0,7.0,43.0,10.0,0.0,170.0,260.0,0.018822751322751352,-0.04023884410339679,0.5203463203463201,0.5012984000000005,0.3219433719433722,0.39138960758451624,0.020223280585855485,0.0,-3.0,25.0,0.07844,-0.016237799999999858,4.0,4.0,3.0,3.0,1.0,3.0,20.0,18.0,0.0,48.0,-4.0,0.0,13.009656760666644,-0.008779872069043682,-0.003078473165853801,2.7633949182819038,21.496315186847994,-0.24890554805543497,0.07421133788399503,2.4942874671618256,10.080410464907345,-0.006587994608327596,-0.008397323182668504,0.36289499999999997,0.2801271000000005,0.24661060000000035,0.2358365,0.13922449999999964,0.16798400000000013,0.1110405000000001,0.2552121999999999,0.23221890000000034,0.18277960000000038,0.18688100000000007,0.1452469999999999,0.2807059999999999,0.16341209999999995,0.14156199999999997,0.08529169999999997,0.11652430000000003,0.2613304000000003,0.1120616000000001,0.14725659999999996,0.09912769999999993,0.06939990000000007,0.05652849999999976,0.10850500000000007,0.1430997999999999,0.07834699999999994,0.23843380000000014,0.12140519999999988,0.09772939999999997,0.07263969999999986,8.443989000000002
1,5,54.46,9.55,13.98,14.9,13.2,11.15,11.9,17.9129128047707,0.50334,2.0522005843861315,-1.31193,45,52,68,35,56,25,1230,1140,0.4869565217391304,0.5279349046420299,3.5217391304347827,6.9210443,4.875432525951557,11.218029609409662,0.4198988195615514,7,17.0,392.0,0.18123,5.8393598,12,12,10,11,9,10,45,57,62,28,45,25,251.7330476044696,0.3486423064029501,0.2463627220918538,208.6672671127123,388.85314144227794,3.130807006673925,1.227891384512236,210.5134869498744,160.17180690579954,0.5619845792826014,0.2537884585948263,4.5685782,3.9833498,3.446102,3.2586744,3.1600356,3.0237837,2.9162037,3.7572625,3.3853416,3.2793288,3.1557493,2.8606706,3.9662359,3.2015462,3.0933027,2.6545262,2.5771716,3.5599556,3.1200054,3.021172,2.8895772,2.6382015,2.65873,2.6823788,2.719647,2.7308853,3.365275,3.1416645,3.083374,2.9626641,17.621979,57.2,8.84,12.27,13.1,12.4,10.62,10.8,20.019004962801333,0.41128,1.620831147381684,-1.06536,45,35,68,32,43,25,1160,980,0.4925053533190578,0.5238460169512357,3.1904761904761907,6.6268673,4.7876857749469215,11.01202806294276,0.4232365145228215,7,17.0,307.0,0.18197,5.6223907,9,10,8,8,9,9,45,40,62,18,36,25,245.44451601030548,0.3612225484924934,0.2308201331734149,207.6519261897054,367.6081545342581,3.438105302119156,1.1437611150171636,207.33925149159285,152.61768476777368,0.5505190454526655,0.2458594037541406,4.290365,3.7344267,3.3068588,3.1204817,3.0446844,2.945543,2.8683445,3.5259433,3.240357,3.1315954,3.0475132,2.813132,3.7253475,3.1291208,2.980165,2.6523855,2.6261797,3.3487084,3.0318956,2.92793,2.846233,2.6803179,2.6906972,2.6904998,2.6891646,2.7409592,3.237,3.0392885,3.0142283,2.9288526,17.720573,-2.740000000000002,0.7100000000000009,1.7100000000000009,1.8000000000000007,0.7999999999999989,0.5300000000000011,1.0999999999999996,-2.106092158030634,0.09206000000000003,0.4313694370044474,-0.24656999999999996,0.0,17.0,0.0,3.0,13.0,0.0,70.0,160.0,-0.005548831579927416,0.004088887690794185,0.331262939958592,0.29417700000000035,0.08774675100463547,0.2060015464669025,-0.0033376949612701212,0.0,0.0,85.0,-0.0007399999999999907,0.21696910000000003,3.0,2.0,2.0,3.0,0.0,1.0,0.0,17.0,0.0,10.0,9.0,0.0,6.2885315941641124,-0.012580242089543336,0.015542588918438904,1.015340923006903,21.244986908019825,-0.30729829544523124,0.0841302694950723,3.1742354582815437,7.5541221380258605,0.01146553382993587,0.007929054840685706,0.2782131999999997,0.24892309999999984,0.13924320000000012,0.13819269999999984,0.1153512000000001,0.07824070000000027,0.04785919999999999,0.23131920000000017,0.1449845999999999,0.1477333999999999,0.10823610000000006,0.04753860000000021,0.24088840000000022,0.0724254000000002,0.11313770000000023,0.0021406999999999954,-0.0490081,0.21124719999999986,0.08810980000000024,0.09324200000000005,0.04334420000000039,-0.04211639999999983,-0.03196719999999997,-0.008121000000000045,0.030482400000000354,-0.010073899999999636,0.12827499999999992,0.10237600000000002,0.06914569999999998,0.033811500000000105,-0.09859400000000207
1,6,55.78,9.22,13.08,14.2,12.3,11.55,11.4,13.24947539745532,0.38765,1.3358860465514544,-1.10231,45,42,68,35,45,25,1330,1030,0.5145631067961165,0.4483223288609727,3.7058823529411766,6.5162086,4.94320987654321,11.243044424226312,0.4565217391304347,5,8.0,208.0,0.18817,5.7387056,10,11,10,11,9,10,45,43,65,32,36,25,249.96477728405765,0.3665996553704767,0.2300880719892782,207.11388196176227,378.245020071196,3.300145048942688,1.1710702661305763,208.806997465871,153.42408577445912,0.5583476928968026,0.2372385390701203,4.3616357,3.8148127,3.269276,2.9823418,2.9017565,2.756431,2.673972,3.5597057,3.1009471,2.978682,2.8654873,2.5798993,3.767439,2.9898078,2.8293152,2.4830701,2.2221234,3.4848588,3.008617,2.8368468,2.7017596,2.3846245,2.419894,2.494017,2.4735677,2.5026038,3.0839078,2.852837,2.7697825,2.6114476,34.42737,68.1,8.05,10.56,11.6,11.0,10.21,8.7,19.583872739130427,0.28416,1.1782042362383351,-0.14072,15,24,68,12,30,25,1160,770,0.5109289617486339,0.4377091375165557,3.4444444444444446,6.502545,4.759002770083103,11.016584803332792,0.4701086956521739,7,7.0,189.0,0.12695,5.459093,8,8,7,8,8,8,15,30,62,12,34,25,242.1642908915197,0.3701535817849855,0.2121684029642358,205.72845084832463,356.21962057767905,3.504342424166277,1.1118569434002792,206.92972711905335,149.07335409730428,0.5554720223391687,0.2258999758395747,3.966874,3.4801776,2.9409947,2.7285442,2.6918623,2.542339,2.5120027,3.2004032,2.8311439,2.7216957,2.6250637,2.4440222,3.4641807,2.800433,2.6177418,2.328331,2.1446648,3.1822872,2.738135,2.6165195,2.492542,2.2147772,2.2248442,2.296558,2.2346804,2.291944,2.8596246,2.6369448,2.5850947,2.4782777,34.330868,-12.319999999999993,1.17,2.5199999999999996,2.5999999999999996,1.3000000000000007,1.3399999999999999,2.700000000000001,-6.334397341675107,0.10348999999999997,0.15768181031311923,-0.96159,30.0,18.0,0.0,23.0,15.0,0.0,170.0,260.0,0.0036341450474826065,0.010613191344416961,0.261437908496732,0.013663600000000109,0.18420710646010718,0.2264596208935199,-0.01358695652173919,-2.0,1.0,19.0,0.06122,0.2796126000000001,2.0,3.0,3.0,3.0,1.0,2.0,30.0,13.0,3.0,20.0,2.0,0.0,7.800486392537948,-0.003553926414508801,0.017919669025042384,1.3854311134376474,22.025399493516943,-0.20419737522358927,0.05921332273029711,1.877270346817653,4.35073167715484,0.002875670557633936,0.011338563230545606,0.3947617000000001,0.33463509999999985,0.3282813,0.25379759999999996,0.20989419999999992,0.21409199999999995,0.16196929999999998,0.3593025000000001,0.26980320000000013,0.2569862999999999,0.24042359999999974,0.13587710000000008,0.3032583,0.18937479999999995,0.2115733999999998,0.15473910000000002,0.07745859999999993,0.30257159999999983,0.2704819999999999,0.22032730000000011,0.20921760000000011,0.16984730000000026,0.19504980000000005,0.19745899999999983,0.23888730000000002,0.21065980000000017,0.2242831999999999,0.21589219999999987,0.18468779999999985,0.13316989999999995,0.09650200000000098
1,7,68.6,7.39,10.27,10.1,12.2,8.47,8.5,27.99482901486877,0.42216,2.0058603598988487,-0.14917,15,32,68,8,54,25,1110,1060,0.4897959183673469,0.3992559191451046,2.7419354838709675,6.986549,4.413559322033898,11.215581422193605,0.4131534569983137,6,13.0,312.0,0.13898,6.063174,8,9,8,8,9,8,15,23,62,22,56,25,241.64608649709413,0.3910969270250707,0.1963545436599328,205.9510995839412,333.83776624499944,3.979786789360396,0.9954596301901693,205.1673387096774,143.83039415674145,0.5640915970257288,0.245150577402068,4.590748,3.95035,3.4356415,3.2806919,3.099989,2.954566,2.8486094,3.781545,3.403279,3.1685407,3.0239844,2.795996,3.9350007,3.1901977,3.0991375,2.5438604,2.442191,3.534672,3.0581427,2.9374657,2.708613,2.4600172,2.4790876,2.5041416,2.5422952,2.5305126,3.301649,3.1261108,3.0444877,2.8868766,22.620628,71.04,6.64,8.63,8.5,11.5,7.65,7.6,30.092825466104703,0.33476,1.6972367052225024,-0.04545,15,30,35,3,30,25,1010,969,0.4951644100580271,0.380726889004799,2.4375,6.8725595,4.317919075144508,11.145707931677377,0.425287356321839,5,14.0,261.0,0.11501,6.0241055,8,7,6,6,7,6,15,30,68,8,36,15,236.9533240272204,0.3924737216174765,0.1889799124677365,204.31377378240256,323.8047053027037,4.141196449201782,0.9621441663861146,205.01726215932507,141.6849212583698,0.5712415366775146,0.2462048508113767,4.520839,3.9091086,3.4303145,3.2426412,3.1242428,2.9784431,2.8730636,3.7169838,3.3745878,3.1929958,3.0962934,2.8390038,3.9008,3.235837,3.0865238,2.6045616,2.484917,3.513219,3.0987594,2.9975548,2.7767596,2.5024266,2.5135756,2.5400484,2.554989,2.5746474,3.2760053,3.1458855,3.0416796,2.9338658,22.877491,-2.440000000000012,0.75,1.6399999999999988,1.5999999999999996,0.6999999999999993,0.8200000000000003,0.9000000000000004,-2.0979964512359324,0.08739999999999998,0.30862365467634634,-0.10372,0.0,2.0,33.0,5.0,24.0,0.0,100.0,91.0,-0.005368491690680155,0.018529030140305602,0.3044354838709675,0.11398949999999974,0.09564024688938932,0.06987349051622793,-0.012133899323525321,1.0,-1.0,51.0,0.02396999999999999,0.03906849999999995,0.0,2.0,2.0,2.0,2.0,2.0,0.0,-7.0,-6.0,14.0,20.0,10.0,4.692762469873742,-0.0013767945924058056,0.007374631192196307,1.6373258015386227,10.03306094229572,-0.16140965984138633,0.0333154638040547,0.15007655035233824,2.1454728983716507,-0.007149939651785897,-0.0010542734093086925,0.069909,0.04124139999999965,0.00532699999999986,0.03805069999999988,-0.024253800000000325,-0.023877099999999984,-0.024454200000000093,0.06456119999999999,0.028691199999999917,-0.024455099999999952,-0.07230900000000018,-0.04300779999999982,0.03420069999999997,-0.04563929999999994,0.012613699999999728,-0.06070120000000001,-0.04272600000000004,0.021453000000000166,-0.04061670000000017,-0.060089099999999895,-0.06814659999999995,-0.042409400000000375,-0.03448799999999963,-0.035906799999999794,-0.012693800000000088,-0.04413480000000014,0.025643699999999825,-0.0197746999999997,0.002808099999999758,-0.046989200000000064,-0.2568629999999992
1,8,52.53,8.46,13.52,15.9,13.4,11.38,12.6,23.91568448256597,0.5261,2.272244973762864,-0.60742,45,38,68,28,43,25,1330,1080,0.5303951367781155,0.50046835030729,3.8,6.659595,4.90446841294299,10.73442935384472,0.4486404833836858,11,14.0,398.0,0.16462,5.803017,12,11,9,10,9,10,45,42,65,32,45,25,241.0499799813159,0.3622803615643925,0.2437874765072641,204.1958647144127,372.5341271329458,3.342809548583087,1.1789027773634435,205.39306138974644,150.40491035470302,0.5529369648876824,0.2571066328573335,4.5128045,3.9873183,3.4301505,3.2163112,3.104716,2.9572349,2.847531,3.7803633,3.3657825,3.2457376,3.0714064,2.8268225,3.9009955,3.2020562,3.0759108,2.5712593,2.5030842,3.562476,3.0913804,2.9511492,2.7916055,2.4899645,2.459608,2.508119,2.5369527,2.5471177,3.271721,3.0921924,2.999114,2.830833,21.557215,63.43,7.67,11.96,13.7,12.8,10.22,10.5,24.868545590080032,0.42964,1.938678907838536,-0.11641,45,33,62,12,45,25,1240,980,0.5288966725043783,0.5181306336376358,4.3478260869565215,6.1849475,4.691901408450704,10.4922628733989,0.4425087108013937,11,16.0,357.0,0.16189,5.41273,9,9,7,8,8,7,15,41,62,15,45,25,236.5486813103291,0.3670535072404231,0.2313854369929136,204.5163069933474,357.227383598027,3.479168260159864,1.1322104686590668,205.1429564901884,146.490671322447,0.5495874841669234,0.2393402751387094,4.050667,3.5757122,3.1527894,2.9416268,2.853403,2.7107928,2.648159,3.4529996,3.0688913,2.9458742,2.8709714,2.655592,3.599445,2.9277804,2.8010306,2.4449027,2.3775232,3.2901385,2.8222861,2.752579,2.6377082,2.381759,2.365414,2.3833373,2.392339,2.415599,2.9838746,2.869784,2.8030827,2.6382449,21.45915,-10.899999999999999,0.7900000000000009,1.5599999999999987,2.200000000000001,0.5999999999999996,1.1600000000000001,2.0999999999999996,-0.9528611075140638,0.09645999999999999,0.3335660659243278,-0.49100999999999995,0.0,5.0,6.0,16.0,-2.0,0.0,90.0,100.0,0.0014984642737371212,-0.017662283330345807,-0.5478260869565217,0.47464750000000056,0.2125670044922856,0.24216648044581923,0.006131772582292083,0.0,-2.0,41.0,0.0027299999999999824,0.39028699999999983,3.0,2.0,2.0,2.0,1.0,3.0,30.0,1.0,3.0,17.0,0.0,0.0,4.501298670986785,-0.0047731456760306545,0.012402039514350482,-0.32044227893470634,15.30674353491878,-0.13635871157677704,0.046692308704376684,0.25010489955803905,3.914239032256006,0.003349480720759024,0.017766357718624087,0.46213749999999987,0.4116061000000002,0.2773610999999998,0.27468439999999994,0.2513129999999997,0.2464420999999999,0.19937199999999988,0.3273636999999998,0.2968911999999997,0.2998634,0.2004349999999997,0.17123050000000006,0.3015505000000003,0.27427579999999985,0.27488020000000013,0.12635659999999982,0.1255609999999998,0.27233750000000034,0.2690942999999999,0.19857020000000025,0.15389730000000013,0.10820549999999995,0.09419399999999989,0.12478170000000022,0.14461369999999985,0.1315187,0.28784639999999984,0.22240839999999995,0.19603130000000002,0.19258810000000004,0.09806499999999829
1,9,71.44,8.31,9.68,9.1,10.4,8.47,7.4,30.80047046888496,0.3906,2.0533139649822183,-0.63471,45,43,58,30,56,25,1000,980,0.5369774919614148,0.3737282594979962,2.4242424242424243,6.987368,4.54,10.632859308146424,0.4518167456556082,5,16.0,307.0,0.1028,6.124102,12,11,9,11,10,10,45,42,68,35,54,25,244.77059762615397,0.3458189851211747,0.2424143980248197,206.7645627451954,368.0390889198329,3.3311379406489485,1.1777987135338834,206.97454144255968,156.70976544733935,0.5319667338054708,0.2509196918164781,4.6098323,4.1975975,3.6491833,3.4834232,3.3837917,3.2015498,3.09497,3.987223,3.6198332,3.40471,3.3199081,3.0960007,4.127177,3.4656975,3.3464217,2.8470993,2.7664046,3.7783818,3.3368065,3.1858735,3.0564759,2.782456,2.7399433,2.8186648,2.8045323,2.8549256,3.5338395,3.3655279,3.266841,3.106287,20.906986,81.53,7.52,7.91,7.8,9.0,7.59,5.6,31.71073494315068,0.25154,1.739217295665059,-0.1338,45,35,68,15,45,25,900,819,0.5261194029850746,0.3795546699461902,2.225806451612903,6.7445726,4.440545808966862,10.475666957365508,0.455045871559633,5,11.0,246.0,0.04801,6.019727,9,9,7,8,9,8,15,30,62,22,45,25,235.50861791237116,0.3360711325446462,0.2653153492577801,204.34036999205537,364.5097437645588,3.303997358717761,1.1984402079722705,204.57181929642556,152.90580966016125,0.5322130962248511,0.264819587628866,4.4772873,3.999637,3.5121837,3.3661776,3.2619143,3.094427,2.9922197,3.8240144,3.5083349,3.2871387,3.23037,2.9867656,3.9166775,3.3617978,3.2235522,2.780624,2.6917906,3.5955236,3.2231793,3.0643492,2.9695573,2.7006278,2.6685848,2.7542026,2.6860745,2.7356856,3.4268818,3.254887,3.153391,3.0037773,20.208817,-10.090000000000003,0.7900000000000009,1.7699999999999996,1.2999999999999998,1.4000000000000004,0.8800000000000008,1.8000000000000007,-0.9102644742657198,0.13906000000000002,0.3140966693171594,-0.50091,0.0,8.0,-10.0,15.0,11.0,0.0,100.0,161.0,0.010858088976340108,-0.005826410448193986,0.19843597262952128,0.24279540000000033,0.09945419103313835,0.15719235078091565,-0.003229125904024799,0.0,5.0,61.0,0.054790000000000005,0.1043750000000001,3.0,2.0,2.0,3.0,1.0,2.0,30.0,12.0,6.0,13.0,9.0,0.0,9.261979713782807,0.009747852576528493,-0.022900951232960404,2.4241927531400336,3.529345155274143,0.027140581931187402,-0.02064149443838703,2.402722146134124,3.803955787178097,-0.00024636241938036374,-0.013899895812387875,0.13254499999999947,0.19796049999999976,0.13699959999999978,0.11724559999999995,0.12187740000000025,0.10712279999999996,0.10275029999999985,0.16320860000000037,0.11149830000000005,0.11757130000000027,0.08953809999999995,0.10923509999999981,0.21049949999999962,0.10389969999999993,0.12286950000000019,0.06647530000000001,0.07461399999999996,0.18285820000000008,0.11362719999999982,0.12152429999999992,0.08691860000000018,0.0818281999999999,0.0713585000000001,0.06446219999999991,0.11845779999999984,0.11924000000000001,0.10695770000000016,0.11064089999999993,0.11344999999999983,0.10250970000000015,0.698169
1,10,58.96,8.62,13.65,15.1,11.7,9.47,12.2,26.531654941429444,0.65328,2.8840025138590297,-0.90456,70,46,65,38,34,25,1360,1019,0.5046948356807511,0.491646518618622,3.034482758620689,6.7661533,4.520759193357058,11.078755457238064,0.4590163934426229,6,24.0,497.0,0.14328,6.4179316,12,11,11,10,10,10,65,38,68,35,38,25,247.58032231574623,0.3439424579465024,0.2507353617060391,208.22550702301305,377.2616792929293,3.2542095465177288,1.1990072616968472,208.86284881938056,156.61609522934094,0.5522566412354076,0.2671422705809895,4.80625,4.3570814,3.8751376,3.6989965,3.594082,3.462388,3.3638086,4.239669,3.8872566,3.7146733,3.5978081,3.3015082,4.315379,3.6299486,3.5238318,3.0959752,3.0035405,3.96126,3.5411732,3.3856833,3.2589579,2.9959762,2.9989088,2.9587348,2.9899943,3.0122066,3.7799137,3.611073,3.472391,3.3656218,29.194191,79.5,7.4,8.38,8.8,9.2,8.06,6.4,33.729527187272666,0.47873,2.2348846593742984,-0.64995,45,32,68,15,30,25,1020,740,0.4931506849315068,0.4860411078225502,2.4473684210526314,6.6962457,4.423963133640553,11.04262449100932,0.45662100456621,5,23.0,388.0,0.12752,6.164659,8,8,7,8,8,8,45,34,65,22,40,25,239.4239714933593,0.3585677596607537,0.2198829361524219,206.7176311746357,343.3454748707439,3.674957093762876,1.0771367138505643,205.3555684937204,149.64833064564294,0.5390611001612614,0.2552640103660512,4.5653906,4.0914936,3.6223006,3.4440184,3.3843546,3.2901518,3.2051427,3.9088693,3.6156907,3.480318,3.408465,3.0860765,4.0419893,3.415686,3.3282042,2.9426115,2.8535762,3.6843798,3.3431182,3.194963,3.070494,2.8416357,2.8578875,2.8611178,2.8277612,2.834267,3.5456643,3.4032128,3.2691562,3.1958733,33.524006,-20.54,1.2199999999999989,5.27,6.299999999999999,2.5,1.4100000000000001,5.799999999999999,-7.197872245843222,0.17454999999999998,0.6491178544847314,-0.25461,25.0,14.0,-3.0,23.0,4.0,0.0,340.0,279.0,0.011544150749244309,0.005605410796071797,0.5871143375680576,0.06990759999999963,0.09679605971650496,0.03613096622874323,0.002395388876412885,1.0,1.0,109.0,0.015759999999999996,0.25327259999999985,4.0,3.0,4.0,2.0,2.0,2.0,20.0,4.0,3.0,13.0,-2.0,0.0,8.15635082238694,-0.014625301714251304,0.030852425553617197,1.5078758483773527,33.91620442218539,-0.4207475472451474,0.12187054784628293,3.5072803256601617,6.967764583697999,0.013195541074146222,0.011878260214938319,0.2408594000000006,0.2655878000000005,0.252837,0.25497809999999976,0.20972740000000023,0.17223619999999995,0.15866589999999992,0.33079970000000003,0.27156590000000014,0.23435529999999982,0.18934309999999988,0.2154316999999999,0.27338970000000007,0.21426260000000008,0.1956275999999999,0.15336369999999988,0.14996430000000016,0.2768801999999999,0.19805499999999965,0.19072030000000018,0.1884638999999999,0.1543405,0.14102130000000024,0.09761700000000006,0.16223310000000035,0.17793959999999975,0.23424939999999994,0.20786020000000027,0.20323480000000016,0.16974849999999986,-4.329815
2,1,64.64,8.29,11.93,12.8,11.8,9.64,10.1,32.038819728205695,0.55927,2.7047139528631488,-0.93101,45,43,58,32,45,25,1300,1090,0.528395061728395,0.4451531068436604,2.8823529411764706,6.632031,4.62155388471178,11.070258095292523,0.4698067632850241,11,30.0,474.0,0.16844,5.939364,11,11,9,11,9,9,45,40,65,22,38,25,243.13589930682232,0.3754796570962035,0.2032929650292556,206.6974464005578,345.0091599057838,3.7603783709262073,1.05350387807865,206.4486321717341,148.19746904340727,0.5524289018914138,0.2190806275082086,4.5631127,4.0993805,3.584972,3.3960412,3.284833,3.113941,3.0279303,3.8767974,3.5459733,3.3541749,3.2358148,3.0031455,4.017774,3.343218,3.2250152,2.7429976,2.6660566,3.6074784,3.1658294,3.0501149,2.9395578,2.6532037,2.652184,2.7014775,2.7458866,2.7418418,3.4007146,3.1966152,3.1807692,3.0338871,19.764576,69.72,7.81,9.73,10.4,10.7,9.34,8.1,33.01651469483487,0.40618,1.9889189511135303,-0.63146,25,42,68,15,40,25,1150,919,0.5249169435215947,0.4208952114960851,2.46875,6.66704,4.630067567567568,11.094510008426772,0.4675324675324675,10,19.0,332.0,0.15336,6.0748973,8,9,8,9,8,8,45,34,62,18,40,25,239.7030805494595,0.3592820964545254,0.2237392644791896,204.3188978633213,346.99512866066823,3.655328878208096,1.1041987814725098,202.32996509888648,148.82430448506202,0.5484474785289584,0.2198650735592945,4.4822187,4.014753,3.5248933,3.3521001,3.2532961,3.1103797,3.0616262,3.8268573,3.5287194,3.3389385,3.2113128,2.9971325,3.9129617,3.3149922,3.2165952,2.75497,2.667869,3.5748608,3.1952984,3.0447547,2.9329622,2.6726234,2.6772885,2.7124493,2.7249966,2.7208962,3.371235,3.1644642,3.1427314,3.009972,19.001389,-5.079999999999998,0.47999999999999954,2.1999999999999993,2.4000000000000004,1.1000000000000014,0.3000000000000007,2.0,-0.9776949666291728,0.15309000000000006,0.7157950017496184,-0.29955,20.0,1.0,-10.0,17.0,5.0,0.0,150.0,171.0,0.003478118206800329,0.024257895347575276,0.41360294117647056,-0.03500900000000051,-0.008513682855788574,-0.02425191313424868,0.0022742957525565544,1.0,11.0,142.0,0.01508000000000001,-0.13553329999999963,3.0,2.0,1.0,2.0,1.0,1.0,0.0,6.0,3.0,4.0,-2.0,0.0,3.4328187573628384,0.0161975606416781,-0.020446299449934008,2.3785485372364974,-1.985968754884425,0.10504949271811137,-0.050694903393859736,4.1186670728476145,-0.6268354416547481,0.0039814233624554385,-0.0007844460510859075,0.0808939999999998,0.08462749999999986,0.06007870000000004,0.043941100000000066,0.03153689999999987,0.0035612999999998785,-0.03369590000000011,0.049940100000000154,0.017253900000000044,0.015236400000000039,0.024502000000000024,0.006012999999999824,0.1048123000000003,0.028225799999999968,0.008420000000000094,-0.011972400000000327,-0.0018123999999999363,0.032617600000000024,-0.02946900000000019,0.005360200000000148,0.006595600000000257,-0.019419699999999818,-0.025104499999999863,-0.010971799999999643,0.020890000000000075,0.02094560000000012,0.02947960000000016,0.03215100000000026,0.03803779999999968,0.023915099999999967,0.7631870000000021
2,2,66.03,9.28,9.65,9.2,10.7,10.43,7.5,33.61282882848168,0.59056,2.2361509173363414,-0.84824,45,37,62,35,36,25,970,969,0.5007751937984496,0.4022021858209401,2.591836734693877,7.5193458,4.856481481481482,12.003785429492986,0.4463190184049079,7,7.0,323.0,0.18022,6.71969,10,10,10,10,9,9,45,38,68,32,40,25,249.89288754740343,0.3746487354476114,0.2149404522949284,205.9320066334992,361.08869500053527,3.596642170335002,1.098420982202596,206.75872571115303,151.05740666399038,0.5677438779606584,0.2359724479529448,5.2282796,4.6625376,4.0856414,3.8524983,3.7484767,3.566747,3.4660819,4.501303,4.083375,3.877366,3.7711213,3.436541,4.6046686,3.8665857,3.6817744,3.2712195,3.1742098,4.2942805,3.7491956,3.577928,3.4587514,3.1536026,3.1816869,3.141756,3.2796288,3.2252378,3.9543371,3.7606902,3.6372354,3.4559455,31.46992,83.05,7.77,7.45,7.4,9.2,8.23,5.1,34.874846281625324,0.39744,1.8935358854944035,-0.29762,45,28,68,22,45,25,910,600,0.483065953654189,0.4254465182010324,2.261904761904762,6.9005294,4.506261180679785,11.285377567587354,0.431095406360424,6,7.0,289.0,0.11218,6.288468,8,7,7,8,9,8,25,32,62,18,45,25,246.08271262774983,0.3617370250322178,0.2197836529074081,206.315834557024,342.3646547502449,3.736083020831236,1.071347678369196,204.99573521907124,150.07232397391337,0.549107665872613,0.2365321323402044,4.64024,4.167478,3.6736238,3.503815,3.4314618,3.2352858,3.1754274,3.972274,3.6726253,3.459621,3.3839247,3.1304376,4.0503793,3.433726,3.36354,2.9709072,2.8463843,3.7964382,3.402023,3.2279167,3.1509058,2.861681,2.878118,2.8619618,2.9465094,2.9435575,3.570237,3.3728576,3.253434,3.162779,28.864147,-17.019999999999996,1.5099999999999998,2.2,1.799999999999999,1.5,2.1999999999999993,2.4000000000000004,-1.2620174531436419,0.19311999999999996,0.34261503184193787,-0.55062,0.0,9.0,-6.0,13.0,-9.0,0.0,60.0,369.0,0.01770924014426062,-0.023244332380092325,0.32993197278911524,0.6188164,0.35022030080169664,0.7184078619056322,0.015223612044483914,1.0,0.0,34.0,0.06803999999999999,0.431222,2.0,3.0,3.0,2.0,0.0,1.0,20.0,6.0,6.0,14.0,-5.0,0.0,3.8101749196536048,0.012911710415393629,-0.004843200612479698,-0.383827923524791,18.724040250290386,-0.1394408504962339,0.02707330383340012,1.7629904920817978,0.9850826900770073,0.018636212088045445,-0.0005596843872595902,0.5880395999999992,0.49505960000000027,0.4120176,0.34868330000000025,0.31701489999999977,0.3314611999999997,0.29065450000000004,0.529029,0.4107497000000002,0.41774500000000003,0.3871965999999998,0.3061034,0.5542892999999998,0.43285969999999985,0.31823440000000014,0.30031229999999987,0.3278254999999999,0.4978423000000003,0.3471726000000004,0.3500112999999998,0.3078456000000003,0.2919216000000002,0.3035688999999997,0.2797942,0.33311939999999973,0.2816803000000001,0.38410009999999994,0.38783259999999986,0.38380139999999985,0.2931664999999999,2.6057729999999992
2,3,57.81,8.9,12.53,12.6,13.0,10.27,10.6,24.415273431351373,0.44756,1.876861081764811,-0.90246,45,42,68,32,46,25,1210,1180,0.525305410122164,0.4705094375740969,3.0,6.107207,4.7177700348432055,11.119513376210753,0.464471403812825,6,12.0,338.0,0.16836,5.4099665,10,11,10,10,9,9,45,40,68,38,42,25,241.1361152976639,0.3986800659967001,0.2133643317834108,203.25517585432775,362.1154639175258,3.67512810818902,1.082008399580021,205.4178825160284,141.6133568321584,0.6019199040047998,0.2369065561416729,4.0458937,3.5443292,3.2317832,3.0942333,3.014343,2.8779957,2.8113093,3.4024138,3.190059,3.0305135,2.9302156,2.7637503,3.5514896,3.0135646,2.9181352,2.5818882,2.5150902,3.29746,2.9647226,2.8506303,2.7703536,2.5361345,2.5532625,2.5931573,2.6224408,2.6351762,3.1141977,3.0186038,2.9203925,2.8267822,17.29468,68.3,7.66,10.04,11.2,11.2,9.63,8.7,27.23213600447308,0.28058,1.3147209064909766,-0.63491,45,35,68,25,35,25,1140,930,0.5344418052256532,0.4790502345656315,3.238095238095238,6.395647,4.608076009501188,10.901770894509484,0.4752941176470588,7,14.0,249.0,0.13475,5.639161,8,10,8,8,9,8,45,40,68,18,40,25,240.49959486051625,0.3642920608372968,0.2048293524277426,203.35739537942945,335.85324119776243,3.825324845224847,1.0642345685464905,201.72424123367057,147.7247687241938,0.5484764542936288,0.2166917467299456,4.0465508,3.6215577,3.200083,3.09183,3.0160735,2.920787,2.864212,3.4422848,3.2066905,3.022443,2.9100213,2.8130822,3.5718622,3.013767,2.9144201,2.6556227,2.5587275,3.2754982,2.9398947,2.8596098,2.7744138,2.5721166,2.6165593,2.6286497,2.6306229,2.6555214,3.0567613,2.965276,2.926764,2.8297994,16.865643,-10.489999999999995,1.2400000000000002,2.49,1.4000000000000004,1.8000000000000007,0.6399999999999988,1.9000000000000004,-2.816862573121707,0.16698000000000002,0.5621401752738344,-0.26755000000000007,0.0,7.0,0.0,7.0,11.0,0.0,70.0,250.0,-0.009136395103489181,-0.008540796991534594,-0.23809523809523814,-0.2884400000000005,0.10969402534201755,0.21774248170126853,-0.010822713834233832,-1.0,-2.0,89.0,0.03361,-0.2291944999999993,2.0,1.0,2.0,2.0,0.0,1.0,0.0,0.0,0.0,20.0,2.0,0.0,0.6365204371476523,0.03438800515940327,0.008534979355668187,-0.1022195251017024,26.262222719763372,-0.15019673703582725,0.017773831033530474,3.693641282357845,-6.11141189203542,0.05344344971117099,0.02021480941172732,-0.0006571000000006322,-0.07722849999999992,0.0317002000000004,0.002403300000000108,-0.0017304999999998572,-0.042791299999999755,-0.05290270000000019,-0.03987099999999977,-0.01663149999999991,0.008070500000000091,0.0201943,-0.04933190000000032,-0.020372599999999963,-0.000202400000000047,0.003715099999999971,-0.07373450000000004,-0.04363729999999988,0.021961800000000142,0.024827900000000014,-0.008979499999999696,-0.004060200000000069,-0.03598210000000002,-0.06329679999999982,-0.03549239999999987,-0.00818209999999997,-0.020345199999999952,0.057436400000000276,0.05332780000000037,-0.006371499999999752,-0.0030172000000003862,0.429037000000001
2,4,48.03,9.56,13.68,14.9,15.2,12.48,12.3,22.34405154805753,0.58563,2.192644114202948,-1.85955,65,56,62,55,46,75,1280,1019,0.4693251533742331,0.4562189726968877,3.1785714285714284,7.402756,5.075268817204301,11.900516746701314,0.4316109422492401,8,14.0,355.0,0.23739,6.5412436,12,12,11,12,10,11,45,57,68,48,54,25,250.4256475141411,0.3564499831593129,0.2288312563152576,205.31669021824464,373.65347935443305,3.3936354056509304,1.1792859548669583,206.030188787022,154.73977770293027,0.5474570562478949,0.2220154807978565,5.0646644,4.498424,3.782351,3.5246634,3.3569164,3.0994444,2.9333377,4.2985144,3.7476573,3.5054348,3.2545805,2.8979828,4.445441,3.508225,3.243557,2.5006135,2.2720356,4.1405396,3.4465082,3.2135255,2.9347467,2.3270795,2.3424091,2.4148726,2.3993573,2.4938266,3.6122015,3.3269265,3.1405826,2.8950138,41.271313,53.41,8.57,10.74,11.4,13.4,10.9,10.2,27.864787511419177,0.46772,1.847691884545604,-1.01128,45,44,68,25,54,25,1070,930,0.4466546112115732,0.4552013059971906,2.71875,6.7755017,4.907942238267148,11.46287431520464,0.4265232974910394,8,14.0,319.0,0.23062,6.0998077,9,11,8,9,9,9,45,33,68,22,56,25,237.1352422907489,0.3672349369453526,0.2215864860657014,199.8025465953128,347.0971435606993,3.687937227280243,1.1048186205822823,200.2949092830721,145.54371010431262,0.5582282422543983,0.212863436123348,4.635649,4.101602,3.526895,3.3387756,3.1721244,2.9464135,2.8869808,4.00557,3.5943995,3.3300793,3.156118,2.8334029,4.111196,3.3571224,3.12399,2.5190976,2.3734527,3.8513043,3.3170762,3.1109245,2.9002004,2.3745875,2.362229,2.4478211,2.3939264,2.4684916,3.4055498,3.1441462,3.06727,2.8331232,35.584488,-5.3799999999999955,0.9900000000000002,2.9399999999999995,3.5,1.799999999999999,1.58,2.1000000000000014,-5.520735963361648,0.11790999999999996,0.34495222965734396,-0.8482700000000001,20.0,12.0,-6.0,30.0,-8.0,50.0,210.0,89.0,0.0226705421626599,0.0010176666996971062,0.4598214285714284,0.6272542999999997,0.16732657893715341,0.43764243149667337,0.005087644758200727,0.0,0.0,36.0,0.006769999999999998,0.4414358999999992,3.0,1.0,3.0,3.0,1.0,2.0,0.0,24.0,0.0,26.0,-2.0,0.0,13.290405223392213,-0.010784953786039664,0.0072447702495562205,5.51414362293184,26.55633579373375,-0.2943018216293125,0.074467334284676,5.735279503949926,9.196067598617645,-0.010771186006503397,0.009152044674508503,0.42901539999999994,0.39682200000000023,0.2554559999999997,0.18588780000000016,0.18479199999999985,0.15303090000000008,0.046356900000000145,0.29294440000000055,0.1532578,0.17535550000000022,0.09846249999999968,0.06457990000000002,0.3342450000000001,0.15110259999999975,0.11956699999999998,-0.01848409999999978,-0.10141709999999993,0.28923530000000053,0.129432,0.10260099999999994,0.0345462999999997,-0.047508000000000106,-0.019819900000000334,-0.03294850000000027,0.005430900000000349,0.025334999999999663,0.20665169999999966,0.18278030000000012,0.07331259999999995,0.06189059999999991,5.686824999999999
2,5,60.85,9.68,11.44,11.7,11.7,10.91,9.4,21.964505638384946,0.53299,2.0467336256401256,-0.63471,45,40,65,42,42,25,1190,910,0.497553017944535,0.4709972038946075,3.25,7.082152,4.838815789473684,11.188482904475483,0.4172077922077922,10,22.0,356.0,0.20875,6.036287,12,11,10,11,9,10,45,38,65,40,45,25,245.2404018951152,0.3667993460800341,0.2165399104413959,203.66380423191333,360.72053531264055,3.4886951540018867,1.1286516454616533,206.02553687259905,150.5519226668562,0.5649299879166962,0.2252899852965201,4.768696,4.2226677,3.6228974,3.4411979,3.3112557,3.1734068,3.0401752,3.9361656,3.5721195,3.3973265,3.2162514,3.0241299,4.141142,3.3899453,3.2386293,2.8773444,2.741271,3.7950785,3.393087,3.2236242,3.083007,2.7646244,2.7647052,2.8017452,2.7795568,2.808189,3.5476186,3.320158,3.2045195,3.0635133,23.299835,72.05,8.45,9.1,9.4,10.0,9.51,7.2,24.035260810000004,0.40623,1.4176145516165246,-0.70525,45,32,68,18,40,25,1030,1230,0.4741573033707865,0.5648968010672888,2.8076923076923075,6.824034,4.635746606334842,10.818980006487577,0.3982102908277405,6,35.0,321.0,0.21022,5.93977,8,9,8,8,7,8,45,30,68,15,40,25,237.5611850579648,0.3609707776126795,0.209311540366518,202.61750116261044,337.053423276731,3.7855777154710895,1.074739970282318,201.3773445780912,147.1574046557702,0.5385834571570084,0.2085659081150708,4.4190187,3.9071414,3.4073572,3.2269971,3.1179843,2.9739466,2.8428419,3.654075,3.296095,3.1608183,3.0554168,2.7865531,3.816814,3.1203,2.9999006,2.6604922,2.5067446,3.4480503,3.1058798,2.9758744,2.7890399,2.5030239,2.5134172,2.5607224,2.490829,2.5692637,3.261072,3.0650907,2.958534,2.7777503,21.957056,-11.199999999999996,1.2300000000000004,2.34,2.299999999999999,1.6999999999999993,1.4000000000000004,2.2,-2.0707551716150583,0.12675999999999998,0.629119074023601,0.07054000000000005,0.0,8.0,-3.0,24.0,2.0,0.0,160.0,-320.0,0.023395714573748505,-0.09389959717268132,0.4423076923076925,0.2581179999999996,0.20306918313884204,0.3695028979879069,0.018997501380051685,4.0,-13.0,35.0,-0.001469999999999999,0.09651699999999952,4.0,2.0,2.0,3.0,2.0,2.0,0.0,8.0,-3.0,25.0,5.0,0.0,7.67921683715042,0.005828568467354633,0.007228370074877893,1.046303069302894,23.667112035909554,-0.2968825614692028,0.05391167517933537,4.648192294507851,3.3945180110860065,0.026346530759687847,0.016724077181449304,0.34967730000000063,0.3155262999999997,0.21554019999999996,0.21420079999999997,0.19327139999999998,0.19946019999999987,0.19733330000000038,0.28209059999999964,0.2760244999999997,0.23650820000000028,0.16083459999999983,0.23757680000000025,0.3243280000000004,0.2696453000000001,0.2387286999999998,0.21685219999999994,0.23452639999999958,0.3470282,0.2872072000000001,0.24774980000000024,0.2939670999999997,0.2616005000000001,0.25128799999999973,0.2410228000000001,0.28872779999999976,0.2389253,0.2865465999999999,0.25506730000000033,0.24598549999999975,0.28576299999999977,1.3427790000000002
2,6,58.11,9.7,12.32,12.9,12.6,10.5,10.5,18.77811582557251,0.42009,1.4605996006389053,-0.99853,45,30,68,22,40,25,1280,1040,0.5330296127562643,0.3655879609779829,3.3,6.7776566,4.830626450116009,11.30278054894764,0.4777777777777778,6,9.0,197.0,0.19274,5.9129,10,11,9,10,9,9,45,36,68,22,44,25,239.7333333333333,0.3611111111111111,0.2273643879814478,202.60790657302928,356.7820624259186,3.5140196262833103,1.136469046178665,203.51989531118303,149.30328695301472,0.5545977011494253,0.2284097340124505,4.69061,4.1685057,3.5640852,3.340273,3.1654327,3.052496,2.9489017,3.8655548,3.3983624,3.2483013,3.0542538,2.9705594,4.1099997,3.2932239,3.171051,2.6359327,2.4548428,3.5766592,3.1385412,2.9977124,2.896263,2.5910337,2.6029084,2.655393,2.7339349,2.6727655,3.4448314,3.245667,3.0936387,2.9675326,24.66693,72.56,8.47,8.92,8.5,10.7,8.47,7.0,23.88852957892679,0.30749,1.1893741642247044,-0.632,15,22,72,5,34,25,970,790,0.5082872928176796,0.4036093663217601,2.4782608695652173,6.6611805,4.515320334261839,10.996924392150408,0.478494623655914,5,11.0,193.0,0.15601,5.8171434,8,8,7,7,8,8,15,22,62,10,36,15,235.058749825978,0.374916691911542,0.2241744925780066,200.90927595231173,338.4744858362437,3.801341407889773,1.06598000605877,200.660509264522,141.98727658285367,0.5647985458951833,0.2358346094946401,4.4659166,3.887739,3.3772612,3.1619296,3.0171914,2.920024,2.8098936,3.6284893,3.2532303,3.083611,2.935318,2.8485699,3.842867,3.1899614,3.0127957,2.5365226,2.3812375,3.3739347,2.9937944,2.8746324,2.7753618,2.4928482,2.5077028,2.5132492,2.545525,2.5179772,3.2496848,3.0906358,2.9358358,2.8399022,18.47066,-14.450000000000003,1.2299999999999986,3.4000000000000004,4.4,1.9000000000000004,2.0299999999999994,3.5,-5.11041375335428,0.11260000000000003,0.2712254364142008,-0.36653,30.0,8.0,-4.0,17.0,6.0,0.0,310.0,250.0,0.024742319938584667,-0.03802140534377718,0.8217391304347825,0.11647609999999986,0.31530611585417034,0.30585615679723155,-0.0007168458781361964,1.0,-2.0,4.0,0.036729999999999985,0.09575659999999964,2.0,3.0,2.0,3.0,1.0,1.0,30.0,14.0,6.0,12.0,8.0,10.0,4.674583507355294,-0.013805580800430872,0.003189895403441223,1.6986306207175517,18.30757658967491,-0.2873217816064626,0.07048904011989499,2.8593860466610295,7.316010370161052,-0.010200844745757998,-0.007424875482189619,0.2246934000000005,0.28076670000000004,0.1868240000000001,0.1783433999999997,0.14824130000000002,0.13247199999999992,0.13900809999999986,0.23706549999999993,0.1451321000000001,0.16469030000000018,0.11893580000000004,0.12198949999999975,0.26713270000000033,0.10326250000000003,0.1582553,0.09941010000000006,0.0736053000000001,0.20272449999999997,0.14474680000000006,0.1230800000000003,0.1209011999999996,0.09818550000000004,0.09520559999999989,0.14214379999999993,0.1884098999999999,0.15478830000000032,0.19514660000000017,0.15503120000000026,0.15780290000000008,0.12763040000000014,6.196270000000002
2,7,81.93,7.46,7.85,8.0,9.0,8.0,5.5,44.877315102263104,0.45819,2.624078361683005,-0.68709,45,33,58,42,56,25,980,830,0.5131233595800525,0.3997047238110578,2.723404255319149,6.32724,4.446499339498018,10.618698260856746,0.4193548387096774,9,24.0,418.0,0.11021,5.5940146,10,10,10,11,9,10,45,30,65,24,46,25,236.25393123667376,0.3840052875082617,0.2049484180579901,204.32524724762084,332.761025976453,3.917024793005073,1.0239949423834018,203.33613964191505,142.19842524210466,0.5687232391735395,0.2335421108742004,4.2287345,3.7652755,3.307067,3.103146,3.0294704,2.928202,2.821676,3.5054286,3.2052877,3.0374165,2.9286535,2.8167334,3.709313,3.139387,2.960059,2.5934947,2.5127032,3.3819246,2.9722686,2.91648,2.7671273,2.5346234,2.541321,2.6052468,2.6311471,2.6255405,3.2432508,3.0476887,2.9844089,2.848106,36.667362,83.46,6.84,6.97,6.9,8.2,7.18,4.9,43.85969062643602,0.30497,1.910568766408903,-0.40214,45,28,58,8,56,25,870,680,0.5263157894736842,0.4044177077844126,2.380952380952381,5.987592,4.347222222222222,10.56986419744917,0.4160958904109589,7,13.0,306.0,0.09012,5.4549603,8,9,8,8,9,8,45,30,62,22,48,25,232.82820444206584,0.3854912902496041,0.2141241233692783,202.65928334765,338.5153841429712,3.886877072943676,1.0345750697534122,202.9100185866832,138.689653872257,0.5772943216951965,0.2313798947462313,4.007546,3.5601108,3.125355,2.9774637,2.945886,2.847,2.7340038,3.3179102,3.1091666,2.9445221,2.8297353,2.7435493,3.498992,2.977127,2.8653986,2.5054164,2.4623752,3.190471,2.86879,2.8015451,2.6792753,2.4724493,2.47433,2.5267966,2.559575,2.5526495,3.103835,2.9256277,2.8555624,2.7792387,36.709236,-1.529999999999987,0.6200000000000001,0.8799999999999999,1.0999999999999996,0.8000000000000007,0.8200000000000003,0.5999999999999996,1.017624475827084,0.15321999999999997,0.7135095952741017,-0.28495,0.0,5.0,0.0,34.0,0.0,0.0,110.0,150.0,-0.013192429893631674,-0.00471298397335479,0.34245187436676794,0.3396479999999995,0.09927711727579602,0.048834063407575456,0.003258948298718478,2.0,11.0,112.0,0.020089999999999997,0.13905430000000063,2.0,1.0,2.0,3.0,0.0,2.0,0.0,0.0,3.0,2.0,-2.0,0.0,3.4257267946079253,-0.0014860027413424182,-0.009175705311288196,1.6659638999708477,-5.754358166518159,0.030147720061396655,-0.01058012737001035,0.42612105523184596,3.508771369847665,-0.008571082521656948,0.002162216127969102,0.22118850000000023,0.2051647000000001,0.1817120000000001,0.12568230000000025,0.08358440000000034,0.08120200000000022,0.08767220000000009,0.18751840000000009,0.09612109999999996,0.09289440000000004,0.09891819999999996,0.07318409999999975,0.21032099999999998,0.1622600000000003,0.09466040000000042,0.08807829999999983,0.05032799999999993,0.1914536,0.10347859999999987,0.11493490000000017,0.08785199999999982,0.06217410000000001,0.0669909999999998,0.07845020000000025,0.07157210000000003,0.07289100000000026,0.1394158000000001,0.12206099999999998,0.12884649999999986,0.06886729999999996,-0.04187399999999997
2,8,70.33,8.63,9.0,10.7,9.5,9.57,7.9,30.336749195381245,0.51367,2.314906461597335,-0.65438,45,40,68,22,40,25,1140,890,0.4666666666666667,0.4636567611254893,2.72972972972973,7.7593694,4.711480362537764,12.163965453825485,0.4200581395348837,6,12.0,411.0,0.11261,6.9880834,10,10,8,10,9,8,15,30,68,15,38,25,234.26350107394907,0.3886563483565333,0.2198319218663811,199.5310758452312,354.6719098735253,3.6788858307457226,1.0921509458450955,200.8381710686592,139.8509361108407,0.5770141795645544,0.2255293034673212,5.1567,4.5001683,4.034851,3.8763907,3.7002616,3.5942867,3.490328,4.3327274,3.9789548,3.8299074,3.725173,3.4804692,4.518542,3.8600361,3.7066164,3.1275313,2.9913757,4.0898867,3.6769676,3.545835,3.4024231,3.0303295,3.064416,3.1164045,3.1503773,3.1432889,3.9141986,3.7569234,3.6478894,3.5563393,26.799278,73.68,7.77,7.18,8.3,8.4,8.46,6.6,32.95149383445238,0.37428,1.874256665805528,-0.42773,15,37,68,12,64,25,1010,700,0.4341637010676156,0.4488869438815051,2.710526315789474,7.611915,4.556962025316456,11.89494982035039,0.4168126094570928,5,10.0,322.0,0.08408,6.8192425,8,9,7,7,8,8,15,32,62,12,35,25,236.2232545792408,0.3826042243493394,0.2154497270785539,199.9871868793645,341.85929680482485,3.818909489538266,1.0685863460169291,200.44888214391472,140.55304168973973,0.5530021359069693,0.2210423856295903,4.853848,4.2496824,3.8004558,3.622162,3.4560094,3.3538086,3.275138,4.0759153,3.7236483,3.6025994,3.4902418,3.233217,4.2479887,3.6079504,3.4403977,2.8975694,2.7259316,3.8524954,3.442368,3.337267,3.2086875,2.7744155,2.8215437,2.8164227,2.8344357,2.8839045,3.7253723,3.5217316,3.423361,3.3040826,26.047335,-3.3500000000000085,0.8600000000000012,1.8200000000000003,2.3999999999999986,1.0999999999999996,1.1099999999999994,1.3000000000000007,-2.6147446390711337,0.13938999999999996,0.4406497957918072,-0.22664999999999996,30.0,3.0,0.0,10.0,-24.0,0.0,130.0,190.0,0.03250296559905108,0.01476981724398424,0.01920341394025593,0.14745439999999999,0.15451833722130814,0.26901563347509416,0.0032455300777908813,1.0,2.0,89.0,0.02853,0.16884090000000018,2.0,1.0,1.0,3.0,1.0,0.0,0.0,-2.0,6.0,3.0,3.0,0.0,-1.9597535052917294,0.006052124007193904,0.004382194787827198,-0.45611103413330056,12.812613068700443,-0.14002365879254342,0.023564599828166388,0.38928892474447707,-0.7021055788990225,0.024012043657585025,0.004486917837730892,0.3028519999999997,0.25048590000000015,0.2343951999999998,0.2542287000000001,0.24425220000000003,0.24047810000000025,0.21518999999999977,0.25681209999999943,0.2553065000000001,0.2273080000000003,0.23493119999999967,0.24725220000000014,0.27055330000000044,0.25208569999999986,0.26621870000000003,0.22996189999999972,0.26544409999999985,0.23739130000000008,0.2345995999999997,0.20856799999999964,0.19373560000000012,0.2559140000000002,0.24287230000000015,0.29998179999999985,0.3159416000000004,0.25938440000000007,0.1888263000000001,0.23519179999999995,0.22452840000000007,0.2522566999999998,0.7519430000000007
2,9,50.26,9.09,13.16,14.1,14.3,12.53,11.4,21.35289650314358,0.69364,2.654633856393592,-1.74694,72,62,62,75,42,75,1290,1360,0.4682002706359945,0.4447135456190111,3.15625,6.6530247,5.118918918918919,11.449867180603414,0.3808255659121172,7,13.0,401.0,0.30821,5.798658,12,12,11,12,10,11,65,63,68,72,43,75,257.8896503585253,0.3660128788326342,0.2107579606545755,208.48735032381308,371.1560429304713,3.417600458499565,1.153157677083949,207.1153718076795,157.13448927748567,0.5345010929284575,0.221143473570658,4.293882,3.7911687,3.3371632,3.1589012,3.0481057,2.880125,2.7977817,3.5429707,3.195681,3.0822988,2.9191034,2.8063211,3.7433496,3.1305957,3.0068972,2.5963159,2.5132663,3.4277077,3.0503113,2.9017797,2.8412561,2.5400796,2.5423582,2.6210139,2.6247613,2.608798,3.206413,3.0146267,2.9563565,2.8471565,26.405447,61.46,7.92,10.23,11.4,12.3,10.97,9.2,26.86890073607287,0.49416,2.1369879283610755,-1.01777,65,38,62,26,38,25,1130,1090,0.4522184300341297,0.491216320820227,2.6129032258064515,6.5164347,4.850340136054422,11.03941870542043,0.3523489932885906,5,17.0,345.0,0.23945,5.713885,10,10,8,9,9,8,45,44,62,28,56,25,241.12271540469973,0.368094783948353,0.2205634216125009,202.73541533639056,354.9614020810324,3.583649832348486,1.1192135573325508,203.2566531200839,147.26333357787396,0.564485364243269,0.2219321148825065,4.065771,3.558235,3.1249044,2.9531572,2.8499126,2.7380779,2.680356,3.3239632,3.044311,2.8871715,2.7974036,2.683102,3.4931524,2.939438,2.8156145,2.4851139,2.4298654,3.2292943,2.8624804,2.725047,2.6494381,2.4225988,2.4246655,2.4851105,2.467196,2.501564,3.0222669,2.879331,2.827466,2.7041,26.129148,-11.200000000000003,1.17,2.9299999999999997,2.6999999999999993,2.0,1.5599999999999987,2.200000000000001,-5.516004232929291,0.19948000000000005,0.5176459280325165,-0.7291699999999999,7.0,24.0,0.0,49.0,4.0,50.0,160.0,270.0,0.015981840601864805,-0.046502775201215873,0.5433467741935485,0.13659,0.26857878286449655,0.4104484751829851,0.028476572623526597,2.0,-4.0,56.0,0.06875999999999999,0.08477299999999932,2.0,2.0,3.0,3.0,1.0,3.0,20.0,19.0,6.0,44.0,-13.0,50.0,16.76693495382554,-0.002081905115718763,-0.009805460957925394,5.751934987422516,16.194640849438883,-0.16604937384892082,0.033944119751398105,3.858718687595598,9.871155699611705,-0.029984271314811517,-0.0007886413118484981,0.22811100000000017,0.23293370000000024,0.21225879999999986,0.2057439999999997,0.19819309999999968,0.1420471000000001,0.11742569999999963,0.21900750000000002,0.15137,0.19512729999999978,0.12169980000000002,0.12321910000000003,0.2501972000000001,0.1911577000000002,0.19128269999999992,0.11120200000000002,0.0834009,0.19841340000000018,0.18783090000000024,0.17673270000000008,0.19181800000000004,0.11748080000000005,0.11769269999999965,0.13590340000000012,0.1575652999999999,0.10723400000000005,0.18414609999999998,0.1352956999999999,0.12889050000000024,0.14305650000000014,0.2762989999999981
2,10,56.59,9.89,12.76,13.7,11.8,11.26,11.1,13.81483018924065,0.55174,1.8189429915599835,-1.01216,45,40,68,25,54,25,1380,1100,0.4813432835820895,0.4387228419559352,3.565217391304348,7.466619,4.879472693032015,11.82058340974051,0.4212454212454212,7,16.0,277.0,0.21437,6.5823135,11,11,10,11,9,8,45,42,68,30,55,25,249.79447912602416,0.3905131874872214,0.1911265589858924,206.5637705467964,355.54170024174056,3.7578365052472833,1.05716622367614,206.81332920744208,148.41611122469843,0.5807810263749744,0.2163480296527506,4.9070277,4.4459686,3.881356,3.6745634,3.5011246,3.3877797,3.2805812,4.1805296,3.8370972,3.6101956,3.472767,3.1863697,4.414274,3.6796222,3.4620202,2.9155998,2.808028,4.0720873,3.529889,3.4154844,3.2552073,2.8017943,2.834204,2.8378875,2.9441922,2.89093,3.772752,3.5562766,3.4352887,3.2682655,40.25859,69.41,8.79,10.5,10.5,10.2,9.57,8.2,20.478825403912207,0.34839,1.4093783130163131,-0.49111,15,34,72,12,43,25,1150,880,0.4587378640776699,0.4728642781842424,2.5,6.681367,4.618357487922705,11.180918581672069,0.4128878281622912,4,17.0,229.0,0.14634,5.9337225,8,9,7,8,8,8,15,30,62,15,40,25,242.37982729671384,0.3716223320365892,0.1989275575649248,205.2564209821802,334.8506276150628,3.857332588765632,1.041005151929345,202.6013533986466,148.35769109452212,0.5616654400168226,0.2271527944351163,4.4088492,3.9654028,3.5069616,3.396225,3.2166572,3.1318722,3.073065,3.7505505,3.4761152,3.3119428,3.1993508,2.960622,3.962696,3.3345861,3.1619835,2.755484,2.629645,3.6770315,3.2239168,3.1490383,2.9801347,2.6279078,2.658883,2.6493084,2.6513286,2.705711,3.4286473,3.2764392,3.1494627,3.054271,21.817604,-12.819999999999993,1.1000000000000014,2.26,3.1999999999999993,1.6000000000000014,1.6899999999999995,2.9000000000000004,-6.663995214671557,0.20335000000000003,0.4095646785436704,-0.52105,30.0,6.0,-4.0,13.0,11.0,0.0,230.0,220.0,0.022605419504419577,-0.03414143622830723,1.0652173913043481,0.7852519999999998,0.2611152051093093,0.6396648280684403,0.00835759308313,3.0,-1.0,48.0,0.06803000000000001,0.6485909999999997,3.0,2.0,3.0,3.0,1.0,0.0,30.0,12.0,6.0,15.0,15.0,0.0,7.414651829310316,0.018890855450632238,-0.007800998579032409,1.307349564616203,20.691072626677737,-0.09949608351834849,0.01616107174679504,4.211975808795472,0.058420130176301655,0.019115586358151804,-0.010804764782365694,0.49817850000000075,0.4805657999999995,0.3743943999999999,0.2783384,0.2844673999999996,0.25590749999999973,0.2075161999999997,0.4299790999999997,0.3609819999999999,0.29825279999999976,0.2734162000000002,0.22574770000000033,0.4515779999999996,0.34503609999999973,0.30003670000000016,0.1601157999999998,0.17838300000000018,0.39505579999999973,0.3059721999999998,0.2664461,0.2750726000000001,0.17388650000000005,0.17532100000000028,0.1885791000000001,0.2928636,0.18521900000000002,0.34410469999999993,0.2798373999999999,0.28582600000000014,0.2139945000000001,18.440986
3,1,56.18,9.27,12.84,13.6,13.4,10.8,11.2,22.64879063607703,0.54946,2.310664134154726,-0.56984,45,52,62,38,58,25,1320,919,0.4879518072289157,0.4607043887029856,2.857142857142857,6.8828244,4.808510638297872,11.246376089678805,0.4228486646884273,5,24.0,377.0,0.18166,6.0020547,12,12,11,11,9,10,45,43,68,38,56,25,241.91993906567367,0.365136472134777,0.2579651987407894,201.00321490845684,379.3458280968253,3.2661259928389947,1.2375549174940326,199.540867669257,148.15681322862974,0.5912408759124088,0.2582092078537576,4.6680975,4.107003,3.6589184,3.4608114,3.325777,3.159916,3.0480435,3.8727648,3.6254134,3.3895872,3.2431242,3.044127,4.109808,3.4508195,3.2879624,2.801719,2.6549945,3.734822,3.2896774,3.1649218,3.0252829,2.7012856,2.7293494,2.7386754,2.8223982,2.780814,3.498583,3.3156025,3.19435,3.0758305,38.60374,70.84,7.83,8.67,9.2,11.1,8.52,7.7,25.65933629698572,0.34682,1.706488826492396,-1.39523,45,38,68,20,45,25,1070,880,0.4627450980392157,0.4235763447339746,2.5517241379310347,6.6041,4.52286282306163,10.857740129834776,0.4224806201550387,5,14.0,261.0,0.11586,5.7387786,8,9,7,8,8,8,15,29,58,15,40,25,235.5776376534174,0.3752997601918465,0.243912562257886,200.0656282297357,362.5561145224532,3.504306767472244,1.166021029330382,198.34167853187788,142.08425567238518,0.5904353440324663,0.2425402544758473,4.230502,3.754007,3.281561,3.0901968,3.012072,2.8914375,2.8103552,3.5112092,3.2154589,3.038314,2.9274867,2.8024917,3.7053592,3.0844991,3.0077634,2.583927,2.4668288,3.3386166,2.9928722,2.8938854,2.7960348,2.4744616,2.4848905,2.514336,2.4919221,2.579478,3.1369104,3.0226164,2.9078493,2.821414,28.243217,-14.660000000000004,1.4399999999999995,4.17,4.4,2.3000000000000007,2.280000000000001,3.499999999999999,-3.01054566090869,0.20263999999999993,0.60417530766233,0.82539,0.0,14.0,-6.0,18.0,13.0,0.0,250.0,39.0,0.025206709189699972,0.03712804396901098,0.3054187192118225,0.27872439999999976,0.28564781523624205,0.388635959844029,0.00036804453338862286,0.0,10.0,116.0,0.06579999999999998,0.26327610000000057,4.0,3.0,4.0,3.0,1.0,2.0,30.0,14.0,10.0,23.0,16.0,0.0,6.342301412256262,-0.010163288057069508,0.014052636482903391,0.9375866787211464,16.789713574372115,-0.23818077463324938,0.07153388816365047,1.1991891373791361,6.072557556244561,0.0008055318799424782,0.015668953377910327,0.4375954999999996,0.35299599999999964,0.3773574000000002,0.3706145999999997,0.3137050000000001,0.26847850000000006,0.23768829999999985,0.3615556,0.4099545,0.3512731999999996,0.3156374999999998,0.2416353,0.40444879999999994,0.3663204000000002,0.2801990000000001,0.21779199999999976,0.18816569999999988,0.39620539999999993,0.2968052000000001,0.2710364000000003,0.22924809999999995,0.2268239999999997,0.2444588999999997,0.22433939999999986,0.33047609999999983,0.20133599999999996,0.3616725999999999,0.2929860999999998,0.28650069999999994,0.25441650000000005,10.360523
3,2,68.7,9.39,10.6,11.9,11.1,10.91,8.5,20.66949876695431,0.46559,1.9652093935633657,-0.8296,45,42,62,32,54,25,1260,960,0.4991150442477876,0.5012627515749235,3.678571428571429,6.8507156,4.856637168141593,11.82368419836699,0.4603174603174603,10,18.0,343.0,0.16867,5.891165,10,11,9,10,9,9,45,29,68,35,54,25,241.80073557148245,0.371278672523182,0.234667317390597,201.22588783233067,364.4361633182113,3.4580719151108283,1.1597527249064583,201.0447468088091,147.0496176996909,0.5687327151455995,0.25,4.753007,4.099879,3.5675628,3.3763385,3.2363687,3.1229873,3.0110013,3.9023368,3.5531502,3.3972206,3.2565181,2.9382849,4.1022024,3.37519,3.2076912,2.7348268,2.5877304,3.7090683,3.160467,3.049531,2.8554354,2.6034522,2.6058075,2.5480268,2.6190884,2.6220577,3.524957,3.3070378,3.1955585,2.9996867,26.808527,71.24,8.32,8.82,9.8,9.7,9.63,7.5,26.574319923260035,0.33334,1.7665005824794466,-0.29762,45,26,68,12,35,25,1120,790,0.5057251908396947,0.4906280157176038,3.4,6.5821276,4.681214421252372,11.45478348245306,0.4705882352941176,10,15.0,301.0,0.09358,5.723277,8,8,7,8,9,8,15,32,62,15,35,25,232.79806391173105,0.3722921034241789,0.2386006289308176,197.2259254105205,351.1711460799332,3.656566901638802,1.1230345911949686,197.60451911484463,142.83979734451432,0.5804070580013976,0.2556469241178307,4.463248,3.9560394,3.401549,3.2405877,3.1311421,3.046175,2.9492035,3.7579954,3.4367058,3.2975254,3.1670377,2.8527715,3.8942301,3.2723856,3.1011567,2.6251028,2.5683453,3.560899,3.068541,2.9965277,2.8840458,2.6017518,2.5746443,2.528757,2.5610921,2.58651,3.4033298,3.1675298,3.1000662,2.9096713,25.44022,-2.539999999999992,1.0700000000000003,1.7799999999999994,2.0999999999999996,1.4000000000000004,1.2799999999999994,1.0,-5.904821156305726,0.13224999999999998,0.19870881108391902,-0.53198,0.0,16.0,-6.0,20.0,19.0,0.0,140.0,170.0,-0.006610146591907118,0.010634735857319721,0.2785714285714289,0.26858800000000027,0.17542274688922088,0.3689007159139308,-0.010270774976657293,0.0,3.0,42.0,0.07508999999999999,0.1678879999999996,2.0,3.0,2.0,2.0,0.0,1.0,30.0,-3.0,6.0,20.0,19.0,0.0,9.0026716597514,-0.0010134309009969256,-0.003933311540220585,3.9999624218101815,13.26501723827812,-0.1984949865279737,0.03671813371148969,3.4402276939644594,4.209820355176589,-0.011674342855798048,-0.005646924117830687,0.2897590000000001,0.14383959999999973,0.1660138,0.13575080000000028,0.10522659999999995,0.07681230000000028,0.06179780000000035,0.14434140000000006,0.11644440000000023,0.09969519999999976,0.08948040000000024,0.0855134000000004,0.20797230000000022,0.10280440000000013,0.10653449999999998,0.10972399999999993,0.019385100000000044,0.14816930000000017,0.09192599999999995,0.053003299999999864,-0.028610399999999814,0.0017003999999998243,0.031163199999999946,0.019269800000000004,0.05799629999999967,0.03554769999999996,0.12162720000000027,0.13950799999999974,0.09549230000000009,0.09001539999999997,1.3683070000000015
3,3,62.68,9.05,10.31,11.5,11.5,11.48,8.7,29.700949755525944,0.60574,2.567742535459319,-1.44541,45,52,62,38,53,25,1150,1000,0.4579945799457994,0.4542778404736265,2.642857142857143,7.549114,5.028727770177839,11.690727138136234,0.4023904382470119,7,15.0,406.0,0.15702,6.738675,12,11,10,11,9,10,45,42,65,38,64,25,249.1489513822688,0.3958597113193213,0.2216700430488731,201.2914177931468,364.9988985628869,3.624951853463944,1.1064510002532286,201.30742383063935,143.67115092428463,0.601544694859458,0.2399904671115348,5.292844,4.6588078,4.0744667,3.813873,3.6250966,3.4825888,3.3122137,4.468234,3.995023,3.7411933,3.559386,3.2456365,4.6376147,3.7771914,3.548629,2.9522007,2.8334126,4.1849265,3.6084244,3.3983881,3.2534177,2.8526049,2.8654637,2.8627896,2.9336286,2.9184852,3.872643,3.6399734,3.469321,3.3220055,35.6372,65.01,7.85,8.78,9.6,10.6,10.2,7.8,35.22426259059586,0.44563,2.244699270755969,-1.17902,45,44,68,25,54,25,1010,810,0.4672897196261682,0.4377882617305057,2.261904761904762,7.1205597,4.83125,11.38912136224643,0.4174311926605504,5,9.0,341.0,0.10785,6.3533106,8,9,8,9,8,8,45,38,68,28,56,25,238.86769366197183,0.4061040396477341,0.2258708596284807,198.8962598307018,359.71643497622915,3.688246972920693,1.1072485470816844,197.8583802930285,138.15438371305308,0.5949655934681071,0.2430457746478873,4.7949533,4.1676397,3.651036,3.3848221,3.305619,3.1205096,2.9863741,3.9789596,3.6036415,3.3708186,3.2726421,2.93196,4.102242,3.3905094,3.1978414,2.702072,2.5915728,3.7567544,3.2464638,3.0838284,2.923735,2.6141582,2.6248589,2.6202457,2.6017418,2.6459336,3.492773,3.252571,3.138543,3.018397,34.056736,-2.3300000000000054,1.200000000000001,1.5300000000000011,1.9000000000000004,0.9000000000000004,1.2800000000000011,0.8999999999999995,-5.52331283506992,0.16010999999999992,0.3230432647033501,-0.2663900000000001,0.0,8.0,-6.0,13.0,-1.0,0.0,140.0,190.0,-0.009295139680368825,0.016489578743120792,0.38095238095238093,0.42855430000000005,0.19747777017783896,0.3016057758898043,-0.015040754413538526,2.0,6.0,65.0,0.04916999999999999,0.3853643999999994,4.0,2.0,2.0,2.0,1.0,2.0,0.0,4.0,-3.0,10.0,8.0,0.0,10.281257720296963,-0.010244328328412822,-0.00420081657960758,2.3951579624449835,5.282463586657741,-0.0632951194567486,-0.0007975468284557863,3.449043537610862,5.516767211231553,0.006579101391350983,-0.0030553075363524973,0.49789069999999924,0.49116810000000033,0.4234307000000004,0.4290509,0.3194775999999999,0.3620791999999997,0.3258396000000001,0.4892743999999998,0.39138150000000005,0.3703746999999997,0.28674389999999983,0.3136764999999997,0.5353726999999999,0.38668199999999997,0.35078759999999987,0.2501287000000003,0.24183980000000016,0.4281721000000003,0.3619606000000002,0.3145597000000002,0.3296826999999998,0.23844670000000034,0.24060479999999984,0.24254390000000026,0.3318867999999999,0.2725515999999999,0.37986999999999993,0.38740240000000004,0.330778,0.3036084999999997,1.5804639999999992
3,4,57.4,8.86,12.67,13.1,13.5,10.62,10.8,23.30378396096935,0.53485,2.1940284182243537,-0.698,65,42,65,38,46,25,1330,1130,0.5184615384615384,0.5576550043671961,3.814814814814815,6.878016,4.820433436532507,11.0800278606602,0.4582701062215478,9,34.0,451.0,0.16073,5.993393,12,12,11,12,10,10,65,60,68,45,56,25,250.0676355505869,0.3398436079287143,0.245244589925441,204.3782711696325,369.1609005131601,3.2925286467102928,1.2066193853427896,204.68371714492403,159.64819058010548,0.5445353700672849,0.2629561606643775,4.7108703,4.2219334,3.6202593,3.4486544,3.3334277,3.1567576,3.0789964,3.8246791,3.3761666,3.2198217,3.0751429,3.071013,4.116084,3.3807778,3.2235947,2.856228,2.7733524,3.6527417,3.186138,3.1087372,2.9786484,2.760704,2.7703688,2.826205,2.9392612,2.866399,3.499336,3.3121233,3.1723413,3.0968492,25.033949,72.36,7.58,8.43,8.5,10.9,8.58,7.1,31.17822612600367,0.29202,1.5574716390599517,-0.28685,15,30,68,22,60,25,1030,810,0.55,0.5019942727535432,2.931034482758621,6.074598,4.5358649789029535,10.491547715196075,0.4928131416837782,7,25.0,295.0,0.09435,5.386384,8,9,7,8,9,8,15,33,62,20,40,25,235.18743096973716,0.3647315499905141,0.2435496110794915,198.2834851426012,344.5307525595994,3.635726458372893,1.1277271864921268,196.0969844808008,145.1392999430848,0.57057484348321,0.2693836978131212,4.0409894,3.6028786,3.177535,3.024008,2.925981,2.7894042,2.7683086,3.3119726,3.0359864,2.872237,2.8400812,2.7623277,3.5519466,2.9680886,2.8617234,2.5957012,2.51996,3.1651149,2.872907,2.7787015,2.7297487,2.5448358,2.5450687,2.560804,2.563335,2.5725758,3.0020924,2.9467547,2.837711,2.7661247,24.041737,-14.96,1.2799999999999994,4.24,4.6,2.5999999999999996,2.039999999999999,3.700000000000001,-7.874442165034317,0.24283000000000005,0.636556779164402,-0.41114999999999996,50.0,12.0,-3.0,16.0,-14.0,0.0,300.0,320.0,-0.031538461538461626,0.055660731613652814,0.8837803320561939,0.8034179999999997,0.28456845762955396,0.5884801454641249,-0.03454303546223042,2.0,9.0,156.0,0.06638000000000001,0.6070090000000006,4.0,3.0,4.0,4.0,1.0,2.0,50.0,27.0,6.0,25.0,16.0,0.0,14.88020458084975,-0.024887942061799784,0.0016949788459494908,6.0947860270313186,24.630147953560652,-0.3431978116626002,0.07889219885066279,8.586732664123218,14.50889063702067,-0.026039473415925052,-0.006427537148743723,0.6698808999999999,0.6190548000000002,0.4427242999999996,0.4246464000000003,0.40744669999999994,0.3673534000000003,0.31068779999999974,0.5127065000000002,0.3401801999999998,0.34758469999999964,0.2350616999999997,0.30868530000000005,0.5641373999999999,0.4126892,0.36187130000000023,0.26052680000000006,0.25339239999999963,0.48762680000000014,0.31323100000000004,0.33003570000000026,0.24889969999999995,0.21586820000000007,0.22530010000000011,0.2654009999999998,0.3759261999999999,0.29382319999999984,0.4972436,0.36536860000000004,0.3346302999999997,0.33072449999999964,0.9922119999999985
3,5,59.67,8.78,13.58,14.5,12.2,9.0,12.0,18.370321117765183,0.46786,1.86990664927316,-1.06768,45,37,62,32,57,25,1420,1010,0.4773519163763066,0.4284567266206642,4.105263157894737,7.2140365,4.472854640980736,11.09329851096291,0.3996598639455782,8,20.0,288.0,0.14881,6.3504996,12,11,10,10,9,9,45,38,62,38,32,25,237.30037783375317,0.3877848750098572,0.2536866177746235,199.98802086687704,369.60043865307705,3.523319728204576,1.149041873669269,199.98140141376703,139.70932891727782,0.6243198485923823,0.2592359361880772,4.7144637,4.2495384,3.7449377,3.528836,3.3719575,3.2519603,3.1125393,4.004015,3.621581,3.4734876,3.333089,3.0841084,4.1750035,3.4735658,3.3334498,2.6143196,2.3835077,3.679029,3.2645938,3.1202047,2.9701712,2.463806,2.4714253,2.5193942,2.5042617,2.5704792,3.548386,3.3807707,3.2977934,3.1507876,18.853226,76.86,7.79,9.65,9.5,9.5,7.83,7.4,22.548710849811325,0.28639,1.4349985957080995,-0.3103,45,24,68,8,45,25,1180,780,0.4567627494456763,0.4566096791669097,3.272727272727273,6.9440827,4.298474945533769,10.874021112202236,0.3922413793103448,8,11.0,245.0,0.0676,6.1439495,8,10,7,8,8,8,45,30,68,15,45,15,233.15973377703827,0.3988359626282738,0.2355644049624751,199.7583864118896,352.61363829606324,3.805296216458861,1.074181855312197,199.5556558935361,134.82968295297903,0.6011129831010364,0.2479201331114808,4.537412,4.1220737,3.6086912,3.3818996,3.2372534,3.179131,3.0493252,3.8493242,3.538009,3.35553,3.2236242,3.0089934,4.0490623,3.3785717,3.228426,2.5708842,2.3569343,3.5707524,3.217768,3.1067324,2.9550707,2.4154606,2.4367485,2.470853,2.4354064,2.5038674,3.4461586,3.312254,3.1907012,3.0649576,15.197804,-17.189999999999998,0.9899999999999993,3.9299999999999997,5.0,2.6999999999999993,1.17,4.6,-4.178389732046142,0.18147000000000002,0.43490805356506046,-0.7573799999999999,0.0,13.0,-6.0,24.0,12.0,0.0,240.0,230.0,0.020589166930630287,-0.028152952546245502,0.8325358851674642,0.2699537999999997,0.17437969544696674,0.2192773987606742,0.007418484635233369,0.0,9.0,43.0,0.08121,0.2065501000000003,4.0,1.0,3.0,2.0,1.0,1.0,0.0,8.0,-6.0,23.0,-13.0,10.0,4.140644056714905,-0.01105108761841661,0.018122212812148375,0.2296344549874334,16.986800357013806,-0.2819764882542848,0.07486001835707201,0.42574552023091883,4.879645964298788,0.023206865491345874,0.011315803076596409,0.1770516999999998,0.1274647,0.13624649999999994,0.14693639999999997,0.1347041,0.07282929999999999,0.06321409999999972,0.15469080000000002,0.08357199999999976,0.1179576,0.10946480000000003,0.07511499999999982,0.12594119999999975,0.09499409999999964,0.10502380000000011,0.0434353999999999,0.02657340000000019,0.10827659999999995,0.04682580000000014,0.013472300000000104,0.015100499999999961,0.048345400000000094,0.03467679999999973,0.04854119999999984,0.06885529999999962,0.0666118,0.10222739999999986,0.06851669999999999,0.1070922000000003,0.08583000000000007,3.6554219999999997
3,6,71.55,8.97,9.65,10.9,10.8,10.61,7.4,32.057264780603184,0.62245,2.74476248420827,-0.40214,45,30,68,35,38,25,1090,1010,0.4974025974025974,0.4612067887280794,2.6,7.1924047,4.893190921228304,12.097061375523175,0.4454314720812182,7,12.0,452.0,0.17126,6.176832,11,10,9,10,9,10,45,32,68,28,42,25,241.36571023733617,0.3643690090970145,0.2406740338237987,199.70795312650085,360.78583108888034,3.47442713903482,1.1666463154038709,199.20244917183453,148.8246840466451,0.5691128884547286,0.2610697839178179,4.6808996,4.110699,3.592661,3.3524883,3.2249255,3.081169,2.9773076,3.8555264,3.4626524,3.2737772,3.169338,2.9181106,4.0632024,3.3139007,3.1369867,2.6240168,2.5080986,3.5915635,3.1519675,3.047658,2.8780806,2.573893,2.5704744,2.5608659,2.6100838,2.6132145,3.406824,3.2250185,3.1362884,2.9855542,26.233456,73.37,7.98,8.04,9.1,9.5,9.27,6.7,33.46872607358702,0.43994,2.1696205902798544,-0.40214,45,29,58,15,36,25,930,760,0.5,0.4260619985553742,2.452380952380953,6.77749,4.685805422647528,11.9889083063042,0.4648318042813456,7,11.0,348.0,0.12062,5.9943075,8,9,7,8,9,8,45,30,68,15,40,25,236.17051451187336,0.3684655851083397,0.2195489828201449,199.1599580590668,338.7384310525702,3.769303330336607,1.0915277931059857,196.8519092716794,145.19203178457124,0.5538387963065151,0.2369722955145118,4.485964,3.924332,3.4588947,3.2756414,3.1907115,3.052521,2.9479678,3.7211485,3.4038675,3.2152371,3.1004121,2.9004493,3.8872118,3.263044,3.0947287,2.5736213,2.5070736,3.5025668,3.1030896,3.002086,2.84773,2.5833287,2.5731528,2.5350964,2.5610313,2.575317,3.3311806,3.1761901,3.0718467,2.937951,24.858046,-1.8200000000000074,0.9900000000000002,1.6100000000000012,1.8000000000000007,1.3000000000000007,1.3399999999999999,0.7000000000000002,-1.4114612929838373,0.18250999999999995,0.5751418939284156,0.0,0.0,1.0,10.0,20.0,2.0,0.0,160.0,250.0,-0.0025974025974025983,0.03514479017270522,0.1476190476190471,0.41491469999999975,0.20738549858077615,0.10815306921897516,-0.01940033220012738,0.0,1.0,104.0,0.05063999999999999,0.18252450000000042,3.0,1.0,2.0,2.0,0.0,2.0,0.0,2.0,0.0,13.0,2.0,0.0,5.19519572546281,-0.004096576011325237,0.021125051003653805,0.5479950674340444,22.047400036310137,-0.29487619130178677,0.07511852229788518,2.350539900155127,3.6326522620738615,0.015274092148213514,0.024097488403306083,0.1949356,0.18636700000000017,0.1337663,0.07684690000000005,0.03421399999999997,0.028648000000000007,0.02933980000000025,0.13437790000000005,0.05878490000000003,0.058540100000000095,0.06892590000000043,0.01766129999999988,0.17599059999999955,0.0508567000000002,0.04225799999999991,0.05039550000000004,0.0010249999999998316,0.08899670000000004,0.04887789999999992,0.04557200000000039,0.030350600000000227,-0.009435700000000047,-0.0026783999999997476,0.0257695,0.049052500000000165,0.03789750000000014,0.0756433999999997,0.048828400000000105,0.06444170000000016,0.04760320000000018,1.3754099999999987
3,7,67.79,8.85,11.14,12.2,11.6,10.15,8.8,32.97047949052776,0.77378,3.2845700500995214,-1.66084,65,40,68,28,38,25,1200,1140,0.5048231511254019,0.4217810690443386,2.7209302325581395,7.958798,4.72885032537961,11.577546979186428,0.4445617740232312,7,16.0,503.0,0.17934,7.2621603,12,10,10,10,9,8,15,33,65,22,43,25,252.2023540063377,0.3611138886111389,0.2313768623137686,202.1315830659676,358.43719891904595,3.516348371436299,1.1474602539746026,201.3874474435222,154.03519648035197,0.5582441755824418,0.2580918967858759,5.549177,4.923788,4.371011,4.1673784,4.0439434,3.8675733,3.7126994,4.759261,4.3901143,4.1898065,3.9368432,3.7102559,4.942496,4.168605,3.985532,3.402252,3.2551982,4.5234137,3.982689,3.8192973,3.656424,3.2594543,3.2744877,3.2744594,3.381864,3.3585787,4.2676024,4.012025,3.8576353,3.7154417,33.504864,70.63,7.86,9.19,9.9,10.3,8.81,7.8,37.99869927308192,0.59039,2.8668021507948787,-0.96222,15,28,68,18,34,25,1040,1110,0.4939024390243902,0.4425907216167047,2.441860465116279,7.5367804,4.550617283950618,11.17706767235629,0.4409638554216867,7,14.0,454.0,0.14995,6.8471184,8,9,8,8,9,8,15,30,65,15,34,25,243.4605105578317,0.3612855768686697,0.2383013636620834,202.22922572643515,345.4200957786449,3.6736649251589575,1.106659876647994,201.37785049596076,149.75111752390652,0.5511514739998868,0.2645445950204853,5.0669446,4.479999,3.965015,3.7662945,3.676178,3.48818,3.3795276,4.356334,3.9889941,3.8379147,3.6250603,3.3414345,4.460285,3.8141246,3.6529849,3.1416345,3.0313592,4.110914,3.6943116,3.4946926,3.3723156,3.042212,3.0559824,3.0427892,3.0912342,3.0955567,3.8820994,3.7242532,3.5543923,3.4239094,27.935596,-2.839999999999989,0.9899999999999993,1.950000000000001,2.299999999999999,1.299999999999999,1.3399999999999999,1.0000000000000009,-5.02821978255416,0.18339000000000005,0.41776789930464275,-0.6986200000000001,50.0,12.0,0.0,10.0,4.0,0.0,160.0,30.0,0.010920712101011698,-0.02080965257236611,0.2790697674418605,0.4220176000000002,0.17823304142899232,0.4004793068301371,0.003597918601544514,0.0,2.0,49.0,0.02939,0.4150418999999994,4.0,1.0,2.0,2.0,0.0,0.0,0.0,3.0,0.0,7.0,9.0,0.0,8.741843448506017,-0.00017168825753077765,-0.006924501348314793,-0.09764266046755665,13.017103140401048,-0.15731655372265863,0.04080037732660857,0.009596947561448133,4.284078956445455,0.007092701582554928,-0.006452698234609366,0.4822324,0.44378899999999977,0.405996,0.4010838999999997,0.3677653999999997,0.37939330000000027,0.33317180000000013,0.40292700000000004,0.40112019999999937,0.35189180000000064,0.3117829000000003,0.36882139999999985,0.4822110000000004,0.35448040000000036,0.3325471000000002,0.26061749999999995,0.22383900000000034,0.4124996999999997,0.28837740000000034,0.3246047000000001,0.28410840000000004,0.21724229999999967,0.2185052999999999,0.23167019999999994,0.29062980000000005,0.26302199999999987,0.3855030000000004,0.28777180000000024,0.30324300000000015,0.2915323000000001,5.569267999999997
3,8,59.64,8.95,11.0,11.8,11.8,10.5,9.9,25.816190592652543,0.6212,2.4260846073486,-0.62272,15,40,58,28,60,25,1180,1120,0.5013888888888889,0.4220457933356283,3.6666666666666665,6.4506245,4.79750346740638,11.208765948609472,0.4513031550068587,12,18.0,370.0,0.17823,5.659911,10,12,9,10,9,9,45,38,62,32,45,25,234.59763872491143,0.4005450454732706,0.2116487625566435,196.9375165195327,343.28917703096056,3.874074040271559,1.0572297746934118,197.34187573059972,136.49196691700732,0.5973951896568115,0.2464384100747737,4.417456,3.8678594,3.3506675,3.1805599,3.0373552,2.9117844,2.7861385,3.6557667,3.256338,3.1089804,3.0346115,2.7637289,3.8955204,3.1247525,2.9854674,2.5426004,2.4697156,3.3905592,2.9974396,2.8673108,2.764485,2.5243223,2.52607,2.5548322,2.5228417,2.6247506,3.2055836,3.0516675,2.9102287,2.7678208,44.109474,73.37,8.01,7.82,8.3,9.4,8.81,6.7,29.500944699445206,0.38781,1.7746595702412584,-0.26128,15,30,62,8,36,25,970,830,0.4688644688644688,0.4574595163785404,3.108108108108108,6.334702,4.614259597806216,10.930847882308775,0.4446460980036297,8,16.0,302.0,0.11744,5.658365,8,8,7,7,8,8,15,24,58,12,45,25,229.6947527749748,0.3934377520268263,0.205314317246063,196.31357592722185,331.83933323994955,4.001538469095056,1.0282270045417887,197.4776254953765,135.00224967103867,0.5793539623922916,0.229364278506559,4.1772976,3.6923628,3.1591814,3.0322468,2.9187727,2.7830954,2.7155793,3.4851115,3.1448038,3.0030446,2.8784463,2.7195094,3.6455457,3.0406475,2.900513,2.4689143,2.4107082,3.2399862,2.872724,2.7816458,2.6961734,2.4562714,2.434792,2.4715717,2.4650176,2.5471063,3.0575552,2.9187703,2.8166387,2.7474127,44.11001,-13.730000000000004,0.9399999999999995,3.1799999999999997,3.5,2.4000000000000004,1.6899999999999995,3.2,-3.6847541067926635,0.23339,0.6514250371073418,-0.36144000000000004,0.0,10.0,-4.0,20.0,24.0,0.0,210.0,290.0,0.032524420024420075,-0.03541372304291207,0.5585585585585586,0.11592249999999993,0.18324386960016437,0.27791806630069615,0.006657057003228994,4.0,2.0,68.0,0.06079,0.0015460000000002694,2.0,4.0,2.0,3.0,1.0,1.0,30.0,14.0,4.0,20.0,0.0,0.0,4.902885949936632,0.007107293446444285,0.0063344453105805,0.623940592310845,11.449843791011006,-0.12746442882349696,0.029002770151623114,-0.1357497647767616,1.4897172459686487,0.018041227264519843,0.017074131568214718,0.24015839999999944,0.17549659999999978,0.1914861000000001,0.1483131000000002,0.11858250000000004,0.12868900000000005,0.07055919999999993,0.17065520000000012,0.11153419999999992,0.10593580000000014,0.15616520000000023,0.044219499999999634,0.2499747000000001,0.0841050000000001,0.08495439999999999,0.0736861000000002,0.0590073999999996,0.15057300000000007,0.12471560000000004,0.08566499999999966,0.06831159999999992,0.06805090000000025,0.09127799999999997,0.08326049999999974,0.057824099999999934,0.07764430000000022,0.14802840000000028,0.13289720000000038,0.09358999999999984,0.02040810000000004,-0.0005360000000038667
3,9,62.68,8.62,9.77,10.3,10.9,10.09,8.7,26.607566025205166,0.38669,1.6317300436552082,-0.26128,45,28,62,32,53,25,1100,880,0.5087040618955513,0.4444867293938547,3.321428571428572,6.9565315,4.751937984496124,11.316584406082574,0.4541984732824427,6,18.0,276.0,0.14923,6.1766195,10,10,9,10,9,8,45,43,68,22,38,25,237.82090223872203,0.4043352339578242,0.2097474884604941,199.82017777102485,343.4221292775665,3.92488759050948,1.0367906597882162,199.49404216315307,136.33754185899176,0.5977464023893565,0.240409494881314,4.5725765,4.0747013,3.5344381,3.3354297,3.2208087,3.080683,3.0206096,3.8344553,3.466875,3.2681823,3.2158797,2.9515316,4.038945,3.3258002,3.1616762,2.7743738,2.6963525,3.6129272,3.1204984,3.0570405,2.958781,2.6993678,2.7273047,2.6717181,2.7199259,2.7139828,3.376789,3.2124116,3.1383948,3.067352,28.72034,83.05,7.47,6.81,7.1,8.4,7.82,5.1,32.842290088709056,0.21678,1.166032880802802,0.19221,45,25,82,15,45,25,960,500,0.5116883116883116,0.4825529283095073,2.730769230769231,6.7211475,4.407792207792208,11.148128856443993,0.4498714652956298,5,15.0,222.0,0.09148,6.209481,5,7,6,7,8,6,15,27,58,15,34,25,228.10273582217155,0.3728932174724441,0.2418498862774829,197.0410118106575,339.1271170668156,3.748866761859495,1.0884119671079489,196.90548143385308,140.2207966408118,0.590715577068875,0.2812767170133941,4.4114566,4.0671163,3.5101483,3.3975823,3.276672,3.2045078,3.0915165,3.7912126,3.525401,3.2997324,3.2498922,3.073194,3.960428,3.3468854,3.1916764,2.863975,2.8132222,3.6320522,3.2487187,3.1710775,3.0461736,2.7644994,2.767047,2.7522473,2.7778437,2.7382402,3.4292467,3.2835543,3.2228138,3.1730618,29.456146,-20.369999999999997,1.1499999999999995,2.96,3.200000000000001,2.5,2.2699999999999996,3.5999999999999996,-6.23472406350389,0.16990999999999998,0.46569716285240625,-0.45349,0.0,3.0,-20.0,17.0,8.0,0.0,140.0,380.0,-0.0029842497927603517,-0.038066198915652605,0.5906593406593412,0.23538399999999982,0.34414577670391555,0.16845554963858156,0.004327007986812903,1.0,3.0,54.0,0.057749999999999996,-0.0328615000000001,5.0,3.0,3.0,3.0,1.0,2.0,30.0,16.0,10.0,7.0,4.0,0.0,9.718166416550474,0.03144201648538014,-0.032102397816988815,2.779165960367351,4.29501221075094,0.17602082864998492,-0.05162130731973269,2.588560729299985,-3.8832547818200567,0.007030825320481493,-0.04086722213208008,0.1611199000000001,0.007584999999999731,0.024289800000000028,-0.06215259999999967,-0.05586329999999995,-0.12382479999999996,-0.07090690000000022,0.04324269999999997,-0.05852600000000008,-0.031550100000000025,-0.03401250000000022,-0.12166239999999995,0.07851700000000017,-0.021085199999999915,-0.03000019999999992,-0.08960120000000016,-0.11686969999999963,-0.019124999999999837,-0.12822030000000018,-0.11403700000000017,-0.08739259999999982,-0.06513159999999996,-0.0397422999999999,-0.08052919999999997,-0.05791780000000024,-0.024257399999999762,-0.05245770000000016,-0.07114270000000023,-0.08441900000000002,-0.10570980000000008,-0.7358060000000002
3,10,75.44,7.01,9.83,9.9,10.0,7.37,8.0,33.298010359036155,0.34649,2.021799639556657,-1.00672,45,30,68,28,56,25,1120,1060,0.4739336492890995,0.4084821317247994,2.8,5.958867,4.256329113924051,10.1560813039268,0.4194053208137715,7,14.0,333.0,0.1082,5.4144373,8,10,8,7,9,8,15,37,65,18,42,25,226.55345577144885,0.3908634976013955,0.2142389882250327,196.5593341686057,321.3869946856153,4.095425891892235,1.005124291321413,196.80232852442415,134.346634685274,0.5903837767117314,0.2418596397835152,3.9878333,3.553505,3.1078422,2.9403403,2.854571,2.7528288,2.6653745,3.3399508,3.0652275,2.926922,2.8219988,2.645582,3.4568121,2.9250474,2.8498118,2.4618597,2.310932,3.1579576,2.8207397,2.7352962,2.6282504,2.3586283,2.3491344,2.402458,2.4531085,2.4562235,3.022829,2.8715844,2.808428,2.6790316,16.899853,79.8,6.43,7.81,7.3,9.1,6.55,6.3,37.43602999734219,0.27806,1.8224273279071284,-0.53587,45,30,68,8,38,25,940,950,0.466893039049236,0.4080676074067619,2.6,5.848283,4.177172061328791,10.038187915449187,0.426890756302521,7,14.0,314.0,0.07724,5.3744073,8,8,7,6,8,7,15,32,62,12,24,25,222.20669056152929,0.3958455580330947,0.2060790986973359,194.980315980316,312.0239745998834,4.221722572630815,0.977897742831436,194.35522841827347,130.86265305324102,0.5743457340687713,0.237845786232883,3.8629634,3.4013095,2.9569268,2.7882974,2.7263637,2.6400595,2.508415,3.1846044,2.9334357,2.796604,2.6652422,2.4936903,3.2873313,2.7553895,2.6901948,2.3236823,2.2068236,3.0127935,2.6588786,2.592242,2.4644785,2.2180574,2.2039301,2.2445796,2.2810814,2.3043432,2.8493319,2.7095678,2.6672666,2.532976,19.55528,-4.359999999999999,0.5800000000000001,2.0200000000000005,2.6000000000000005,0.9000000000000004,0.8200000000000003,1.7000000000000002,-4.138019638306034,0.06843000000000005,0.19937231164952873,-0.4708500000000001,0.0,0.0,0.0,20.0,18.0,0.0,180.0,110.0,0.007040610239863465,0.00041452431803751244,0.19999999999999973,0.11058399999999935,0.07915705259526007,0.11789338847761321,-0.00748543548874947,0.0,0.0,19.0,0.03096,0.040030000000000676,0.0,2.0,1.0,1.0,1.0,1.0,0.0,5.0,3.0,6.0,18.0,0.0,4.3467652099195675,-0.004982060431699187,0.008159889527696806,1.5790181882896945,9.363020085731932,-0.12629668073858014,0.027226548489976854,2.4471001061506854,3.483981632032993,0.01603804264296005,0.004013853550632218,0.1248699000000002,0.15219549999999993,0.1509153999999997,0.1520429000000001,0.12820730000000014,0.11276930000000007,0.15695950000000014,0.1553464,0.13179180000000024,0.13031799999999993,0.15675660000000002,0.15189170000000018,0.1694808000000001,0.1696578999999998,0.1596169999999999,0.1381774,0.10410840000000032,0.14516410000000013,0.16186109999999987,0.1430541999999999,0.16377190000000041,0.14057089999999972,0.14520430000000006,0.15787840000000042,0.17202709999999977,0.1518803000000002,0.17349710000000007,0.1620166000000003,0.1411614000000001,0.14605559999999995,-2.6554269999999995
